"dist","scenario","n","rep","scheme","i","j","entry","ref","num","err","err_type"
"exponential","rate_1",100,1,"A",1,1,"J_u[1,1]",100,100.000004768372,4.76837158203125e-08,"rel"
"exponential","rate_1",100,1,"B",1,1,"J_u[1,1]",100,100.000065488637,6.54886371904695e-07,"rel"
"exponential","rate_1",100,1,"C_richardson",1,1,"J_u[1,1]",100,100.000023841858,2.38418579101562e-07,"rel"
"exponential","rate_1",100,2,"A",1,1,"J_u[1,1]",100,100.000003814697,3.814697265625e-08,"rel"
"exponential","rate_1",100,2,"B",1,1,"J_u[1,1]",100,100.000065488637,6.54886371904695e-07,"rel"
"exponential","rate_1",100,2,"C_richardson",1,1,"J_u[1,1]",100,100.000003814697,3.814697265625e-08,"rel"
"exponential","rate_1",100,3,"A",1,1,"J_u[1,1]",100,100.000005722046,5.7220458984375e-08,"rel"
"exponential","rate_1",100,3,"B",1,1,"J_u[1,1]",100,100.000840586807,8.40586807100863e-06,"rel"
"exponential","rate_1",100,3,"C_richardson",1,1,"J_u[1,1]",100,100.000018437703,1.84377034457839e-07,"rel"
"exponential","rate_1",1000,1,"A",1,1,"J_u[1,1]",1000,1000.00003051758,3.0517578125e-08,"rel"
"exponential","rate_1",1000,1,"B",1,1,"J_u[1,1]",1000,1000.06886352532,6.88635253236498e-05,"rel"
"exponential","rate_1",1000,1,"C_richardson",1,1,"J_u[1,1]",1000,1000.00015258789,1.52587890625e-07,"rel"
"exponential","rate_1",1000,2,"A",1,1,"J_u[1,1]",1000,1000.00016784668,1.678466796875e-07,"rel"
"exponential","rate_1",1000,2,"B",1,1,"J_u[1,1]",1000,1000.04716077657,4.71607765663293e-05,"rel"
"exponential","rate_1",1000,2,"C_richardson",1,1,"J_u[1,1]",1000,1000.00059509277,5.950927734375e-07,"rel"
"exponential","rate_1",1000,3,"A",1,1,"J_u[1,1]",1000,999.999900817871,9.918212890625e-08,"rel"
"exponential","rate_1",1000,3,"B",1,1,"J_u[1,1]",1000,1000.00995606441,9.95606441074415e-06,"rel"
"exponential","rate_1",1000,3,"C_richardson",1,1,"J_u[1,1]",1000,1000.00023651123,2.3651123046875e-07,"rel"
"exponential","rate_1",10000,1,"A",1,1,"J_u[1,1]",10000,10000.0041503906,4.150390625e-07,"rel"
"exponential","rate_1",10000,1,"B",1,1,"J_u[1,1]",10000,10000.8250525311,8.2505253113959e-05,"rel"
"exponential","rate_1",10000,1,"C_richardson",1,1,"J_u[1,1]",10000,9999.96866861979,3.13313802089397e-06,"rel"
"exponential","rate_1",10000,2,"A",1,1,"J_u[1,1]",10000,9999.9990234375,9.765625e-08,"rel"
"exponential","rate_1",10000,2,"B",1,1,"J_u[1,1]",10000,9999.13843891342,8.6156108657633e-05,"rel"
"exponential","rate_1",10000,2,"C_richardson",1,1,"J_u[1,1]",10000,9999.9912109375,8.7890625e-07,"rel"
"exponential","rate_1",10000,3,"A",1,1,"J_u[1,1]",10000,10000.0052490234,5.2490234375e-07,"rel"
"exponential","rate_1",10000,3,"B",1,1,"J_u[1,1]",10000,10001.9163907544,0.000191639075436797,"rel"
"exponential","rate_1",10000,3,"C_richardson",1,1,"J_u[1,1]",10000,10000.0327555339,3.27555338535603e-06,"rel"
"exponential","rate_pequeno",100,1,"A",1,1,"J_u[1,1]",100,100.000005510814,5.51081352284655e-08,"rel"
"exponential","rate_pequeno",100,1,"B",1,1,"J_u[1,1]",100,99.9998294080105,1.70591989459012e-06,"rel"
"exponential","rate_pequeno",100,1,"C_richardson",1,1,"J_u[1,1]",100,99.9999976945662,2.30543378165748e-08,"rel"
"exponential","rate_pequeno",100,2,"A",1,1,"J_u[1,1]",100,100.000005750488,5.75048768780562e-08,"rel"
"exponential","rate_pequeno",100,2,"B",1,1,"J_u[1,1]",100,100.000367646117,3.67646117084064e-06,"rel"
"exponential","rate_pequeno",100,2,"C_richardson",1,1,"J_u[1,1]",100,99.9999975762465,2.42375348591395e-08,"rel"
"exponential","rate_pequeno",100,3,"A",1,1,"J_u[1,1]",100,100.000005743899,5.74389913765572e-08,"rel"
"exponential","rate_pequeno",100,3,"B",1,1,"J_u[1,1]",100,99.9997951762363,2.04823763738204e-06,"rel"
"exponential","rate_pequeno",100,3,"C_richardson",1,1,"J_u[1,1]",100,100.000000334133,3.34133076762555e-09,"rel"
"exponential","rate_pequeno",1000,1,"A",1,1,"J_u[1,1]",1000,1000.00003734898,3.73489805269855e-08,"rel"
"exponential","rate_pequeno",1000,1,"B",1,1,"J_u[1,1]",1000,999.99950262592,4.97374080396185e-07,"rel"
"exponential","rate_pequeno",1000,1,"C_richardson",1,1,"J_u[1,1]",1000,1000.00002358476,2.35847593330618e-08,"rel"
"exponential","rate_pequeno",1000,2,"A",1,1,"J_u[1,1]",1000,1000.0001044029,1.04402898841727e-07,"rel"
"exponential","rate_pequeno",1000,2,"B",1,1,"J_u[1,1]",1000,1000.00421731174,4.21731174037632e-06,"rel"
"exponential","rate_pequeno",1000,2,"C_richardson",1,1,"J_u[1,1]",1000,1000.00003593662,3.59366176780895e-08,"rel"
"exponential","rate_pequeno",1000,3,"A",1,1,"J_u[1,1]",1000,1000.0000412107,4.12107027614184e-08,"rel"
"exponential","rate_pequeno",1000,3,"B",1,1,"J_u[1,1]",1000,999.990384596584,9.61540341597811e-06,"rel"
"exponential","rate_pequeno",1000,3,"C_richardson",1,1,"J_u[1,1]",1000,1000.00002090966,2.09096560865873e-08,"rel"
"exponential","rate_pequeno",10000,1,"A",1,1,"J_u[1,1]",10000,10000.0024512099,2.45120987347036e-07,"rel"
"exponential","rate_pequeno",10000,1,"B",1,1,"J_u[1,1]",10000,10000.3768421343,3.76842134310209e-05,"rel"
"exponential","rate_pequeno",10000,1,"C_richardson",1,1,"J_u[1,1]",10000,10000.0041922809,4.1922808977688e-07,"rel"
"exponential","rate_pequeno",10000,2,"A",1,1,"J_u[1,1]",10000,10000.0016377878,1.63778783280577e-07,"rel"
"exponential","rate_pequeno",10000,2,"B",1,1,"J_u[1,1]",10000,10000.428080901,4.28080900977875e-05,"rel"
"exponential","rate_pequeno",10000,2,"C_richardson",1,1,"J_u[1,1]",10000,9999.9999419847,5.80152973270742e-09,"rel"
"exponential","rate_pequeno",10000,3,"A",1,1,"J_u[1,1]",10000,10000.0006154276,6.15427576121874e-08,"rel"
"exponential","rate_pequeno",10000,3,"B",1,1,"J_u[1,1]",10000,9999.69920265626,3.00797343736122e-05,"rel"
"exponential","rate_pequeno",10000,3,"C_richardson",1,1,"J_u[1,1]",10000,10000.0028501202,2.85012018139241e-07,"rel"
"exponential","rate_grande",100,1,"A",1,1,"J_u[1,1]",100,100.000005774645,5.77464545870043e-08,"rel"
"exponential","rate_grande",100,1,"B",1,1,"J_u[1,1]",100,100.000346033875,3.46033875274543e-06,"rel"
"exponential","rate_grande",100,1,"C_richardson",1,1,"J_u[1,1]",100,100.000005774645,5.77464545870043e-08,"rel"
"exponential","rate_grande",100,2,"A",1,1,"J_u[1,1]",100,100.00000530026,5.30025960188141e-08,"rel"
"exponential","rate_grande",100,2,"B",1,1,"J_u[1,1]",100,100.000285235204,2.85235203932643e-06,"rel"
"exponential","rate_grande",100,2,"C_richardson",1,1,"J_u[1,1]",100,100.000001142764,1.14276423346382e-08,"rel"
"exponential","rate_grande",100,3,"A",1,1,"J_u[1,1]",100,100.000004928066,4.92806631768872e-08,"rel"
"exponential","rate_grande",100,3,"B",1,1,"J_u[1,1]",100,100.000155888105,1.55888104742985e-06,"rel"
"exponential","rate_grande",100,3,"C_richardson",1,1,"J_u[1,1]",100,100.000002845374,2.84537422601261e-08,"rel"
"exponential","rate_grande",1000,1,"A",1,1,"J_u[1,1]",1000,1000.0000470244,4.70244018515586e-08,"rel"
"exponential","rate_grande",1000,1,"B",1,1,"J_u[1,1]",1000,1000.01175089585,1.17508958516055e-05,"rel"
"exponential","rate_grande",1000,1,"C_richardson",1,1,"J_u[1,1]",1000,1000.00014704528,1.47045284734304e-07,"rel"
"exponential","rate_grande",1000,2,"A",1,1,"J_u[1,1]",1000,1000.00005704907,5.7049070960602e-08,"rel"
"exponential","rate_grande",1000,2,"B",1,1,"J_u[1,1]",1000,1000.01012283411,1.01228341133037e-05,"rel"
"exponential","rate_grande",1000,2,"C_richardson",1,1,"J_u[1,1]",1000,999.999957299108,4.27008922088135e-08,"rel"
"exponential","rate_grande",1000,3,"A",1,1,"J_u[1,1]",1000,1000.00005441556,5.4415564250121e-08,"rel"
"exponential","rate_grande",1000,3,"B",1,1,"J_u[1,1]",1000,1000.00171037764,1.71037764323501e-06,"rel"
"exponential","rate_grande",1000,3,"C_richardson",1,1,"J_u[1,1]",1000,1000.00016876066,1.68760662631939e-07,"rel"
"exponential","rate_grande",10000,1,"A",1,1,"J_u[1,1]",10000,10000.0000187491,1.87490677490132e-09,"rel"
"exponential","rate_grande",10000,1,"B",1,1,"J_u[1,1]",10000,10000.053656485,5.36564850117429e-06,"rel"
"exponential","rate_grande",10000,1,"C_richardson",1,1,"J_u[1,1]",10000,9999.99735623466,2.64376534323674e-07,"rel"
"exponential","rate_grande",10000,2,"A",1,1,"J_u[1,1]",10000,10000.0007636167,7.63616681069834e-08,"rel"
"exponential","rate_grande",10000,2,"B",1,1,"J_u[1,1]",10000,9999.9670637359,3.29362640950421e-06,"rel"
"exponential","rate_grande",10000,2,"C_richardson",1,1,"J_u[1,1]",10000,10000.0028940636,2.89406355477695e-07,"rel"
"exponential","rate_grande",10000,3,"A",1,1,"J_u[1,1]",10000,9999.99960822134,3.91778663470177e-08,"rel"
"exponential","rate_grande",10000,3,"B",1,1,"J_u[1,1]",10000,9999.75268265152,2.47317348481374e-05,"rel"
"exponential","rate_grande",10000,3,"C_richardson",1,1,"J_u[1,1]",10000,9999.99492879455,5.071205445347e-07,"rel"
"poisson","lambda_1",100,1,"A",1,1,"J_u[1,1]",101,100.999980926514,1.88846399288366e-07,"rel"
"poisson","lambda_1",100,1,"B",1,1,"J_u[1,1]",101,100.992191146117,7.73153849770202e-05,"rel"
"poisson","lambda_1",100,1,"C_richardson",1,1,"J_u[1,1]",101,100.999965667725,3.39923518719059e-07,"rel"
"poisson","lambda_1",100,2,"A",1,1,"J_u[1,1]",98,98.0000095367432,9.73137057557398e-08,"rel"
"poisson","lambda_1",100,2,"B",1,1,"J_u[1,1]",98,97.9995371121089,4.72334582744164e-06,"rel"
"poisson","lambda_1",100,2,"C_richardson",1,1,"J_u[1,1]",98,98.0000578562419,5.90369814966491e-07,"rel"
"poisson","lambda_1",100,3,"A",1,1,"J_u[1,1]",73,72.999979019165,2.87408698095034e-07,"rel"
"poisson","lambda_1",100,3,"B",1,1,"J_u[1,1]",73,72.9921573073355,0.000107434146088994,"rel"
"poisson","lambda_1",100,3,"C_richardson",1,1,"J_u[1,1]",73,72.9998188018799,2.48216602900257e-06,"rel"
"poisson","lambda_1",1000,1,"A",1,1,"J_u[1,1]",990,989.99787902832,2.14239563604798e-06,"rel"
"poisson","lambda_1",1000,1,"B",1,1,"J_u[1,1]",990,989.397311922053,0.000608775836310037,"rel"
"poisson","lambda_1",1000,1,"C_richardson",1,1,"J_u[1,1]",990,989.994522094727,5.53323764993687e-06,"rel"
"poisson","lambda_1",1000,2,"A",1,1,"J_u[1,1]",1034,1033.99798583984,1.94793051861702e-06,"rel"
"poisson","lambda_1",1000,2,"B",1,1,"J_u[1,1]",1034,1033.35467933378,0.00062410122458234,"rel"
"poisson","lambda_1",1000,2,"C_richardson",1,1,"J_u[1,1]",1034,1033.98952229818,1.01331739100507e-05,"rel"
"poisson","lambda_1",1000,3,"A",1,1,"J_u[1,1]",951,950.999954223633,4.81349812697161e-08,"rel"
"poisson","lambda_1",1000,3,"B",1,1,"J_u[1,1]",951,950.623801070658,0.000395582470391133,"rel"
"poisson","lambda_1",1000,3,"C_richardson",1,1,"J_u[1,1]",951,951.000259399414,2.72764893861724e-07,"rel"
"poisson","lambda_1",10000,1,"A",1,1,"J_u[1,1]",10115,10114.8956298828,1.03183506858626e-05,"rel"
"poisson","lambda_1",10000,1,"B",1,1,"J_u[1,1]",10115,10070.6706988177,0.00438253101159257,"rel"
"poisson","lambda_1",10000,1,"C_richardson",1,1,"J_u[1,1]",10115,10114.1051025391,8.84723144772615e-05,"rel"
"poisson","lambda_1",10000,2,"A",1,1,"J_u[1,1]",10189,10189.228515625,2.24276793600942e-05,"rel"
"poisson","lambda_1",10000,2,"B",1,1,"J_u[1,1]",10189,10387.1587835539,0.0194483053836392,"rel"
"poisson","lambda_1",10000,2,"C_richardson",1,1,"J_u[1,1]",10189,10190.5514322917,0.000152265412863486,"rel"
"poisson","lambda_1",10000,3,"A",1,1,"J_u[1,1]",9852,9852.07177734375,7.2855606729598e-06,"rel"
"poisson","lambda_1",10000,3,"B",1,1,"J_u[1,1]",9852,9830.37786457606,0.00219469502882097,"rel"
"poisson","lambda_1",10000,3,"C_richardson",1,1,"J_u[1,1]",9852,9852.27880859375,2.82996948589119e-05,"rel"
"poisson","lambda_pequeno",100,1,"A",1,1,"J_u[1,1]",4,4.00000076464586,1.91161465989964e-07,"rel"
"poisson","lambda_pequeno",100,1,"B",1,1,"J_u[1,1]",4,4.00019151918067,4.7879795168182e-05,"rel"
"poisson","lambda_pequeno",100,1,"C_richardson",1,1,"J_u[1,1]",4,4.00000275891488,6.89728720359994e-07,"rel"
"poisson","lambda_pequeno",100,2,"A",1,1,"J_u[1,1]",4,4.00000071862427,1.79656067800238e-07,"rel"
"poisson","lambda_pequeno",100,2,"B",1,1,"J_u[1,1]",4,4.00018216817591,4.55420439775533e-05,"rel"
"poisson","lambda_pequeno",100,2,"C_richardson",1,1,"J_u[1,1]",4,4.00000277425541,6.93563853237933e-07,"rel"
"poisson","lambda_pequeno",100,3,"A",1,1,"J_u[1,1]",10,9.99999961670083,3.83299173734031e-08,"rel"
"poisson","lambda_pequeno",100,3,"B",1,1,"J_u[1,1]",10,9.999243619174,7.56380825999159e-05,"rel"
"poisson","lambda_pequeno",100,3,"C_richardson",1,1,"J_u[1,1]",10,9.9999883445886,1.16554113969158e-06,"rel"
"poisson","lambda_pequeno",1000,1,"A",1,1,"J_u[1,1]",49,48.9999310135975,1.40788576450571e-06,"rel"
"poisson","lambda_pequeno",1000,1,"B",1,1,"J_u[1,1]",49,48.9997881267563,4.32394374998968e-06,"rel"
"poisson","lambda_pequeno",1000,1,"C_richardson",1,1,"J_u[1,1]",49,48.9996886072614,6.35495384801511e-06,"rel"
"poisson","lambda_pequeno",1000,2,"A",1,1,"J_u[1,1]",47,47.0000280691414,5.9721577417683e-07,"rel"
"poisson","lambda_pequeno",1000,2,"B",1,1,"J_u[1,1]",47,47.0116349552526,0.000247552239416181,"rel"
"poisson","lambda_pequeno",1000,2,"C_richardson",1,1,"J_u[1,1]",47,47.0000835617916,1.77791045893115e-06,"rel"
"poisson","lambda_pequeno",1000,3,"A",1,1,"J_u[1,1]",42,41.9999913217176,2.0662577223821e-07,"rel"
"poisson","lambda_pequeno",1000,3,"B",1,1,"J_u[1,1]",42,41.9881220156922,0.000282809150185076,"rel"
"poisson","lambda_pequeno",1000,3,"C_richardson",1,1,"J_u[1,1]",42,41.9999093296508,2.15881783831373e-06,"rel"
"poisson","lambda_pequeno",10000,1,"A",1,1,"J_u[1,1]",514,513.993317898397,1.30001976719067e-05,"rel"
"poisson","lambda_pequeno",10000,1,"B",1,1,"J_u[1,1]",514,514.608390488706,0.0011836390830857,"rel"
"poisson","lambda_pequeno",10000,1,"C_richardson",1,1,"J_u[1,1]",514,514.009806922538,1.90796158329422e-05,"rel"
"poisson","lambda_pequeno",10000,2,"A",1,1,"J_u[1,1]",497,496.996409897979,7.22354531412739e-06,"rel"
"poisson","lambda_pequeno",10000,2,"B",1,1,"J_u[1,1]",497,495.944180082053,0.0021243861528117,"rel"
"poisson","lambda_pequeno",10000,2,"C_richardson",1,1,"J_u[1,1]",497,496.997179850679,5.67434471025408e-06,"rel"
"poisson","lambda_pequeno",10000,3,"A",1,1,"J_u[1,1]",508,508.001157337815,2.27822404586664e-06,"rel"
"poisson","lambda_pequeno",10000,3,"B",1,1,"J_u[1,1]",508,509.121620947232,0.00220791525045642,"rel"
"poisson","lambda_pequeno",10000,3,"C_richardson",1,1,"J_u[1,1]",508,508.026947346176,5.30459570399884e-05,"rel"
"poisson","lambda_grande",100,1,"A",1,1,"J_u[1,1]",79774,79774.0044263641,5.54862995377839e-08,"rel"
"poisson","lambda_grande",100,1,"B",1,1,"J_u[1,1]",79774,79774.001229694,1.54147219122e-08,"rel"
"poisson","lambda_grande",100,1,"C_richardson",1,1,"J_u[1,1]",79774,79774.0000135292,1.69594003988793e-10,"rel"
"poisson","lambda_grande",100,2,"A",1,1,"J_u[1,1]",79797,79797.0044244689,5.5446556588537e-08,"rel"
"poisson","lambda_grande",100,2,"B",1,1,"J_u[1,1]",79797,79797.0011530082,1.44492671194458e-08,"rel"
"poisson","lambda_grande",100,2,"C_richardson",1,1,"J_u[1,1]",79797,79797.0000082556,1.03457247709085e-10,"rel"
"poisson","lambda_grande",100,3,"A",1,1,"J_u[1,1]",80148,80148.0044476419,5.54928624860716e-08,"rel"
"poisson","lambda_grande",100,3,"B",1,1,"J_u[1,1]",80148,80147.9990399631,1.19783013170297e-08,"rel"
"poisson","lambda_grande",100,3,"C_richardson",1,1,"J_u[1,1]",80148,80147.9999936526,7.91956230926646e-11,"rel"
"poisson","lambda_grande",1000,1,"A",1,1,"J_u[1,1]",799478,799478.044340004,5.54611931128724e-08,"rel"
"poisson","lambda_grande",1000,1,"B",1,1,"J_u[1,1]",799478,799477.988872782,1.39181036535905e-08,"rel"
"poisson","lambda_grande",1000,1,"C_richardson",1,1,"J_u[1,1]",799478,799477.999800244,2.49857599257235e-10,"rel"
"poisson","lambda_grande",1000,2,"A",1,1,"J_u[1,1]",798558,798558.044258807,5.54234091175233e-08,"rel"
"poisson","lambda_grande",1000,2,"B",1,1,"J_u[1,1]",798558,798557.987007748,1.6269641628169e-08,"rel"
"poisson","lambda_grande",1000,2,"C_richardson",1,1,"J_u[1,1]",798558,798558.00000072,9.01661201189634e-13,"rel"
"poisson","lambda_grande",1000,3,"A",1,1,"J_u[1,1]",798680,798680.044274696,5.5434837959837e-08,"rel"
"poisson","lambda_grande",1000,3,"B",1,1,"J_u[1,1]",798680,798679.97767595,2.79511819023303e-08,"rel"
"poisson","lambda_grande",1000,3,"C_richardson",1,1,"J_u[1,1]",798680,798680.000013167,1.648556282109e-11,"rel"
"poisson","lambda_grande",10000,1,"A",1,1,"J_u[1,1]",8000974,8000974.44083952,5.50982316394138e-08,"rel"
"poisson","lambda_grande",10000,1,"B",1,1,"J_u[1,1]",8000974,8000972.16248436,2.2966149418781e-07,"rel"
"poisson","lambda_grande",10000,1,"C_richardson",1,1,"J_u[1,1]",8000974,8000973.97967544,2.54026047574184e-09,"rel"
"poisson","lambda_grande",10000,2,"A",1,1,"J_u[1,1]",8000005,8000005.45000324,5.62503702249523e-08,"rel"
"poisson","lambda_grande",10000,2,"B",1,1,"J_u[1,1]",8000005,8000006.61724156,2.02155069178929e-07,"rel"
"poisson","lambda_grande",10000,2,"C_richardson",1,1,"J_u[1,1]",8000005,8000005.02814659,3.51832179715318e-09,"rel"
"poisson","lambda_grande",10000,3,"A",1,1,"J_u[1,1]",8000796,8000796.44290159,5.53571901159701e-08,"rel"
"poisson","lambda_grande",10000,3,"B",1,1,"J_u[1,1]",8000796,8000795.49906153,6.26110791234645e-08,"rel"
"poisson","lambda_grande",10000,3,"C_richardson",1,1,"J_u[1,1]",8000796,8000795.98928142,1.33968935924641e-09,"rel"
"geometric","p_media",100,1,"A",1,1,"J_u[1,1]",51.9230769230769,51.9230823516846,1.04550962021221e-07,"rel"
"geometric","p_media",100,1,"B",1,1,"J_u[1,1]",51.9230769230769,51.9261516965359,5.92178592092367e-05,"rel"
"geometric","p_media",100,1,"C_richardson",1,1,"J_u[1,1]",51.9230769230769,51.9231204986572,8.39233398363814e-07,"rel"
"geometric","p_media",100,2,"A",1,1,"J_u[1,1]",52.1531100478469,52.1531162261963,1.18465598622899e-07,"rel"
"geometric","p_media",100,2,"B",1,1,"J_u[1,1]",52.1531100478469,52.1594562456777,0.000121683976755458,"rel"
"geometric","p_media",100,2,"C_richardson",1,1,"J_u[1,1]",52.1531100478469,52.1530831654867,5.15450760396098e-07,"rel"
"geometric","p_media",100,3,"A",1,1,"J_u[1,1]",50.9803921568627,50.9804096221924,3.42589158346567e-07,"rel"
"geometric","p_media",100,3,"B",1,1,"J_u[1,1]",50.9803921568627,50.9844074200997,7.87609327241157e-05,"rel"
"geometric","p_media",100,3,"C_richardson",1,1,"J_u[1,1]",50.9803921568627,50.980447769165,1.09085669891147e-06,"rel"
"geometric","p_media",1000,1,"A",1,1,"J_u[1,1]",507.874015748031,507.874740600586,1.42722906073866e-06,"rel"
"geometric","p_media",1000,1,"B",1,1,"J_u[1,1]",507.874015748031,507.224242386713,0.00127939871143304,"rel"
"geometric","p_media",1000,1,"C_richardson",1,1,"J_u[1,1]",507.874015748031,507.86540222168,1.69599666151334e-05,"rel"
"geometric","p_media",1000,2,"A",1,1,"J_u[1,1]",499.248873309965,499.249008178711,2.70143315685321e-07,"rel"
"geometric","p_media",1000,2,"B",1,1,"J_u[1,1]",499.248873309965,498.505938171607,0.00148810578866774,"rel"
"geometric","p_media",1000,2,"C_richardson",1,1,"J_u[1,1]",499.248873309965,499.247645060221,2.46019532389349e-06,"rel"
"geometric","p_media",1000,3,"A",1,1,"J_u[1,1]",481.865284974093,481.868377685547,6.41820764021624e-06,"rel"
"geometric","p_media",1000,3,"B",1,1,"J_u[1,1]",481.865284974093,482.514112730099,0.00134649200977477,"rel"
"geometric","p_media",1000,3,"C_richardson",1,1,"J_u[1,1]",481.865284974093,481.867197672526,3.9693634142251e-06,"rel"
"geometric","p_media",10000,1,"A",1,1,"J_u[1,1]",5031.79650238474,5031.53466796875,5.2035970823389e-05,"rel"
"geometric","p_media",10000,1,"B",1,1,"J_u[1,1]",5031.79650238474,4961.6204130581,0.0139465277050416,"rel"
"geometric","p_media",10000,1,"C_richardson",1,1,"J_u[1,1]",5031.79650238474,5030.51123046875,0.000255430026905538,"rel"
"geometric","p_media",10000,2,"A",1,1,"J_u[1,1]",4994.24337988687,4994.40014648438,3.13894589390196e-05,"rel"
"geometric","p_media",10000,2,"B",1,1,"J_u[1,1]",4994.24337988687,4997.58496814175,0.000669087988050207,"rel"
"geometric","p_media",10000,2,"C_richardson",1,1,"J_u[1,1]",4994.24337988687,4994.38549804688,2.84563945315073e-05,"rel"
"geometric","p_media",10000,3,"A",1,1,"J_u[1,1]",4997.49874937469,4997.34704589844,3.03558807833556e-05,"rel"
"geometric","p_media",10000,3,"B",1,1,"J_u[1,1]",4997.49874937469,4921.19129251578,0.0152691297558512,"rel"
"geometric","p_media",10000,3,"C_richardson",1,1,"J_u[1,1]",4997.49874937469,4997.20007324219,5.97651240109582e-05,"rel"
"geometric","p_pequena",100,1,"A",1,1,"J_u[1,1]",98.9279588336192,98.9279621498383,3.35215555216661e-08,"rel"
"geometric","p_pequena",100,1,"B",1,1,"J_u[1,1]",98.9279588336192,98.9280244115967,6.62886187764216e-07,"rel"
"geometric","p_pequena",100,1,"C_richardson",1,1,"J_u[1,1]",98.9279588336192,98.9279566844949,2.17241347998718e-08,"rel"
"geometric","p_pequena",100,2,"A",1,1,"J_u[1,1]",99.0333494441759,99.0333522184358,2.80133904257933e-08,"rel"
"geometric","p_pequena",100,2,"B",1,1,"J_u[1,1]",99.0333494441759,99.0330943865093,2.57547248559055e-06,"rel"
"geometric","p_pequena",100,2,"C_richardson",1,1,"J_u[1,1]",99.0333494441759,99.0333503197894,8.84160162672321e-09,"rel"
"geometric","p_pequena",100,3,"A",1,1,"J_u[1,1]",98.9553953828476,98.9553983139755,2.96206979873725e-08,"rel"
"geometric","p_pequena",100,3,"B",1,1,"J_u[1,1]",98.9553953828476,98.9558170502656,4.26118673331938e-06,"rel"
"geometric","p_pequena",100,3,"C_richardson",1,1,"J_u[1,1]",98.9553953828476,98.9554032254203,7.92536141943628e-08,"rel"
"geometric","p_pequena",1000,1,"A",1,1,"J_u[1,1]",990.1599984256,990.159977390407,2.12442359321104e-08,"rel"
"geometric","p_pequena",1000,1,"B",1,1,"J_u[1,1]",990.1599984256,990.124928351411,3.54185932011599e-05,"rel"
"geometric","p_pequena",1000,1,"C_richardson",1,1,"J_u[1,1]",990.1599984256,990.159541119706,4.61850503427572e-07,"rel"
"geometric","p_pequena",1000,2,"A",1,1,"J_u[1,1]",989.615999667712,989.616012093715,1.25563886252574e-08,"rel"
"geometric","p_pequena",1000,2,"B",1,1,"J_u[1,1]",989.615999667712,989.590632358652,2.56334871991549e-05,"rel"
"geometric","p_pequena",1000,2,"C_richardson",1,1,"J_u[1,1]",989.615999667712,989.615878855141,1.22080252178173e-07,"rel"
"geometric","p_pequena",1000,3,"A",1,1,"J_u[1,1]",988.832680045116,988.832695801695,1.593452498479e-08,"rel"
"geometric","p_pequena",1000,3,"B",1,1,"J_u[1,1]",988.832680045116,988.823971415333,8.80698014846814e-06,"rel"
"geometric","p_pequena",1000,3,"C_richardson",1,1,"J_u[1,1]",988.832680045116,988.832687704997,7.74638717776191e-09,"rel"
"geometric","p_pequena",10000,1,"A",1,1,"J_u[1,1]",9901.20012211665,9901.19571985546,4.44618948516964e-07,"rel"
"geometric","p_pequena",10000,1,"B",1,1,"J_u[1,1]",9901.20012211665,9899.66804661357,0.000154736343491817,"rel"
"geometric","p_pequena",10000,1,"C_richardson",1,1,"J_u[1,1]",9901.20012211665,9901.18032354317,1.99961350531976e-06,"rel"
"geometric","p_pequena",10000,2,"A",1,1,"J_u[1,1]",9900.92898887135,9900.92719390124,1.81293100490961e-07,"rel"
"geometric","p_pequena",10000,2,"B",1,1,"J_u[1,1]",9900.92898887135,9900.19306100872,7.43291728950504e-05,"rel"
"geometric","p_pequena",10000,2,"C_richardson",1,1,"J_u[1,1]",9900.92898887135,9900.93327385331,4.32785848448627e-07,"rel"
"geometric","p_pequena",10000,3,"A",1,1,"J_u[1,1]",9900.0430814319,9900.04171211953,1.38313779200886e-07,"rel"
"geometric","p_pequena",10000,3,"B",1,1,"J_u[1,1]",9900.0430814319,9899.04239538998,0.000101078958313217,"rel"
"geometric","p_pequena",10000,3,"C_richardson",1,1,"J_u[1,1]",9900.0430814319,9900.01424516355,2.91274170348155e-06,"rel"
"geometric","p_grande",100,1,"A",1,1,"J_u[1,1]",7.40740740740742,7.4074069220135,6.55281788031202e-08,"rel"
"geometric","p_grande",100,1,"B",1,1,"J_u[1,1]",7.40740740740742,7.4069425614291,6.2754207073361e-05,"rel"
"geometric","p_grande",100,1,"C_richardson",1,1,"J_u[1,1]",7.40740740740742,7.40740213817306,7.11346638233578e-07,"rel"
"geometric","p_grande",100,2,"A",1,1,"J_u[1,1]",5.66037735849058,5.66037849522309,2.00822743572359e-07,"rel"
"geometric","p_grande",100,2,"B",1,1,"J_u[1,1]",5.66037735849058,5.66139497034586,0.000179778094433003,"rel"
"geometric","p_grande",100,2,"C_richardson",1,1,"J_u[1,1]",5.66037735849058,5.66038463996983,1.28639466808818e-06,"rel"
"geometric","p_grande",100,3,"A",1,1,"J_u[1,1]",6.54205607476636,6.54205815311178,3.17689943346419e-07,"rel"
"geometric","p_grande",100,3,"B",1,1,"J_u[1,1]",6.54205607476636,6.54310615804806,0.000160512730203661,"rel"
"geometric","p_grande",100,3,"C_richardson",1,1,"J_u[1,1]",6.54205607476636,6.5420623337267,9.56726795678772e-07,"rel"
"geometric","p_grande",1000,1,"A",1,1,"J_u[1,1]",58.3804143126178,58.3803408239963,1.25878896710513e-06,"rel"
"geometric","p_grande",1000,1,"B",1,1,"J_u[1,1]",58.3804143126178,58.368150490137,0.000210067410879899,"rel"
"geometric","p_grande",1000,1,"C_richardson",1,1,"J_u[1,1]",58.3804143126178,58.3801625514195,4.31242568602752e-06,"rel"
"geometric","p_grande",1000,2,"A",1,1,"J_u[1,1]",33.8164251207729,33.816421051247,1.20341692798271e-07,"rel"
"geometric","p_grande",1000,2,"B",1,1,"J_u[1,1]",33.8164251207729,33.8146635586429,5.20919087012056e-05,"rel"
"geometric","p_grande",1000,2,"C_richardson",1,1,"J_u[1,1]",33.8164251207729,33.816428292359,9.37883326932773e-08,"rel"
"geometric","p_grande",1000,3,"A",1,1,"J_u[1,1]",39.3852065321805,39.3851821147796,6.19963763082243e-07,"rel"
"geometric","p_grande",1000,3,"B",1,1,"J_u[1,1]",39.3852065321805,39.3937844647482,0.000217795800072855,"rel"
"geometric","p_grande",1000,3,"C_richardson",1,1,"J_u[1,1]",39.3852065321805,39.3852247379042,4.62247766745767e-07,"rel"
"geometric","p_grande",10000,1,"A",1,1,"J_u[1,1]",487.062404870623,487.061821781054,1.19715577200595e-06,"rel"
"geometric","p_grande",10000,1,"B",1,1,"J_u[1,1]",487.062404870623,487.853355332014,0.00162392016604338,"rel"
"geometric","p_grande",10000,1,"C_richardson",1,1,"J_u[1,1]",487.062404870623,487.096392495213,6.97808417370385e-05,"rel"
"geometric","p_grande",10000,2,"A",1,1,"J_u[1,1]",487.062404870623,487.062051538448,7.25435120970809e-07,"rel"
"geometric","p_grande",10000,2,"B",1,1,"J_u[1,1]",487.062404870623,487.90741024982,0.0017349016691642,"rel"
"geometric","p_grande",10000,2,"C_richardson",1,1,"J_u[1,1]",487.062404870623,487.095827602972,6.86210473545859e-05,"rel"
"geometric","p_grande",10000,3,"A",1,1,"J_u[1,1]",510.533308028089,510.544257186841,2.14465120676145e-05,"rel"
"geometric","p_grande",10000,3,"B",1,1,"J_u[1,1]",510.533308028089,510.636772439522,0.000202659473546051,"rel"
"geometric","p_grande",10000,3,"C_richardson",1,1,"J_u[1,1]",510.533308028089,510.553923641422,4.03805452227573e-05,"rel"
"normal","mu_pos",100,1,"A",1,1,"J_u[1,1]",0.529588389227852,0.529588389666765,8.28782467821487e-10,"rel"
"normal","mu_pos",100,1,"A",1,2,"J_u[1,2]",0,2.57383945171132e-08,2.57383945171132e-08,"abs"
"normal","mu_pos",100,1,"A",2,1,"J_u[2,1]",0,2.57383945171132e-08,2.57383945171132e-08,"abs"
"normal","mu_pos",100,1,"A",2,2,"J_u[2,2]",200,200.00000928726,4.64362999252899e-08,"rel"
"normal","mu_pos",100,1,"B",1,1,"J_u[1,1]",0.529588389227852,0.529588249467398,2.63903922467572e-07,"rel"
"normal","mu_pos",100,1,"B",1,2,"J_u[1,2]",0,1.1953636068919e-05,1.1953636068919e-05,"abs"
"normal","mu_pos",100,1,"B",2,1,"J_u[2,1]",0,1.1953636068919e-05,1.1953636068919e-05,"abs"
"normal","mu_pos",100,1,"B",2,2,"J_u[2,2]",200,200.000480828176,2.4041408808273e-06,"rel"
"normal","mu_pos",100,1,"C_richardson",1,1,"J_u[1,1]",0.529588389227852,0.529588389147601,1.5153409064575e-10,"rel"
"normal","mu_pos",100,1,"C_richardson",1,2,"J_u[1,2]",0,5.02511512000781e-08,5.02511512000781e-08,"abs"
"normal","mu_pos",100,1,"C_richardson",2,1,"J_u[2,1]",0,5.02511512000781e-08,5.02511512000781e-08,"abs"
"normal","mu_pos",100,1,"C_richardson",2,2,"J_u[2,2]",200,199.999998917052,5.41473937687442e-09,"rel"
"normal","mu_pos",100,2,"A",1,1,"J_u[1,1]",0.387990823051592,0.387990825464363,6.21862728065659e-09,"rel"
"normal","mu_pos",100,2,"A",1,2,"J_u[1,2]",0,0,0,"abs"
"normal","mu_pos",100,2,"A",2,1,"J_u[2,1]",0,0,0,"abs"
"normal","mu_pos",100,2,"A",2,2,"J_u[2,2]",200,200.000010116589,5.05829451924456e-08,"rel"
"normal","mu_pos",100,2,"B",1,1,"J_u[1,1]",0.387990823051592,0.387992050900313,3.16463340803961e-06,"rel"
"normal","mu_pos",100,2,"B",1,2,"J_u[1,2]",0,-1.27122700369435e-05,1.27122700369435e-05,"abs"
"normal","mu_pos",100,2,"B",2,1,"J_u[2,1]",0,-1.27122700369435e-05,1.27122700369435e-05,"abs"
"normal","mu_pos",100,2,"B",2,2,"J_u[2,2]",200,200.000157744841,7.88724205449398e-07,"rel"
"normal","mu_pos",100,2,"C_richardson",1,1,"J_u[1,1]",0.387990823051592,0.387990828067558,1.29280518463194e-08,"rel"
"normal","mu_pos",100,2,"C_richardson",1,2,"J_u[1,2]",0,0,0,"abs"
"normal","mu_pos",100,2,"C_richardson",2,1,"J_u[2,1]",0,0,0,"abs"
"normal","mu_pos",100,2,"C_richardson",2,2,"J_u[2,2]",200,200.000008796514,4.3982569053469e-08,"rel"
"normal","mu_pos",100,3,"A",1,1,"J_u[1,1]",0.443168582262536,0.443168581050221,2.73556113206273e-09,"rel"
"normal","mu_pos",100,3,"A",1,2,"J_u[1,2]",0,0,0,"abs"
"normal","mu_pos",100,3,"A",2,1,"J_u[2,1]",0,0,0,"abs"
"normal","mu_pos",100,3,"A",2,2,"J_u[2,2]",200,200.000007759409,3.87970473525456e-08,"rel"
"normal","mu_pos",100,3,"B",1,1,"J_u[1,1]",0.443168582262536,0.443167258722402,2.98653872857029e-06,"rel"
"normal","mu_pos",100,3,"B",1,2,"J_u[1,2]",0,1.54358828216839e-05,1.54358828216839e-05,"abs"
"normal","mu_pos",100,3,"B",2,1,"J_u[2,1]",0,1.54358828216839e-05,1.54358828216839e-05,"abs"
"normal","mu_pos",100,3,"B",2,2,"J_u[2,2]",200,200.000734398841,3.67199420679754e-06,"rel"
"normal","mu_pos",100,3,"C_richardson",1,1,"J_u[1,1]",0.443168582262536,0.443168571259216,2.48287462048126e-08,"rel"
"normal","mu_pos",100,3,"C_richardson",1,2,"J_u[1,2]",0,0,0,"abs"
"normal","mu_pos",100,3,"C_richardson",2,1,"J_u[2,1]",0,0,0,"abs"
"normal","mu_pos",100,3,"C_richardson",2,2,"J_u[2,2]",200,200.000002216798,1.10839884825964e-08,"rel"
"normal","mu_pos",1000,1,"A",1,1,"J_u[1,1]",4.2586741781018,4.25867418438284,1.47488252601008e-09,"rel"
"normal","mu_pos",1000,1,"A",1,2,"J_u[1,2]",0,4.46004919441679e-07,4.46004919441679e-07,"abs"
"normal","mu_pos",1000,1,"A",2,1,"J_u[2,1]",0,4.46004919441679e-07,4.46004919441679e-07,"abs"
"normal","mu_pos",1000,1,"A",2,2,"J_u[2,2]",2000,2000.00003391183,1.695591618045e-08,"rel"
"normal","mu_pos",1000,1,"B",1,1,"J_u[1,1]",4.2586741781018,4.25868209128678,1.85813346040032e-06,"rel"
"normal","mu_pos",1000,1,"B",1,2,"J_u[1,2]",0,9.06225508230032e-05,9.06225508230032e-05,"abs"
"normal","mu_pos",1000,1,"B",2,1,"J_u[2,1]",0,9.06225508230032e-05,9.06225508230032e-05,"abs"
"normal","mu_pos",1000,1,"B",2,2,"J_u[2,2]",2000,2000.03165275372,1.58263768586266e-05,"rel"
"normal","mu_pos",1000,1,"C_richardson",1,1,"J_u[1,1]",4.2586741781018,4.25867441908114,5.65855315951997e-08,"rel"
"normal","mu_pos",1000,1,"C_richardson",1,2,"J_u[1,2]",0,4.46004919441679e-07,4.46004919441679e-07,"abs"
"normal","mu_pos",1000,1,"C_richardson",2,1,"J_u[2,1]",0,4.46004919441679e-07,4.46004919441679e-07,"abs"
"normal","mu_pos",1000,1,"C_richardson",2,2,"J_u[2,2]",2000,1999.99940031524,2.99842378922222e-07,"rel"
"normal","mu_pos",1000,2,"A",1,1,"J_u[1,1]",4.7106478807468,4.7106478978098,3.6222180295806e-09,"rel"
"normal","mu_pos",1000,2,"A",1,2,"J_u[1,2]",0,-3.39815313847662e-07,3.39815313847662e-07,"abs"
"normal","mu_pos",1000,2,"A",2,1,"J_u[2,1]",0,-3.39815313847662e-07,3.39815313847662e-07,"abs"
"normal","mu_pos",1000,2,"A",2,2,"J_u[2,2]",2000,2000.00003163049,1.5815247138562e-08,"rel"
"normal","mu_pos",1000,2,"B",1,1,"J_u[1,1]",4.7106478807468,4.71063774305414,2.15208033237464e-06,"rel"
"normal","mu_pos",1000,2,"B",1,2,"J_u[1,2]",0,0.000368246228771282,0.000368246228771282,"abs"
"normal","mu_pos",1000,2,"B",2,1,"J_u[2,1]",0,0.000368246228771282,0.000368246228771282,"abs"
"normal","mu_pos",1000,2,"B",2,2,"J_u[2,2]",2000,2000.00634829753,3.17414876337807e-06,"rel"
"normal","mu_pos",1000,2,"C_richardson",1,1,"J_u[1,1]",4.7106478807468,4.71064801045796,2.75357371417287e-08,"rel"
"normal","mu_pos",1000,2,"C_richardson",1,2,"J_u[1,2]",0,1.32150399829646e-06,1.32150399829646e-06,"abs"
"normal","mu_pos",1000,2,"C_richardson",2,1,"J_u[2,1]",0,1.32150399829646e-06,1.32150399829646e-06,"abs"
"normal","mu_pos",1000,2,"C_richardson",2,2,"J_u[2,2]",2000,1999.99990689862,4.65506876707877e-08,"rel"
"normal","mu_pos",1000,3,"A",1,1,"J_u[1,1]",4.89118128266573,4.89118136254526,1.63313380490827e-08,"rel"
"normal","mu_pos",1000,3,"A",1,2,"J_u[1,2]",0,5.74975754065789e-08,5.74975754065789e-08,"abs"
"normal","mu_pos",1000,3,"A",2,1,"J_u[2,1]",0,5.74975754065789e-08,5.74975754065789e-08,"abs"
"normal","mu_pos",1000,3,"A",2,2,"J_u[2,2]",2000,2000.00019646063,9.82303146201957e-08,"rel"
"normal","mu_pos",1000,3,"B",1,1,"J_u[1,1]",4.89118128266573,4.89119197892639,2.18684608862445e-06,"rel"
"normal","mu_pos",1000,3,"B",1,2,"J_u[1,2]",0,-0.000198607244628788,0.000198607244628788,"abs"
"normal","mu_pos",1000,3,"B",2,1,"J_u[2,1]",0,-0.000198607244628788,0.000198607244628788,"abs"
"normal","mu_pos",1000,3,"B",2,2,"J_u[2,2]",2000,2000.04178550308,2.08927515380992e-05,"rel"
"normal","mu_pos",1000,3,"C_richardson",1,1,"J_u[1,1]",4.89118128266573,4.89118188996113,1.24161294329877e-07,"rel"
"normal","mu_pos",1000,3,"C_richardson",1,2,"J_u[1,2]",0,-1.72492726219737e-07,1.72492726219737e-07,"abs"
"normal","mu_pos",1000,3,"C_richardson",2,1,"J_u[2,1]",0,-1.72492726219737e-07,1.72492726219737e-07,"abs"
"normal","mu_pos",1000,3,"C_richardson",2,2,"J_u[2,2]",2000,2000.00047821401,2.39107003039862e-07,"rel"
"normal","mu_pos",10000,1,"A",1,1,"J_u[1,1]",44.8007517873811,44.8007526654815,1.96001271110227e-08,"rel"
"normal","mu_pos",10000,1,"A",1,2,"J_u[1,2]",0,-3.38243980622668e-05,3.38243980622668e-05,"abs"
"normal","mu_pos",10000,1,"A",2,1,"J_u[2,1]",0,-3.38243980622668e-05,3.38243980622668e-05,"abs"
"normal","mu_pos",10000,1,"A",2,2,"J_u[2,2]",20000,20000.0039767017,1.98835084665916e-07,"rel"
"normal","mu_pos",10000,1,"B",1,1,"J_u[1,1]",44.8007517873811,44.8008767024911,2.78823691651289e-06,"rel"
"normal","mu_pos",10000,1,"B",1,2,"J_u[1,2]",0,-0.00806395543181404,0.00806395543181404,"abs"
"normal","mu_pos",10000,1,"B",2,1,"J_u[2,1]",0,-0.00806395543181404,0.00806395543181404,"abs"
"normal","mu_pos",10000,1,"B",2,2,"J_u[2,2]",20000,20000.9720856822,4.86042841104791e-05,"rel"
"normal","mu_pos",10000,1,"C_richardson",1,1,"J_u[1,1]",44.8007517873811,44.8007596829742,1.76237961082107e-07,"rel"
"normal","mu_pos",10000,1,"C_richardson",1,2,"J_u[1,2]",0,7.62176436336412e-05,7.62176436336412e-05,"abs"
"normal","mu_pos",10000,1,"C_richardson",2,1,"J_u[2,1]",0,7.62176436336412e-05,7.62176436336412e-05,"abs"
"normal","mu_pos",10000,1,"C_richardson",2,2,"J_u[2,2]",20000,20000.0013055526,6.52776323477155e-08,"rel"
"normal","mu_pos",10000,2,"A",1,1,"J_u[1,1]",44.6089839652103,44.6089842961958,7.41970529545829e-09,"rel"
"normal","mu_pos",10000,2,"A",1,2,"J_u[1,2]",0,-1.35296885465289e-06,1.35296885465289e-06,"abs"
"normal","mu_pos",10000,2,"A",2,1,"J_u[2,1]",0,-1.35296885465289e-06,1.35296885465289e-06,"abs"
"normal","mu_pos",10000,2,"A",2,2,"J_u[2,2]",20000,20000.0018994872,9.4974362400535e-08,"rel"
"normal","mu_pos",10000,2,"B",1,1,"J_u[1,1]",44.6089839652103,44.6095870314776,1.35189420079676e-05,"rel"
"normal","mu_pos",10000,2,"B",1,2,"J_u[1,2]",0,0.00806391330635713,0.00806391330635713,"abs"
"normal","mu_pos",10000,2,"B",2,1,"J_u[2,1]",0,0.00806391330635713,0.00806391330635713,"abs"
"normal","mu_pos",10000,2,"B",2,2,"J_u[2,2]",20000,20000.4932712376,2.46635618812434e-05,"rel"
"normal","mu_pos",10000,2,"C_richardson",1,1,"J_u[1,1]",44.6089839652103,44.6089971168027,2.94819367098869e-07,"rel"
"normal","mu_pos",10000,2,"C_richardson",1,2,"J_u[1,2]",0,-1.63859561285738e-05,1.63859561285738e-05,"abs"
"normal","mu_pos",10000,2,"C_richardson",2,1,"J_u[2,1]",0,-1.63859561285738e-05,1.63859561285738e-05,"abs"
"normal","mu_pos",10000,2,"C_richardson",2,2,"J_u[2,2]",20000,20000.0042997122,2.14985611091834e-07,"rel"
"normal","mu_pos",10000,3,"A",1,1,"J_u[1,1]",45.3400383290354,45.3400383476439,4.1042145496312e-10,"rel"
"normal","mu_pos",10000,3,"A",1,2,"J_u[1,2]",0,1.35605448763022e-06,1.35605448763022e-06,"abs"
"normal","mu_pos",10000,3,"A",2,1,"J_u[2,1]",0,1.35605448763022e-06,1.35605448763022e-06,"abs"
"normal","mu_pos",10000,3,"A",2,2,"J_u[2,2]",20000,19999.9974182959,1.29085203843715e-07,"rel"
"normal","mu_pos",10000,3,"B",1,1,"J_u[1,1]",45.3400383290354,45.3397718212733,5.87797831483385e-06,"rel"
"normal","mu_pos",10000,3,"B",1,2,"J_u[1,2]",0,0.00349008589513537,0.00349008589513537,"abs"
"normal","mu_pos",10000,3,"B",2,1,"J_u[2,1]",0,0.00349008589513537,0.00349008589513537,"abs"
"normal","mu_pos",10000,3,"B",2,2,"J_u[2,2]",20000,19999.7942798861,1.02860056944337e-05,"rel"
"normal","mu_pos",10000,3,"C_richardson",1,1,"J_u[1,1]",45.3400383290354,45.340031069402,1.6011528842049e-07,"rel"
"normal","mu_pos",10000,3,"C_richardson",1,2,"J_u[1,2]",0,-6.55426335687939e-05,6.55426335687939e-05,"abs"
"normal","mu_pos",10000,3,"C_richardson",2,1,"J_u[2,1]",0,-6.55426335687939e-05,6.55426335687939e-05,"abs"
"normal","mu_pos",10000,3,"C_richardson",2,2,"J_u[2,2]",20000,19999.9937515179,3.12424106959952e-07,"rel"
"normal","mu_cero",100,1,"A",1,1,"J_u[1,1]",100.025366383679,100.025369644165,3.25965948007795e-08,"rel"
"normal","mu_cero",100,1,"A",1,2,"J_u[1,2]",0,-1.9073486328125e-06,1.9073486328125e-06,"abs"
"normal","mu_cero",100,1,"A",2,1,"J_u[2,1]",0,-1.9073486328125e-06,1.9073486328125e-06,"abs"
"normal","mu_cero",100,1,"A",2,2,"J_u[2,2]",200,200.000003814697,1.9073486328125e-08,"rel"
"normal","mu_cero",100,1,"B",1,1,"J_u[1,1]",100.025366383679,100.023318433734,2.04743058522908e-05,"rel"
"normal","mu_cero",100,1,"B",1,2,"J_u[1,2]",0,-0.00058132362742976,0.00058132362742976,"abs"
"normal","mu_cero",100,1,"B",2,1,"J_u[2,1]",0,-0.00058132362742976,0.00058132362742976,"abs"
"normal","mu_cero",100,1,"B",2,2,"J_u[2,2]",200,200.001681173614,8.40586807100863e-06,"rel"
"normal","mu_cero",100,1,"C_richardson",1,1,"J_u[1,1]",100.025366383679,100.025397618612,3.12270117840341e-07,"rel"
"normal","mu_cero",100,1,"C_richardson",1,2,"J_u[1,2]",0,8.26517740885417e-06,8.26517740885417e-06,"abs"
"normal","mu_cero",100,1,"C_richardson",2,1,"J_u[2,1]",0,8.26517740885417e-06,8.26517740885417e-06,"abs"
"normal","mu_cero",100,1,"C_richardson",2,2,"J_u[2,2]",200,199.999968210856,1.58945719448411e-07,"rel"
"normal","mu_cero",100,2,"A",1,1,"J_u[1,1]",96.4161151068865,96.4161281585693,1.35368271745854e-07,"rel"
"normal","mu_cero",100,2,"A",1,2,"J_u[1,2]",0,4.76837158203125e-07,4.76837158203125e-07,"abs"
"normal","mu_cero",100,2,"A",2,1,"J_u[2,1]",0,4.76837158203125e-07,4.76837158203125e-07,"abs"
"normal","mu_cero",100,2,"A",2,2,"J_u[2,2]",200,200.000007629395,3.814697265625e-08,"rel"
"normal","mu_cero",100,2,"B",1,1,"J_u[1,1]",96.4161151068865,96.4206621400097,4.71605096116544e-05,"rel"
"normal","mu_cero",100,2,"B",1,2,"J_u[1,2]",0,-0.000775098169906346,0.000775098169906346,"abs"
"normal","mu_cero",100,2,"B",2,1,"J_u[2,1]",0,-0.000775098169906346,0.000775098169906346,"abs"
"normal","mu_cero",100,2,"B",2,2,"J_u[2,2]",200,200.003231369954,1.61568497699705e-05,"rel"
"normal","mu_cero",100,2,"C_richardson",1,1,"J_u[1,1]",96.4161151068865,96.4162120819092,1.00579682770575e-06,"rel"
"normal","mu_cero",100,2,"C_richardson",1,2,"J_u[1,2]",0,4.92731730143229e-06,4.92731730143229e-06,"abs"
"normal","mu_cero",100,2,"C_richardson",2,1,"J_u[2,1]",0,4.92731730143229e-06,4.92731730143229e-06,"abs"
"normal","mu_cero",100,2,"C_richardson",2,2,"J_u[2,2]",200,200.000038146973,1.9073486328125e-07,"rel"
"normal","mu_cero",100,3,"A",1,1,"J_u[1,1]",119.555388283287,119.5553855896,2.2530872597221e-08,"rel"
"normal","mu_cero",100,3,"A",1,2,"J_u[1,2]",0,-4.76837158203125e-07,4.76837158203125e-07,"abs"
"normal","mu_cero",100,3,"A",2,1,"J_u[2,1]",0,-4.76837158203125e-07,4.76837158203125e-07,"abs"
"normal","mu_cero",100,3,"A",2,2,"J_u[2,2]",200,199.999998092651,9.5367431640625e-09,"rel"
"normal","mu_cero",100,3,"B",1,1,"J_u[1,1]",119.555388283287,119.555017217204,3.10371692778331e-06,"rel"
"normal","mu_cero",100,3,"B",1,2,"J_u[1,2]",0,0,0,"abs"
"normal","mu_cero",100,3,"B",2,1,"J_u[2,1]",0,0,0,"abs"
"normal","mu_cero",100,3,"B",2,2,"J_u[2,2]",200,199.997805682765,1.09715861766801e-05,"rel"
"normal","mu_cero",100,3,"C_richardson",1,1,"J_u[1,1]",119.555388283287,119.555380503337,6.50740242621587e-08,"rel"
"normal","mu_cero",100,3,"C_richardson",1,2,"J_u[1,2]",0,-1.25567118326823e-05,1.25567118326823e-05,"abs"
"normal","mu_cero",100,3,"C_richardson",2,1,"J_u[2,1]",0,-1.25567118326823e-05,1.25567118326823e-05,"abs"
"normal","mu_cero",100,3,"C_richardson",2,2,"J_u[2,2]",200,200.000020980835,1.04904174804688e-07,"rel"
"normal","mu_cero",1000,1,"A",1,1,"J_u[1,1]",1055.99244242772,1055.99269104004,2.35430014253488e-07,"rel"
"normal","mu_cero",1000,1,"A",1,2,"J_u[1,2]",0,-5.7220458984375e-05,5.7220458984375e-05,"abs"
"normal","mu_cero",1000,1,"A",2,1,"J_u[2,1]",0,-5.7220458984375e-05,5.7220458984375e-05,"abs"
"normal","mu_cero",1000,1,"A",2,2,"J_u[2,2]",2000,2000.00006103516,3.0517578125e-08,"rel"
"normal","mu_cero",1000,1,"B",1,1,"J_u[1,1]",1055.99244242772,1055.96894353897,2.22528948217625e-05,"rel"
"normal","mu_cero",1000,1,"B",1,2,"J_u[1,2]",0,0.00620078535925077,0.00620078535925077,"abs"
"normal","mu_cero",1000,1,"B",2,1,"J_u[2,1]",0,0.00620078535925077,0.00620078535925077,"abs"
"normal","mu_cero",1000,1,"B",2,2,"J_u[2,2]",2000,2000.07571919705,3.78595985274615e-05,"rel"
"normal","mu_cero",1000,1,"C_richardson",1,1,"J_u[1,1]",1055.99244242772,1055.99258931478,1.39098585726791e-07,"rel"
"normal","mu_cero",1000,1,"C_richardson",1,2,"J_u[1,2]",0,0.000263214111328125,0.000263214111328125,"abs"
"normal","mu_cero",1000,1,"C_richardson",2,1,"J_u[2,1]",0,0.000263214111328125,0.000263214111328125,"abs"
"normal","mu_cero",1000,1,"C_richardson",2,2,"J_u[2,2]",2000,2000.00063069661,3.15348307253771e-07,"rel"
"normal","mu_cero",1000,2,"A",1,1,"J_u[1,1]",931.824621923957,931.824798583984,1.89585060910236e-07,"rel"
"normal","mu_cero",1000,2,"A",1,2,"J_u[1,2]",0,-9.1552734375e-05,9.1552734375e-05,"abs"
"normal","mu_cero",1000,2,"A",2,1,"J_u[2,1]",0,-9.1552734375e-05,9.1552734375e-05,"abs"
"normal","mu_cero",1000,2,"A",2,2,"J_u[2,2]",2000,2000.00006103516,3.0517578125e-08,"rel"
"normal","mu_cero",1000,2,"B",1,1,"J_u[1,1]",931.824621923957,931.878826929643,5.81708235766307e-05,"rel"
"normal","mu_cero",1000,2,"B",1,2,"J_u[1,2]",0,0.0186023560777523,0.0186023560777523,"abs"
"normal","mu_cero",1000,2,"B",2,1,"J_u[2,1]",0,0.0186023560777523,0.0186023560777523,"abs"
"normal","mu_cero",1000,2,"B",2,2,"J_u[2,2]",2000,2000.02611291418,1.30564570904426e-05,"rel"
"normal","mu_cero",1000,2,"C_richardson",1,1,"J_u[1,1]",931.824621923957,931.825653076172,1.10659472924859e-06,"rel"
"normal","mu_cero",1000,2,"C_richardson",1,2,"J_u[1,2]",0,-0.000152587890625,0.000152587890625,"abs"
"normal","mu_cero",1000,2,"C_richardson",2,1,"J_u[2,1]",0,-0.000152587890625,0.000152587890625,"abs"
"normal","mu_cero",1000,2,"C_richardson",2,2,"J_u[2,2]",2000,2000.00136311849,6.81559244753771e-07,"rel"
"normal","mu_cero",1000,3,"A",1,1,"J_u[1,1]",1096.31773293332,1096.31755065918,1.66260320470069e-07,"rel"
"normal","mu_cero",1000,3,"A",1,2,"J_u[1,2]",0,5.7220458984375e-05,5.7220458984375e-05,"abs"
"normal","mu_cero",1000,3,"A",2,1,"J_u[2,1]",0,5.7220458984375e-05,5.7220458984375e-05,"abs"
"normal","mu_cero",1000,3,"A",2,2,"J_u[2,2]",2000,1999.99974060059,1.2969970703125e-07,"rel"
"normal","mu_cero",1000,3,"B",1,1,"J_u[1,1]",1096.31773293332,1096.22444209123,8.50947123168726e-05,"rel"
"normal","mu_cero",1000,3,"B",1,2,"J_u[1,2]",0,0,0,"abs"
"normal","mu_cero",1000,3,"B",2,1,"J_u[2,1]",0,0,0,"abs"
"normal","mu_cero",1000,3,"B",2,2,"J_u[2,2]",2000,2000.04471527026,2.23576351293104e-05,"rel"
"normal","mu_cero",1000,3,"C_richardson",1,1,"J_u[1,1]",1096.31773293332,1096.31635030111,1.26116012636919e-06,"rel"
"normal","mu_cero",1000,3,"C_richardson",1,2,"J_u[1,2]",0,-8.0108642578125e-05,8.0108642578125e-05,"abs"
"normal","mu_cero",1000,3,"C_richardson",2,1,"J_u[2,1]",0,-8.0108642578125e-05,8.0108642578125e-05,"abs"
"normal","mu_cero",1000,3,"C_richardson",2,2,"J_u[2,2]",2000,2000.0004119873,2.0599365234375e-07,"rel"
"normal","mu_cero",10000,1,"A",1,1,"J_u[1,1]",9998.2470773321,9998.24743652344,3.59254313660401e-08,"rel"
"normal","mu_cero",10000,1,"A",1,2,"J_u[1,2]",0,-0.000762939453125,0.000762939453125,"abs"
"normal","mu_cero",10000,1,"A",2,1,"J_u[2,1]",0,-0.000762939453125,0.000762939453125,"abs"
"normal","mu_cero",10000,1,"A",2,2,"J_u[2,2]",20000,19999.9987792969,6.103515625e-08,"rel"
"normal","mu_cero",10000,1,"B",1,1,"J_u[1,1]",9998.2470773321,9999.83292687366,0.000158612757745987,"rel"
"normal","mu_cero",10000,1,"B",1,2,"J_u[1,2]",0,0.210826702214526,0.210826702214526,"abs"
"normal","mu_cero",10000,1,"B",2,1,"J_u[2,1]",0,0.210826702214526,0.210826702214526,"abs"
"normal","mu_cero",10000,1,"B",2,2,"J_u[2,2]",20000,20001.2036485164,6.01824258206761e-05,"rel"
"normal","mu_cero",10000,1,"C_richardson",1,1,"J_u[1,1]",9998.2470773321,9998.26452636719,1.74520943063286e-06,"rel"
"normal","mu_cero",10000,1,"C_richardson",1,2,"J_u[1,2]",0,0.0139261881510417,0.0139261881510417,"abs"
"normal","mu_cero",10000,1,"C_richardson",2,1,"J_u[2,1]",0,0.0139261881510417,0.0139261881510417,"abs"
"normal","mu_cero",10000,1,"C_richardson",2,2,"J_u[2,2]",20000,20000.0225423177,1.12711588535603e-06,"rel"
"normal","mu_cero",10000,2,"A",1,1,"J_u[1,1]",9889.70048021633,9889.69616699219,4.36132940008929e-07,"rel"
"normal","mu_cero",10000,2,"A",1,2,"J_u[1,2]",0,0.00091552734375,0.00091552734375,"abs"
"normal","mu_cero",10000,2,"A",2,1,"J_u[2,1]",0,0.00091552734375,0.00091552734375,"abs"
"normal","mu_cero",10000,2,"A",2,2,"J_u[2,2]",20000,20000.0025634766,1.28173828125e-07,"rel"
"normal","mu_cero",10000,2,"B",1,1,"J_u[1,1]",9889.70048021633,9887.07784590104,0.000265188447368722,"rel"
"normal","mu_cero",10000,2,"B",1,2,"J_u[1,2]",0,0.334842409399542,0.334842409399542,"abs"
"normal","mu_cero",10000,2,"B",2,1,"J_u[2,1]",0,0.334842409399542,0.334842409399542,"abs"
"normal","mu_cero",10000,2,"B",2,2,"J_u[2,2]",20000,19995.5981385517,0.00022009307241733,"rel"
"normal","mu_cero",10000,2,"C_richardson",1,1,"J_u[1,1]",9889.70048021633,9889.65791829427,4.30366138463415e-06,"rel"
"normal","mu_cero",10000,2,"C_richardson",1,2,"J_u[1,2]",0,0.00213623046875,0.00213623046875,"abs"
"normal","mu_cero",10000,2,"C_richardson",2,1,"J_u[2,1]",0,0.00213623046875,0.00213623046875,"abs"
"normal","mu_cero",10000,2,"C_richardson",2,2,"J_u[2,2]",20000,19999.9984944661,7.52766927689663e-08,"rel"
"normal","mu_cero",10000,3,"A",1,1,"J_u[1,1]",9824.44381070881,9824.4375,6.423476921114e-07,"rel"
"normal","mu_cero",10000,3,"A",1,2,"J_u[1,2]",0,-0.0013427734375,0.0013427734375,"abs"
"normal","mu_cero",10000,3,"A",2,1,"J_u[2,1]",0,-0.0013427734375,0.0013427734375,"abs"
"normal","mu_cero",10000,3,"A",2,2,"J_u[2,2]",20000,19999.9964599609,1.77001953125e-07,"rel"
"normal","mu_cero",10000,3,"B",1,1,"J_u[1,1]",9824.44381070881,9823.87944151956,5.74454086278351e-05,"rel"
"normal","mu_cero",10000,3,"B",1,2,"J_u[1,2]",0,0.0992125657480123,0.0992125657480123,"abs"
"normal","mu_cero",10000,3,"B",2,1,"J_u[2,1]",0,0.0992125657480123,0.0992125657480123,"abs"
"normal","mu_cero",10000,3,"B",2,2,"J_u[2,2]",20000,19996.5406579263,0.000172967103687188,"rel"
"normal","mu_cero",10000,3,"C_richardson",1,1,"J_u[1,1]",9824.44381070881,9824.45052083333,6.83002992855289e-07,"rel"
"normal","mu_cero",10000,3,"C_richardson",1,2,"J_u[1,2]",0,-0.0008544921875,0.0008544921875,"abs"
"normal","mu_cero",10000,3,"C_richardson",2,1,"J_u[2,1]",0,-0.0008544921875,0.0008544921875,"abs"
"normal","mu_cero",10000,3,"C_richardson",2,2,"J_u[2,2]",20000,19999.9438883464,2.80558268223103e-06,"rel"
"normal","mu_neg",100,1,"A",1,1,"J_u[1,1]",0.248290335122792,0.248290328787627,2.55151488751683e-08,"rel"
"normal","mu_neg",100,1,"A",1,2,"J_u[1,2]",0,-3.20105307102925e-08,3.20105307102925e-08,"abs"
"normal","mu_neg",100,1,"A",2,1,"J_u[2,1]",0,-3.20105307102925e-08,3.20105307102925e-08,"abs"
"normal","mu_neg",100,1,"A",2,2,"J_u[2,2]",200,200.000008923555,4.46177749324761e-08,"rel"
"normal","mu_neg",100,1,"B",1,1,"J_u[1,1]",0.248290335122792,0.248293827905594,1.40673329057654e-05,"rel"
"normal","mu_neg",100,1,"B",1,2,"J_u[1,2]",0,2.60165376632722e-06,2.60165376632722e-06,"abs"
"normal","mu_neg",100,1,"B",2,1,"J_u[2,1]",0,2.60165376632722e-06,2.60165376632722e-06,"abs"
"normal","mu_neg",100,1,"B",2,2,"J_u[2,2]",200,200.0005718428,2.85921399893141e-06,"rel"
"normal","mu_neg",100,1,"C_richardson",1,1,"J_u[1,1]",0.248290335122792,0.248290382394191,1.90387591538711e-07,"rel"
"normal","mu_neg",100,1,"C_richardson",1,2,"J_u[1,2]",0,7.8959309085388e-08,7.8959309085388e-08,"abs"
"normal","mu_neg",100,1,"C_richardson",2,1,"J_u[2,1]",0,7.8959309085388e-08,7.8959309085388e-08,"abs"
"normal","mu_neg",100,1,"C_richardson",2,2,"J_u[2,2]",200,200.000014578112,7.28905591529383e-08,"rel"
"normal","mu_neg",100,2,"A",1,1,"J_u[1,1]",0.242151485623855,0.242151485652045,1.16414984296668e-10,"rel"
"normal","mu_neg",100,2,"A",1,2,"J_u[1,2]",0,-2.4769538671545e-08,2.4769538671545e-08,"abs"
"normal","mu_neg",100,2,"A",2,1,"J_u[2,1]",0,-2.4769538671545e-08,2.4769538671545e-08,"abs"
"normal","mu_neg",100,2,"A",2,2,"J_u[2,2]",200,200.000009922839,4.96141926475957e-08,"rel"
"normal","mu_neg",100,2,"B",1,1,"J_u[1,1]",0.242151485623855,0.24215133308937,6.29913480879046e-07,"rel"
"normal","mu_neg",100,2,"B",1,2,"J_u[1,2]",0,-2.51642827161456e-06,2.51642827161456e-06,"abs"
"normal","mu_neg",100,2,"B",2,1,"J_u[2,1]",0,-2.51642827161456e-06,2.51642827161456e-06,"abs"
"normal","mu_neg",100,2,"B",2,2,"J_u[2,2]",200,199.999480849231,2.59575384561117e-06,"rel"
"normal","mu_neg",100,2,"C_richardson",1,1,"J_u[1,1]",0.242151485623855,0.242151477871815,3.20131821671966e-08,"rel"
"normal","mu_neg",100,2,"C_richardson",1,2,"J_u[1,2]",0,-1.56873744919785e-07,1.56873744919785e-07,"abs"
"normal","mu_neg",100,2,"C_richardson",2,1,"J_u[2,1]",0,-1.56873744919785e-07,1.56873744919785e-07,"abs"
"normal","mu_neg",100,2,"C_richardson",2,2,"J_u[2,2]",200,199.999998707539,6.46230532197478e-09,"rel"
"normal","mu_neg",100,3,"A",1,1,"J_u[1,1]",0.273089656985296,0.2730896390818,6.55590430329641e-08,"rel"
"normal","mu_neg",100,3,"A",1,2,"J_u[1,2]",0,6.21076931308574e-08,6.21076931308574e-08,"abs"
"normal","mu_neg",100,3,"A",2,1,"J_u[2,1]",0,6.21076931308574e-08,6.21076931308574e-08,"abs"
"normal","mu_neg",100,3,"A",2,2,"J_u[2,2]",200,200.000006153928,3.07696417678471e-08,"rel"
"normal","mu_neg",100,3,"B",1,1,"J_u[1,1]",0.273089656985296,0.273082566369944,2.59644229335932e-05,"rel"
"normal","mu_neg",100,3,"B",1,2,"J_u[1,2]",0,2.80433258414197e-06,2.80433258414197e-06,"abs"
"normal","mu_neg",100,3,"B",2,1,"J_u[2,1]",0,2.80433258414197e-06,2.80433258414197e-06,"abs"
"normal","mu_neg",100,3,"B",2,2,"J_u[2,2]",200,199.998611477395,6.94261302328414e-06,"rel"
"normal","mu_neg",100,3,"C_richardson",1,1,"J_u[1,1]",0.273089656985296,0.273089594999724,2.26978834324273e-07,"rel"
"normal","mu_neg",100,3,"C_richardson",1,2,"J_u[1,2]",0,-2.41529917731112e-07,2.41529917731112e-07,"abs"
"normal","mu_neg",100,3,"C_richardson",2,1,"J_u[2,1]",0,-2.41529917731112e-07,2.41529917731112e-07,"abs"
"normal","mu_neg",100,3,"C_richardson",2,2,"J_u[2,2]",200,199.999990974055,4.51297250947391e-08,"rel"
"normal","mu_neg",1000,1,"A",1,1,"J_u[1,1]",2.420494084684,2.42049407303338,4.81332032028772e-09,"rel"
"normal","mu_neg",1000,1,"A",1,2,"J_u[1,2]",0,2.03214689447727e-07,2.03214689447727e-07,"abs"
"normal","mu_neg",1000,1,"A",2,1,"J_u[2,1]",0,2.03214689447727e-07,2.03214689447727e-07,"abs"
"normal","mu_neg",1000,1,"A",2,2,"J_u[2,2]",2000,2000.00011336559,5.66827926604674e-08,"rel"
"normal","mu_neg",1000,1,"B",1,1,"J_u[1,1]",2.420494084684,2.4205249003214,1.27311351815535e-05,"rel"
"normal","mu_neg",1000,1,"B",1,2,"J_u[1,2]",0,-4.12906511110031e-05,4.12906511110031e-05,"abs"
"normal","mu_neg",1000,1,"B",2,1,"J_u[2,1]",0,-4.12906511110031e-05,4.12906511110031e-05,"abs"
"normal","mu_neg",1000,1,"B",2,2,"J_u[2,2]",2000,2000.03747508876,1.87375443784958e-05,"rel"
"normal","mu_neg",1000,1,"C_richardson",1,1,"J_u[1,1]",2.420494084684,2.42049453131837,1.84521984939982e-07,"rel"
"normal","mu_neg",1000,1,"C_richardson",1,2,"J_u[1,2]",0,1.5579792857659e-06,1.5579792857659e-06,"abs"
"normal","mu_neg",1000,1,"C_richardson",2,1,"J_u[2,1]",0,1.5579792857659e-06,1.5579792857659e-06,"abs"
"normal","mu_neg",1000,1,"C_richardson",2,2,"J_u[2,2]",2000,1999.99988909099,5.54545032400711e-08,"rel"
"normal","mu_neg",1000,2,"A",1,1,"J_u[1,1]",2.69286778398045,2.69286745880655,1.20753757992163e-07,"rel"
"normal","mu_neg",1000,2,"A",1,2,"J_u[1,2]",0,-5.21484552757142e-07,5.21484552757142e-07,"abs"
"normal","mu_neg",1000,2,"A",2,1,"J_u[2,1]",0,-5.21484552757142e-07,5.21484552757142e-07,"abs"
"normal","mu_neg",1000,2,"A",2,2,"J_u[2,2]",2000,2000.00003392508,1.69625417356656e-08,"rel"
"normal","mu_neg",1000,2,"B",1,1,"J_u[1,1]",2.69286778398045,2.69275219165234,4.29253633623771e-05,"rel"
"normal","mu_neg",1000,2,"B",1,2,"J_u[1,2]",0,-4.23836225347508e-05,4.23836225347508e-05,"abs"
"normal","mu_neg",1000,2,"B",2,1,"J_u[2,1]",0,-4.23836225347508e-05,4.23836225347508e-05,"abs"
"normal","mu_neg",1000,2,"B",2,2,"J_u[2,2]",2000,1999.99790956267,1.04521866705909e-06,"rel"
"normal","mu_neg",1000,2,"C_richardson",1,1,"J_u[1,1]",2.69286778398045,2.69286616087703,6.02741594332954e-07,"rel"
"normal","mu_neg",1000,2,"C_richardson",1,2,"J_u[1,2]",0,-3.16367295339333e-06,3.16367295339333e-06,"abs"
"normal","mu_neg",1000,2,"C_richardson",2,1,"J_u[2,1]",0,-3.16367295339333e-06,3.16367295339333e-06,"abs"
"normal","mu_neg",1000,2,"C_richardson",2,2,"J_u[2,2]",2000,1999.99986657484,6.67125797235713e-08,"rel"
"normal","mu_neg",1000,3,"A",1,1,"J_u[1,1]",2.41221075032057,2.41221064525665,4.35550315541542e-08,"rel"
"normal","mu_neg",1000,3,"A",1,2,"J_u[1,2]",0,8.05265823611999e-07,8.05265823611999e-07,"abs"
"normal","mu_neg",1000,3,"A",2,1,"J_u[2,1]",0,8.05265823611999e-07,8.05265823611999e-07,"abs"
"normal","mu_neg",1000,3,"A",2,2,"J_u[2,2]",2000,2000.00019591197,9.79559845291078e-08,"rel"
"normal","mu_neg",1000,3,"B",1,1,"J_u[1,1]",2.41221075032057,2.41231342245603,4.25635013207164e-05,"rel"
"normal","mu_neg",1000,3,"B",1,2,"J_u[1,2]",0,0.00012271486228951,0.00012271486228951,"abs"
"normal","mu_neg",1000,3,"B",2,1,"J_u[2,1]",0,0.00012271486228951,0.00012271486228951,"abs"
"normal","mu_neg",1000,3,"B",2,2,"J_u[2,2]",2000,2000.00798474405,3.99237202270797e-06,"rel"
"normal","mu_neg",1000,3,"C_richardson",1,1,"J_u[1,1]",2.41221075032057,2.41221257500803,7.56437829854417e-07,"rel"
"normal","mu_neg",1000,3,"C_richardson",1,2,"J_u[1,2]",0,2.415797470836e-06,2.415797470836e-06,"abs"
"normal","mu_neg",1000,3,"C_richardson",2,1,"J_u[2,1]",0,2.415797470836e-06,2.415797470836e-06,"abs"
"normal","mu_neg",1000,3,"C_richardson",2,2,"J_u[2,2]",2000,2000.00009734337,4.8671684112378e-08,"rel"
"normal","mu_neg",10000,1,"A",1,1,"J_u[1,1]",24.5485077365205,24.5485107183309,1.21466052491682e-07,"rel"
"normal","mu_neg",10000,1,"A",1,2,"J_u[1,2]",0,-1.4593436338163e-05,1.4593436338163e-05,"abs"
"normal","mu_neg",10000,1,"A",2,1,"J_u[2,1]",0,-1.4593436338163e-05,1.4593436338163e-05,"abs"
"normal","mu_neg",10000,1,"A",2,2,"J_u[2,2]",20000,20000.0021056194,1.05280968818988e-07,"rel"
"normal","mu_neg",10000,1,"B",1,1,"J_u[1,1]",24.5485077365205,24.5503621013591,7.55388009100045e-05,"rel"
"normal","mu_neg",10000,1,"B",1,2,"J_u[1,2]",0,-0.00098840047765465,0.00098840047765465,"abs"
"normal","mu_neg",10000,1,"B",2,1,"J_u[2,1]",0,-0.00098840047765465,0.00098840047765465,"abs"
"normal","mu_neg",10000,1,"B",2,2,"J_u[2,2]",20000,20000.2113313091,1.05665654542463e-05,"rel"
"normal","mu_neg",10000,1,"C_richardson",1,1,"J_u[1,1]",24.5485077365205,24.5485044951262,1.32040383722628e-07,"rel"
"normal","mu_neg",10000,1,"C_richardson",1,2,"J_u[1,2]",0,0.000203767611092128,0.000203767611092128,"abs"
"normal","mu_neg",10000,1,"C_richardson",2,1,"J_u[2,1]",0,0.000203767611092128,0.000203767611092128,"abs"
"normal","mu_neg",10000,1,"C_richardson",2,2,"J_u[2,2]",20000,19999.9982119552,8.94022419743123e-08,"rel"
"normal","mu_neg",10000,2,"A",1,1,"J_u[1,1]",24.9626894164603,24.9626986300654,3.69095049933681e-07,"rel"
"normal","mu_neg",10000,2,"A",1,2,"J_u[1,2]",0,2.52562816846924e-05,2.52562816846924e-05,"abs"
"normal","mu_neg",10000,2,"A",2,1,"J_u[2,1]",0,2.52562816846924e-05,2.52562816846924e-05,"abs"
"normal","mu_neg",10000,2,"A",2,2,"J_u[2,2]",20000,20000.0021045986,1.05229930341011e-07,"rel"
"normal","mu_neg",10000,2,"B",1,1,"J_u[1,1]",24.9626894164603,24.9643779055575,6.76405121673993e-05,"rel"
"normal","mu_neg",10000,2,"B",1,2,"J_u[1,2]",0,-0.00165540534152613,0.00165540534152613,"abs"
"normal","mu_neg",10000,2,"B",2,1,"J_u[2,1]",0,-0.00165540534152613,0.00165540534152613,"abs"
"normal","mu_neg",10000,2,"B",2,2,"J_u[2,2]",20000,20001.4571275801,7.28563790073167e-05,"rel"
"normal","mu_neg",10000,2,"C_richardson",1,1,"J_u[1,1]",24.9626894164603,24.9627293562479,1.59997934988286e-06,"rel"
"normal","mu_neg",10000,2,"C_richardson",1,2,"J_u[1,2]",0,-0.000104012428873518,0.000104012428873518,"abs"
"normal","mu_neg",10000,2,"C_richardson",2,1,"J_u[2,1]",0,-0.000104012428873518,0.000104012428873518,"abs"
"normal","mu_neg",10000,2,"C_richardson",2,2,"J_u[2,2]",20000,20000.0079052435,3.95262176789402e-07,"rel"
"normal","mu_neg",10000,3,"A",1,1,"J_u[1,1]",25.5805408507285,25.580549062227,3.21005664360572e-07,"rel"
"normal","mu_neg",10000,3,"A",1,2,"J_u[1,2]",0,-7.39928951500302e-06,7.39928951500302e-06,"abs"
"normal","mu_neg",10000,3,"A",2,1,"J_u[2,1]",0,-7.39928951500302e-06,7.39928951500302e-06,"abs"
"normal","mu_neg",10000,3,"A",2,2,"J_u[2,2]",20000,20000.0029940007,1.49700033216504e-07,"rel"
"normal","mu_neg",10000,3,"B",1,1,"J_u[1,1]",25.5805408507285,25.5836532716871,0.0001216714289496,"rel"
"normal","mu_neg",10000,3,"B",1,2,"J_u[1,2]",0,-0.00467737484626667,0.00467737484626667,"abs"
"normal","mu_neg",10000,3,"B",2,1,"J_u[2,1]",0,-0.00467737484626667,0.00467737484626667,"abs"
"normal","mu_neg",10000,3,"B",2,2,"J_u[2,2]",20000,20000.1850980082,9.25490041081502e-06,"rel"
"normal","mu_neg",10000,3,"C_richardson",1,1,"J_u[1,1]",25.5805408507285,25.5805824631945,1.62672346332068e-06,"rel"
"normal","mu_neg",10000,3,"C_richardson",1,2,"J_u[1,2]",0,-9.39983816165198e-05,9.39983816165198e-05,"abs"
"normal","mu_neg",10000,3,"C_richardson",2,1,"J_u[2,1]",0,-9.39983816165198e-05,9.39983816165198e-05,"abs"
"normal","mu_neg",10000,3,"C_richardson",2,2,"J_u[2,2]",20000,20000.0069415804,3.47079020320962e-07,"rel"
"normal","severidad",100,1,"A",1,1,"J_u[1,1]",7.19808734569683e-05,7.19808750249179e-05,2.17828639476511e-08,"rel"
"normal","severidad",100,1,"A",1,2,"J_u[1,2]",0,0,0,"abs"
"normal","severidad",100,1,"A",2,1,"J_u[2,1]",0,0,0,"abs"
"normal","severidad",100,1,"A",2,2,"J_u[2,2]",200,200.000050381212,2.51906059105522e-07,"rel"
"normal","severidad",100,1,"B",1,1,"J_u[1,1]",7.19808734569683e-05,7.19818619507234e-05,1.37327279820907e-05,"rel"
"normal","severidad",100,1,"B",1,2,"J_u[1,2]",0,-1.26765551078212e-07,1.26765551078212e-07,"abs"
"normal","severidad",100,1,"B",2,1,"J_u[2,1]",0,-1.26765551078212e-07,1.26765551078212e-07,"abs"
"normal","severidad",100,1,"B",2,2,"J_u[2,2]",200,200.000295198806,1.47599402865239e-06,"rel"
"normal","severidad",100,1,"C_richardson",1,1,"J_u[1,1]",7.19808734569683e-05,7.198087729305e-05,5.32930697148528e-08,"rel"
"normal","severidad",100,1,"C_richardson",1,2,"J_u[1,2]",0,1.94097587401866e-09,1.94097587401866e-09,"abs"
"normal","severidad",100,1,"C_richardson",2,1,"J_u[2,1]",0,1.94097587401866e-09,1.94097587401866e-09,"abs"
"normal","severidad",100,1,"C_richardson",2,2,"J_u[2,2]",200,200.000000957727,4.78863356079273e-09,"rel"
"normal","severidad",100,2,"A",1,1,"J_u[1,1]",6.80999925811605e-05,6.80999936262803e-05,1.53468418304983e-08,"rel"
"normal","severidad",100,2,"A",1,2,"J_u[1,2]",0,3.24873914352092e-10,3.24873914352092e-10,"abs"
"normal","severidad",100,2,"A",2,1,"J_u[2,1]",0,3.24873914352092e-10,3.24873914352092e-10,"abs"
"normal","severidad",100,2,"A",2,2,"J_u[2,2]",200,200.000050803255,2.54016276954872e-07,"rel"
"normal","severidad",100,2,"B",1,1,"J_u[1,1]",6.80999925811605e-05,6.81004377286083e-05,6.53667395409471e-06,"rel"
"normal","severidad",100,2,"B",1,2,"J_u[1,2]",0,-6.60102647551406e-08,6.60102647551406e-08,"abs"
"normal","severidad",100,2,"B",2,1,"J_u[2,1]",0,-6.60102647551406e-08,6.60102647551406e-08,"abs"
"normal","severidad",100,2,"B",2,2,"J_u[2,2]",200,200.000343394661,1.71697330713982e-06,"rel"
"normal","severidad",100,2,"C_richardson",1,1,"J_u[1,1]",6.80999925811605e-05,6.80999969321397e-05,6.3891038575497e-08,"rel"
"normal","severidad",100,2,"C_richardson",1,2,"J_u[1,2]",0,2.77947682279012e-09,2.77947682279012e-09,"abs"
"normal","severidad",100,2,"C_richardson",2,1,"J_u[2,1]",0,2.77947682279012e-09,2.77947682279012e-09,"abs"
"normal","severidad",100,2,"C_richardson",2,2,"J_u[2,2]",200,200.000001361222,6.80610909853385e-09,"rel"
"normal","severidad",100,3,"A",1,1,"J_u[1,1]",7.10131991235645e-05,7.1013195739092e-05,4.76597673988169e-08,"rel"
"normal","severidad",100,3,"A",1,2,"J_u[1,2]",0,2.21297623274601e-10,2.21297623274601e-10,"abs"
"normal","severidad",100,3,"A",2,1,"J_u[2,1]",0,2.21297623274601e-10,2.21297623274601e-10,"abs"
"normal","severidad",100,3,"A",2,2,"J_u[2,2]",200,200.000048962893,2.44814464309684e-07,"rel"
"normal","severidad",100,3,"B",1,1,"J_u[1,1]",7.10131991235645e-05,7.10124104788559e-05,1.11056073852043e-05,"rel"
"normal","severidad",100,3,"B",1,2,"J_u[1,2]",0,-4.4964874237973e-08,4.4964874237973e-08,"abs"
"normal","severidad",100,3,"B",2,1,"J_u[2,1]",0,-4.4964874237973e-08,4.4964874237973e-08,"abs"
"normal","severidad",100,3,"B",2,2,"J_u[2,2]",200,199.999700749169,1.49625415474475e-06,"rel"
"normal","severidad",100,3,"C_richardson",1,1,"J_u[1,1]",7.10131991235645e-05,7.10131871615148e-05,1.68448257862637e-07,"rel"
"normal","severidad",100,3,"C_richardson",1,2,"J_u[1,2]",0,-9.58956367523272e-10,9.58956367523272e-10,"abs"
"normal","severidad",100,3,"C_richardson",2,1,"J_u[2,1]",0,-9.58956367523272e-10,9.58956367523272e-10,"abs"
"normal","severidad",100,3,"C_richardson",2,2,"J_u[2,2]",200,199.999997400857,1.29957129502145e-08,"rel"
"normal","severidad",1000,1,"A",1,1,"J_u[1,1]",0.000697882653266377,0.000697882622517271,4.40605679435356e-08,"rel"
"normal","severidad",1000,1,"A",1,2,"J_u[1,2]",0,-7.75565028374145e-09,7.75565028374145e-09,"abs"
"normal","severidad",1000,1,"A",2,1,"J_u[2,1]",0,-7.75565028374145e-09,7.75565028374145e-09,"abs"
"normal","severidad",1000,1,"A",2,2,"J_u[2,2]",2000,2000.00047173791,2.35868952700002e-07,"rel"
"normal","severidad",1000,1,"B",1,1,"J_u[1,1]",0.000697882653266377,0.00069786905232212,1.94888699314298e-05,"rel"
"normal","severidad",1000,1,"B",1,2,"J_u[1,2]",0,1.4007554752408e-06,1.4007554752408e-06,"abs"
"normal","severidad",1000,1,"B",2,1,"J_u[2,1]",0,1.4007554752408e-06,1.4007554752408e-06,"abs"
"normal","severidad",1000,1,"B",2,2,"J_u[2,2]",2000,1999.99882414807,5.87925964623537e-07,"rel"
"normal","severidad",1000,1,"C_richardson",1,1,"J_u[1,1]",0.000697882653266377,0.000697882407381152,3.52330329161398e-07,"rel"
"normal","severidad",1000,1,"C_richardson",1,2,"J_u[1,2]",0,2.09689803967824e-08,2.09689803967824e-08,"abs"
"normal","severidad",1000,1,"C_richardson",2,1,"J_u[2,1]",0,2.09689803967824e-08,2.09689803967824e-08,"abs"
"normal","severidad",1000,1,"C_richardson",2,2,"J_u[2,2]",2000,1999.999898252,5.087400040793e-08,"rel"
"normal","severidad",1000,2,"A",1,1,"J_u[1,1]",0.000703244265051537,0.00070324429554262,4.33577416808178e-08,"rel"
"normal","severidad",1000,2,"A",1,2,"J_u[1,2]",0,-4.35163217142388e-09,4.35163217142388e-09,"abs"
"normal","severidad",1000,2,"A",2,1,"J_u[2,1]",0,-4.35163217142388e-09,4.35163217142388e-09,"abs"
"normal","severidad",1000,2,"A",2,2,"J_u[2,2]",2000,2000.0005271953,2.63597651155578e-07,"rel"
"normal","severidad",1000,2,"B",1,1,"J_u[1,1]",0.000703244265051537,0.000703253958169112,1.37834292538596e-05,"rel"
"normal","severidad",1000,2,"B",1,2,"J_u[1,2]",0,3.53678616918882e-06,3.53678616918882e-06,"abs"
"normal","severidad",1000,2,"B",2,1,"J_u[2,1]",0,3.53678616918882e-06,3.53678616918882e-06,"abs"
"normal","severidad",1000,2,"B",2,2,"J_u[2,2]",2000,2000.01501595378,7.50797689067895e-06,"rel"
"normal","severidad",1000,2,"C_richardson",1,1,"J_u[1,1]",0.000703244265051537,0.000703244508108333,3.45622152451278e-07,"rel"
"normal","severidad",1000,2,"C_richardson",1,2,"J_u[1,2]",0,2.4659248971402e-08,2.4659248971402e-08,"abs"
"normal","severidad",1000,2,"C_richardson",2,1,"J_u[2,1]",0,2.4659248971402e-08,2.4659248971402e-08,"abs"
"normal","severidad",1000,2,"C_richardson",2,2,"J_u[2,2]",2000,2000.00018338061,9.16903040888428e-08,"rel"
"normal","severidad",1000,3,"A",1,1,"J_u[1,1]",0.000711050377190645,0.000711050364566216,1.77546200448111e-08,"rel"
"normal","severidad",1000,3,"A",1,2,"J_u[1,2]",0,3.48134954869709e-09,3.48134954869709e-09,"abs"
"normal","severidad",1000,3,"A",2,1,"J_u[2,1]",0,3.48134954869709e-09,3.48134954869709e-09,"abs"
"normal","severidad",1000,3,"A",2,2,"J_u[2,2]",2000,2000.00048963117,2.44815586711411e-07,"rel"
"normal","severidad",1000,3,"B",1,1,"J_u[1,1]",0.000711050377190645,0.000711052372606216,2.80629282345379e-06,"rel"
"normal","severidad",1000,3,"B",1,2,"J_u[1,2]",0,-3.89051374685302e-06,3.89051374685302e-06,"abs"
"normal","severidad",1000,3,"B",2,1,"J_u[2,1]",0,-3.89051374685302e-06,3.89051374685302e-06,"abs"
"normal","severidad",1000,3,"B",2,2,"J_u[2,2]",2000,2000.00465169027,2.32584513412348e-06,"rel"
"normal","severidad",1000,3,"C_richardson",1,1,"J_u[1,1]",0.000711050377190645,0.000711050238548755,1.94981810126012e-07,"rel"
"normal","severidad",1000,3,"C_richardson",1,2,"J_u[1,2]",0,-3.36530456374052e-08,3.36530456374052e-08,"abs"
"normal","severidad",1000,3,"C_richardson",2,1,"J_u[2,1]",0,-3.36530456374052e-08,3.36530456374052e-08,"abs"
"normal","severidad",1000,3,"C_richardson",2,2,"J_u[2,2]",2000,1999.9998496579,7.51710518898108e-08,"rel"
"normal","severidad",10000,1,"A",1,1,"J_u[1,1]",0.00688349253735802,0.0068834940540222,2.20333525415583e-07,"rel"
"normal","severidad",10000,1,"A",1,2,"J_u[1,2]",0,7.58285734254659e-08,7.58285734254659e-08,"abs"
"normal","severidad",10000,1,"A",2,1,"J_u[2,1]",0,7.58285734254659e-08,7.58285734254659e-08,"abs"
"normal","severidad",10000,1,"A",2,2,"J_u[2,2]",20000,20000.0047770604,2.38853018709051e-07,"rel"
"normal","severidad",10000,1,"B",1,1,"J_u[1,1]",0.00688349253735802,0.00688379300378391,4.36502871556112e-05,"rel"
"normal","severidad",10000,1,"B",1,2,"J_u[1,2]",0,-5.60269299082856e-05,5.60269299082856e-05,"abs"
"normal","severidad",10000,1,"B",2,1,"J_u[2,1]",0,-5.60269299082856e-05,5.60269299082856e-05,"abs"
"normal","severidad",10000,1,"B",2,2,"J_u[2,2]",20000,19999.9808546237,9.5726881736482e-07,"rel"
"normal","severidad",10000,1,"C_richardson",1,1,"J_u[1,1]",0.00688349253735802,0.00688349807722125,8.04804131228512e-07,"rel"
"normal","severidad",10000,1,"C_richardson",1,2,"J_u[1,2]",0,-1.82677926888622e-06,1.82677926888622e-06,"abs"
"normal","severidad",10000,1,"C_richardson",2,1,"J_u[2,1]",0,-1.82677926888622e-06,1.82677926888622e-06,"abs"
"normal","severidad",10000,1,"C_richardson",2,2,"J_u[2,2]",20000,20000.0050616308,2.5308153944934e-07,"rel"
"normal","severidad",10000,2,"A",1,1,"J_u[1,1]",0.00683813966794274,0.00683814088222223,1.77574537582391e-07,"rel"
"normal","severidad",10000,2,"A",1,2,"J_u[1,2]",0,2.07244460380502e-08,2.07244460380502e-08,"abs"
"normal","severidad",10000,2,"A",2,1,"J_u[2,1]",0,2.07244460380502e-08,2.07244460380502e-08,"abs"
"normal","severidad",10000,2,"A",2,2,"J_u[2,2]",20000,20000.0054049234,2.70246169748134e-07,"rel"
"normal","severidad",10000,2,"B",1,1,"J_u[1,1]",0.00683813966794274,0.00683787283046863,3.90219397485841e-05,"rel"
"normal","severidad",10000,2,"B",1,2,"J_u[1,2]",0,-8.98334923223287e-05,8.98334923223287e-05,"abs"
"normal","severidad",10000,2,"B",2,1,"J_u[2,1]",0,-8.98334923223287e-05,8.98334923223287e-05,"abs"
"normal","severidad",10000,2,"B",2,2,"J_u[2,2]",20000,19999.9490012743,2.54993628423108e-06,"rel"
"normal","severidad",10000,2,"C_richardson",1,1,"J_u[1,1]",0.00683813966794274,0.0068381477098788,1.17604150389306e-06,"rel"
"normal","severidad",10000,2,"C_richardson",1,2,"J_u[1,2]",0,2.87839528306253e-07,2.87839528306253e-07,"abs"
"normal","severidad",10000,2,"C_richardson",2,1,"J_u[2,1]",0,2.87839528306253e-07,2.87839528306253e-07,"abs"
"normal","severidad",10000,2,"C_richardson",2,2,"J_u[2,2]",20000,20000.0025618689,1.28093447165156e-07,"rel"
"normal","severidad",10000,3,"A",1,1,"J_u[1,1]",0.00692918545590339,0.00692918464207942,1.17448722095473e-07,"rel"
"normal","severidad",10000,3,"A",1,2,"J_u[1,2]",0,-6.20043549433583e-08,6.20043549433583e-08,"abs"
"normal","severidad",10000,3,"A",2,1,"J_u[2,1]",0,-6.20043549433583e-08,6.20043549433583e-08,"abs"
"normal","severidad",10000,3,"A",2,2,"J_u[2,2]",20000,20000.0049489402,2.47447012225166e-07,"rel"
"normal","severidad",10000,3,"B",1,1,"J_u[1,1]",0.00692918545590339,0.00692979951711057,8.86195370409949e-05,"rel"
"normal","severidad",10000,3,"B",1,2,"J_u[1,2]",0,0.00018197832781199,0.00018197832781199,"abs"
"normal","severidad",10000,3,"B",2,1,"J_u[2,1]",0,0.00018197832781199,0.00018197832781199,"abs"
"normal","severidad",10000,3,"B",2,2,"J_u[2,2]",20000,20000.2331402751,1.16570137535746e-05,"rel"
"normal","severidad",10000,3,"C_richardson",1,1,"J_u[1,1]",0.00692918545590339,0.00692919225423251,9.81115191416929e-07,"rel"
"normal","severidad",10000,3,"C_richardson",1,2,"J_u[1,2]",0,-3.83508417612624e-07,3.83508417612624e-07,"abs"
"normal","severidad",10000,3,"C_richardson",2,1,"J_u[2,1]",0,-3.83508417612624e-07,3.83508417612624e-07,"abs"
"normal","severidad",10000,3,"C_richardson",2,2,"J_u[2,2]",20000,20000.0079008768,3.95043839489517e-07,"rel"
"normal","sd_pequena",100,1,"A",1,1,"J_u[1,1]",106885329.122821,106885329.122833,1.13900090828969e-13,"rel"
"normal","sd_pequena",100,1,"A",1,2,"J_u[1,2]",0,-8.24377746765799e-07,8.24377746765799e-07,"abs"
"normal","sd_pequena",100,1,"A",2,1,"J_u[2,1]",0,-8.24377746765799e-07,8.24377746765799e-07,"abs"
"normal","sd_pequena",100,1,"A",2,2,"J_u[2,2]",200,200.000047370464,2.36852320512071e-07,"rel"
"normal","sd_pequena",100,1,"B",1,1,"J_u[1,1]",106885329.122821,106885329.122149,6.28555629757024e-12,"rel"
"normal","sd_pequena",100,1,"B",1,2,"J_u[1,2]",0,0.000223337489482274,0.000223337489482274,"abs"
"normal","sd_pequena",100,1,"B",2,1,"J_u[2,1]",0,0.000223337489482274,0.000223337489482274,"abs"
"normal","sd_pequena",100,1,"B",2,2,"J_u[2,2]",200,200.000044102388,2.2051193951711e-07,"rel"
"normal","sd_pequena",100,1,"C_richardson",1,1,"J_u[1,1]",106885329.122821,106885329.122833,1.13900090828969e-13,"rel"
"normal","sd_pequena",100,1,"C_richardson",1,2,"J_u[1,2]",0,-4.12188873382899e-06,4.12188873382899e-06,"abs"
"normal","sd_pequena",100,1,"C_richardson",2,1,"J_u[2,1]",0,-4.12188873382899e-06,4.12188873382899e-06,"abs"
"normal","sd_pequena",100,1,"C_richardson",2,2,"J_u[2,2]",200,200.000001763369,8.8168469858374e-09,"rel"
"normal","sd_pequena",100,2,"A",1,1,"J_u[1,1]",77869098.3050786,77869098.3051711,1.18720784057932e-12,"rel"
"normal","sd_pequena",100,2,"A",1,2,"J_u[1,2]",0,5.62308579478127e-07,5.62308579478127e-07,"abs"
"normal","sd_pequena",100,2,"A",2,1,"J_u[2,1]",0,5.62308579478127e-07,5.62308579478127e-07,"abs"
"normal","sd_pequena",100,2,"A",2,2,"J_u[2,2]",200,200.000045494206,2.27471030740389e-07,"rel"
"normal","sd_pequena",100,2,"B",1,1,"J_u[1,1]",77869098.3050786,77869098.3065671,1.9115117858715e-11,"rel"
"normal","sd_pequena",100,2,"B",1,2,"J_u[1,2]",0,-0.000114253981516073,0.000114253981516073,"abs"
"normal","sd_pequena",100,2,"B",2,1,"J_u[2,1]",0,-0.000114253981516073,0.000114253981516073,"abs"
"normal","sd_pequena",100,2,"B",2,2,"J_u[2,2]",200,199.999964747337,1.76263312994251e-07,"rel"
"normal","sd_pequena",100,2,"C_richardson",1,1,"J_u[1,1]",77869098.3050786,77869098.3052118,1.70962521723656e-12,"rel"
"normal","sd_pequena",100,2,"C_richardson",1,2,"J_u[1,2]",0,-3.18641528370939e-06,3.18641528370939e-06,"abs"
"normal","sd_pequena",100,2,"C_richardson",2,1,"J_u[2,1]",0,-3.18641528370939e-06,3.18641528370939e-06,"abs"
"normal","sd_pequena",100,2,"C_richardson",2,2,"J_u[2,2]",200,199.999996848084,1.57595782468434e-08,"rel"
"normal","sd_pequena",100,3,"A",1,1,"J_u[1,1]",110613877.327235,110613877.327217,1.64484947615232e-13,"rel"
"normal","sd_pequena",100,3,"A",1,2,"J_u[1,2]",0,1.0964620515192e-06,1.0964620515192e-06,"abs"
"normal","sd_pequena",100,3,"A",2,1,"J_u[2,1]",0,1.0964620515192e-06,1.0964620515192e-06,"abs"
"normal","sd_pequena",100,3,"A",2,2,"J_u[2,2]",200,200.000048241343,2.41206712985331e-07,"rel"
"normal","sd_pequena",100,3,"B",1,1,"J_u[1,1]",110613877.327235,110613877.322589,4.20079198892326e-11,"rel"
"normal","sd_pequena",100,3,"B",1,2,"J_u[1,2]",0,-0.000222787201795172,0.000222787201795172,"abs"
"normal","sd_pequena",100,3,"B",2,1,"J_u[2,1]",0,-0.000222787201795172,0.000222787201795172,"abs"
"normal","sd_pequena",100,3,"B",2,2,"J_u[2,2]",200,199.999982909995,8.54500254376944e-08,"rel"
"normal","sd_pequena",100,3,"C_richardson",1,1,"J_u[1,1]",110613877.327235,110613877.327248,1.1140790473202e-13,"rel"
"normal","sd_pequena",100,3,"C_richardson",1,2,"J_u[1,2]",0,-6.21328495860878e-06,6.21328495860878e-06,"abs"
"normal","sd_pequena",100,3,"C_richardson",2,1,"J_u[2,1]",0,-6.21328495860878e-06,6.21328495860878e-06,"abs"
"normal","sd_pequena",100,3,"C_richardson",2,2,"J_u[2,2]",200,199.999997185888,1.40705598994373e-08,"rel"
"normal","sd_pequena",1000,1,"A",1,1,"J_u[1,1]",933420536.383981,933420536.384705,7.75085987593992e-13,"rel"
"normal","sd_pequena",1000,1,"A",1,2,"J_u[1,2]",0,4.44001476029603e-06,4.44001476029603e-06,"abs"
"normal","sd_pequena",1000,1,"A",2,1,"J_u[2,1]",0,4.44001476029603e-06,4.44001476029603e-06,"abs"
"normal","sd_pequena",1000,1,"A",2,2,"J_u[2,2]",2000,2000.00044206613,2.21033066168275e-07,"rel"
"normal","sd_pequena",1000,1,"B",1,1,"J_u[1,1]",933420536.383981,933420536.105716,2.98113856069721e-10,"rel"
"normal","sd_pequena",1000,1,"B",1,2,"J_u[1,2]",0,-0.00270646429487933,0.00270646429487933,"abs"
"normal","sd_pequena",1000,1,"B",2,1,"J_u[2,1]",0,-0.00270646429487933,0.00270646429487933,"abs"
"normal","sd_pequena",1000,1,"B",2,2,"J_u[2,2]",2000,1999.99541828935,2.29085532737372e-06,"rel"
"normal","sd_pequena",1000,1,"C_richardson",1,1,"J_u[1,1]",933420536.383981,933420536.382507,1.57890724412993e-12,"rel"
"normal","sd_pequena",1000,1,"C_richardson",1,2,"J_u[1,2]",0,-0.000214600713414308,0.000214600713414308,"abs"
"normal","sd_pequena",1000,1,"C_richardson",2,1,"J_u[2,1]",0,-0.000214600713414308,0.000214600713414308,"abs"
"normal","sd_pequena",1000,1,"C_richardson",2,2,"J_u[2,2]",2000,1999.99997351564,1.32421804437399e-08,"rel"
"normal","sd_pequena",1000,2,"A",1,1,"J_u[1,1]",1008458379.0168,1008458379.01813,1.31838976602694e-12,"rel"
"normal","sd_pequena",1000,2,"A",1,2,"J_u[1,2]",0,-4.41506605860618e-06,4.41506605860618e-06,"abs"
"normal","sd_pequena",1000,2,"A",2,1,"J_u[2,1]",0,-4.41506605860618e-06,4.41506605860618e-06,"abs"
"normal","sd_pequena",1000,2,"A",2,2,"J_u[2,2]",2000,2000.000480124,2.40061999988939e-07,"rel"
"normal","sd_pequena",1000,2,"B",1,1,"J_u[1,1]",1008458379.0168,1008458379.18862,1.70385889433657e-10,"rel"
"normal","sd_pequena",1000,2,"B",1,2,"J_u[1,2]",0,0.00538251302856233,0.00538251302856233,"abs"
"normal","sd_pequena",1000,2,"B",2,1,"J_u[2,1]",0,0.00538251302856233,0.00538251302856233,"abs"
"normal","sd_pequena",1000,2,"B",2,2,"J_u[2,2]",2000,1999.99716749911,1.41625044636839e-06,"rel"
"normal","sd_pequena",1000,2,"C_richardson",1,1,"J_u[1,1]",1008458379.0168,1008458379.01707,2.69281080158645e-13,"rel"
"normal","sd_pequena",1000,2,"C_richardson",1,2,"J_u[1,2]",0,-6.91693682514968e-05,6.91693682514968e-05,"abs"
"normal","sd_pequena",1000,2,"C_richardson",2,1,"J_u[2,1]",0,-6.91693682514968e-05,6.91693682514968e-05,"abs"
"normal","sd_pequena",1000,2,"C_richardson",2,2,"J_u[2,2]",2000,1999.99992992722,3.50363920915697e-08,"rel"
"normal","sd_pequena",1000,3,"A",1,1,"J_u[1,1]",978153456.240022,978153456.238281,1.77920591809963e-12,"rel"
"normal","sd_pequena",1000,3,"A",1,2,"J_u[1,2]",0,-3.09746267861061e-05,3.09746267861061e-05,"abs"
"normal","sd_pequena",1000,3,"A",2,1,"J_u[2,1]",0,-3.09746267861061e-05,3.09746267861061e-05,"abs"
"normal","sd_pequena",1000,3,"A",2,2,"J_u[2,2]",2000,2000.0004685158,2.34257899933255e-07,"rel"
"normal","sd_pequena",1000,3,"B",1,1,"J_u[1,1]",978153456.240022,978153455.83287,4.16244730958755e-10,"rel"
"normal","sd_pequena",1000,3,"B",1,2,"J_u[1,2]",0,0.0125873037170143,0.0125873037170143,"abs"
"normal","sd_pequena",1000,3,"B",2,1,"J_u[2,1]",0,0.0125873037170143,0.0125873037170143,"abs"
"normal","sd_pequena",1000,3,"B",2,2,"J_u[2,2]",2000,1999.99387449347,3.06275326556715e-06,"rel"
"normal","sd_pequena",1000,3,"C_richardson",1,1,"J_u[1,1]",978153456.240022,978153456.233398,6.77107347103894e-12,"rel"
"normal","sd_pequena",1000,3,"C_richardson",1,2,"J_u[1,2]",0,-0.000131273418283974,0.000131273418283974,"abs"
"normal","sd_pequena",1000,3,"C_richardson",2,1,"J_u[2,1]",0,-0.000131273418283974,0.000131273418283974,"abs"
"normal","sd_pequena",1000,3,"C_richardson",2,2,"J_u[2,2]",2000,1999.99992101504,3.94924823012843e-08,"rel"
"normal","sd_pequena",10000,1,"A",1,1,"J_u[1,1]",9825446082.18491,9825446082.19092,6.11100345558921e-13,"rel"
"normal","sd_pequena",10000,1,"A",1,2,"J_u[1,2]",0,-1.76940408955806e-05,1.76940408955806e-05,"abs"
"normal","sd_pequena",10000,1,"A",2,1,"J_u[2,1]",0,-1.76940408955806e-05,1.76940408955806e-05,"abs"
"normal","sd_pequena",10000,1,"A",2,2,"J_u[2,2]",20000,20000.0050756092,2.53780460298003e-07,"rel"
"normal","sd_pequena",10000,1,"B",1,1,"J_u[1,1]",9825446082.18491,9825446086.90592,4.80488129357284e-10,"rel"
"normal","sd_pequena",10000,1,"B",1,2,"J_u[1,2]",0,0.366710910897116,0.366710910897116,"abs"
"normal","sd_pequena",10000,1,"B",2,1,"J_u[2,1]",0,0.366710910897116,0.366710910897116,"abs"
"normal","sd_pequena",10000,1,"B",2,2,"J_u[2,2]",20000,20000.180859592,9.04297959932592e-06,"rel"
"normal","sd_pequena",10000,1,"C_richardson",1,1,"J_u[1,1]",9825446082.18491,9825446082.24626,6.24320146554017e-12,"rel"
"normal","sd_pequena",10000,1,"C_richardson",1,2,"J_u[1,2]",0,-0.00131525703990482,0.00131525703990482,"abs"
"normal","sd_pequena",10000,1,"C_richardson",2,1,"J_u[2,1]",0,-0.00131525703990482,0.00131525703990482,"abs"
"normal","sd_pequena",10000,1,"C_richardson",2,2,"J_u[2,2]",20000,20000.0012592704,6.29635178484023e-08,"rel"
"normal","sd_pequena",10000,2,"A",1,1,"J_u[1,1]",10288826212.8976,10288826212.8705,2.62869670977409e-12,"rel"
"normal","sd_pequena",10000,2,"A",1,2,"J_u[1,2]",0,0.0002997954612272,0.0002997954612272,"abs"
"normal","sd_pequena",10000,2,"A",2,1,"J_u[2,1]",0,0.0002997954612272,0.0002997954612272,"abs"
"normal","sd_pequena",10000,2,"A",2,2,"J_u[2,2]",20000,20000.0042234454,2.11172271156101e-07,"rel"
"normal","sd_pequena",10000,2,"B",1,1,"J_u[1,1]",10288826212.8976,10288826205.4305,7.25744973167906e-10,"rel"
"normal","sd_pequena",10000,2,"B",1,2,"J_u[1,2]",0,0.179160707963237,0.179160707963237,"abs"
"normal","sd_pequena",10000,2,"B",2,1,"J_u[2,1]",0,0.179160707963237,0.179160707963237,"abs"
"normal","sd_pequena",10000,2,"B",2,2,"J_u[2,2]",20000,19999.7480659326,1.25967033709458e-05,"rel"
"normal","sd_pequena",10000,2,"C_richardson",1,1,"J_u[1,1]",10288826212.8976,10288826212.6908,2.00928455770299e-11,"rel"
"normal","sd_pequena",10000,2,"C_richardson",1,2,"J_u[1,2]",0,0.00507300947135439,0.00507300947135439,"abs"
"normal","sd_pequena",10000,2,"C_richardson",2,1,"J_u[2,1]",0,0.00507300947135439,0.00507300947135439,"abs"
"normal","sd_pequena",10000,2,"C_richardson",2,2,"J_u[2,2]",20000,19999.9987204187,6.39790672721574e-08,"rel"
"normal","sd_pequena",10000,3,"A",1,1,"J_u[1,1]",10093471069.8103,10093471069.7855,2.45394564212772e-12,"rel"
"normal","sd_pequena",10000,3,"A",1,2,"J_u[1,2]",0,0.000317868720351102,0.000317868720351102,"abs"
"normal","sd_pequena",10000,3,"A",2,1,"J_u[2,1]",0,0.000317868720351102,0.000317868720351102,"abs"
"normal","sd_pequena",10000,3,"A",2,2,"J_u[2,2]",20000,20000.0045664777,2.28323884948622e-07,"rel"
"normal","sd_pequena",10000,3,"B",1,1,"J_u[1,1]",10093471069.8103,10093471063.5838,6.16883309258473e-10,"rel"
"normal","sd_pequena",10000,3,"B",1,2,"J_u[1,2]",0,0.1076448300956,0.1076448300956,"abs"
"normal","sd_pequena",10000,3,"B",2,1,"J_u[2,1]",0,0.1076448300956,0.1076448300956,"abs"
"normal","sd_pequena",10000,3,"B",2,2,"J_u[2,2]",20000,19999.9437832049,2.81083975314687e-06,"rel"
"normal","sd_pequena",10000,3,"C_richardson",1,1,"J_u[1,1]",10093471069.8103,10093471069.904,9.28478093179604e-12,"rel"
"normal","sd_pequena",10000,3,"C_richardson",1,2,"J_u[1,2]",0,0.00253117684724026,0.00253117684724026,"abs"
"normal","sd_pequena",10000,3,"C_richardson",2,1,"J_u[2,1]",0,0.00253117684724026,0.00253117684724026,"abs"
"normal","sd_pequena",10000,3,"C_richardson",2,2,"J_u[2,2]",20000,19999.9977673889,1.11630553692521e-07,"rel"
"lognormal","tipica",100,1,"A",1,1,"J_u[1,1]",55.2671585491363,55.2671582038315,6.24792087526086e-09,"rel"
"lognormal","tipica",100,1,"A",1,2,"J_u[1,2]",0,5.44836302307894e-07,5.44836302307894e-07,"abs"
"lognormal","tipica",100,1,"A",2,1,"J_u[2,1]",0,5.44836302307894e-07,5.44836302307894e-07,"abs"
"lognormal","tipica",100,1,"A",2,2,"J_u[2,2]",200,200.000030517578,1.52587890625e-07,"rel"
"lognormal","tipica",100,1,"B",1,1,"J_u[1,1]",55.2671585491363,55.2671413791431,3.10672625482372e-07,"rel"
"lognormal","tipica",100,1,"B",1,2,"J_u[1,2]",0,-0.000332111508262661,0.000332111508262661,"abs"
"lognormal","tipica",100,1,"B",2,1,"J_u[2,1]",0,-0.000332111508262661,0.000332111508262661,"abs"
"lognormal","tipica",100,1,"B",2,2,"J_u[2,2]",200,200.015632940673,7.81647033625177e-05,"rel"
"lognormal","tipica",100,1,"C_richardson",1,1,"J_u[1,1]",55.2671585491363,55.2671582038315,6.24792087526086e-09,"rel"
"lognormal","tipica",100,1,"C_richardson",1,2,"J_u[1,2]",0,2.72418151153947e-06,2.72418151153947e-06,"abs"
"lognormal","tipica",100,1,"C_richardson",2,1,"J_u[2,1]",0,2.72418151153947e-06,2.72418151153947e-06,"abs"
"lognormal","tipica",100,1,"C_richardson",2,2,"J_u[2,2]",200,199.99994913737,2.54313151089036e-07,"rel"
"lognormal","tipica",100,2,"A",1,1,"J_u[1,1]",53.1111749208077,53.1111756420129,1.35791613004712e-08,"rel"
"lognormal","tipica",100,2,"A",1,2,"J_u[1,2]",0,-2.15832481472918e-06,2.15832481472918e-06,"abs"
"lognormal","tipica",100,2,"A",2,1,"J_u[2,1]",0,-2.15832481472918e-06,2.15832481472918e-06,"abs"
"lognormal","tipica",100,2,"A",2,2,"J_u[2,2]",200,199.999984741211,7.62939453125e-08,"rel"
"lognormal","tipica",100,2,"B",1,1,"J_u[1,1]",53.1111749208077,53.1111121198714,1.18244298639281e-06,"rel"
"lognormal","tipica",100,2,"B",1,2,"J_u[1,2]",0,0.000767452466231397,0.000767452466231397,"abs"
"lognormal","tipica",100,2,"B",2,1,"J_u[2,1]",0,0.000767452466231397,0.000767452466231397,"abs"
"lognormal","tipica",100,2,"B",2,2,"J_u[2,2]",200,200.006331762634,3.16588131681783e-05,"rel"
"lognormal","tipica",100,2,"C_richardson",1,1,"J_u[1,1]",53.1111749208077,53.1111788984468,7.48926959521119e-08,"rel"
"lognormal","tipica",100,2,"C_richardson",1,2,"J_u[1,2]",0,3.59720802454863e-06,3.59720802454863e-06,"abs"
"lognormal","tipica",100,2,"C_richardson",2,1,"J_u[2,1]",0,3.59720802454863e-06,3.59720802454863e-06,"abs"
"lognormal","tipica",100,2,"C_richardson",2,2,"J_u[2,2]",200,200.00016784668,8.392333984375e-07,"rel"
"lognormal","tipica",100,3,"A",1,1,"J_u[1,1]",50.3608222879572,50.360821390458,1.78213761235113e-08,"rel"
"lognormal","tipica",100,3,"A",1,2,"J_u[1,2]",0,1.88136684134105e-06,1.88136684134105e-06,"abs"
"lognormal","tipica",100,3,"A",2,1,"J_u[2,1]",0,1.88136684134105e-06,1.88136684134105e-06,"abs"
"lognormal","tipica",100,3,"A",2,2,"J_u[2,2]",200,199.999954223633,2.288818359375e-07,"rel"
"lognormal","tipica",100,3,"B",1,1,"J_u[1,1]",50.3608222879572,50.3605498423765,5.40987157007106e-06,"rel"
"lognormal","tipica",100,3,"B",1,2,"J_u[1,2]",0,-0.000655319852562185,0.000655319852562185,"abs"
"lognormal","tipica",100,3,"B",2,1,"J_u[2,1]",0,-0.000655319852562185,0.000655319852562185,"abs"
"lognormal","tipica",100,3,"B",2,2,"J_u[2,2]",200,199.990829799236,4.58510038224347e-05,"rel"
"lognormal","tipica",100,3,"C_richardson",1,1,"J_u[1,1]",50.3608222879572,50.3608187646505,6.99612619692516e-08,"rel"
"lognormal","tipica",100,3,"C_richardson",1,2,"J_u[1,2]",0,-6.27122280447018e-07,6.27122280447018e-07,"abs"
"lognormal","tipica",100,3,"C_richardson",2,1,"J_u[2,1]",0,-6.27122280447018e-07,6.27122280447018e-07,"abs"
"lognormal","tipica",100,3,"C_richardson",2,2,"J_u[2,2]",200,199.99973042806,1.34785970047346e-06,"rel"
"lognormal","tipica",1000,1,"A",1,1,"J_u[1,1]",579.611654504485,579.611637335371,2.9621753707388e-08,"rel"
"lognormal","tipica",1000,1,"A",1,2,"J_u[1,2]",0,-3.08335995367845e-05,3.08335995367845e-05,"abs"
"lognormal","tipica",1000,1,"A",2,1,"J_u[2,1]",0,-3.08335995367845e-05,3.08335995367845e-05,"abs"
"lognormal","tipica",1000,1,"A",2,2,"J_u[2,2]",2000,1999.99853515625,7.32421875e-07,"rel"
"lognormal","tipica",1000,1,"B",1,1,"J_u[1,1]",579.611654504485,579.604545679823,1.22648062831284e-05,"rel"
"lognormal","tipica",1000,1,"B",1,2,"J_u[1,2]",0,0.0196899902810418,0.0196899902810418,"abs"
"lognormal","tipica",1000,1,"B",2,1,"J_u[2,1]",0,0.0196899902810418,0.0196899902810418,"abs"
"lognormal","tipica",1000,1,"B",2,2,"J_u[2,2]",2000,1999.62926265119,0.000185368674405595,"rel"
"lognormal","tipica",1000,1,"C_richardson",1,1,"J_u[1,1]",579.611654504485,579.611616990625,6.47224055213384e-08,"rel"
"lognormal","tipica",1000,1,"C_richardson",1,2,"J_u[1,2]",0,1.02778665122615e-05,1.02778665122615e-05,"abs"
"lognormal","tipica",1000,1,"C_richardson",2,1,"J_u[2,1]",0,1.02778665122615e-05,1.02778665122615e-05,"abs"
"lognormal","tipica",1000,1,"C_richardson",2,2,"J_u[2,2]",2000,1999.99267578125,3.662109375e-06,"rel"
"lognormal","tipica",1000,2,"A",1,1,"J_u[1,1]",581.743354540221,581.743316287465,6.57553809128758e-08,"rel"
"lognormal","tipica",1000,2,"A",1,2,"J_u[1,2]",0,-3.47404430071885e-05,3.47404430071885e-05,"abs"
"lognormal","tipica",1000,2,"A",2,1,"J_u[2,1]",0,-3.47404430071885e-05,3.47404430071885e-05,"abs"
"lognormal","tipica",1000,2,"A",2,2,"J_u[2,2]",2000,1999.99865722656,6.7138671875e-07,"rel"
"lognormal","tipica",1000,2,"B",1,1,"J_u[1,1]",581.743354540221,581.732859271934,1.80410626187234e-05,"rel"
"lognormal","tipica",1000,2,"B",1,2,"J_u[1,2]",0,-0.0123529315337013,0.0123529315337013,"abs"
"lognormal","tipica",1000,2,"B",2,1,"J_u[2,1]",0,-0.0123529315337013,0.0123529315337013,"abs"
"lognormal","tipica",1000,2,"B",2,2,"J_u[2,2]",2000,1999.67886893406,0.000160565532968576,"rel"
"lognormal","tipica",1000,2,"C_richardson",1,1,"J_u[1,1]",581.743354540221,581.743260261633,1.62062165635039e-07,"rel"
"lognormal","tipica",1000,2,"C_richardson",1,2,"J_u[1,2]",0,0.000127381624359691,0.000127381624359691,"abs"
"lognormal","tipica",1000,2,"C_richardson",2,1,"J_u[2,1]",0,0.000127381624359691,0.000127381624359691,"abs"
"lognormal","tipica",1000,2,"C_richardson",2,2,"J_u[2,2]",2000,1999.98937988281,5.31005859375e-06,"rel"
"lognormal","tipica",1000,3,"A",1,1,"J_u[1,1]",587.457283340845,587.45726520538,3.08711219572973e-08,"rel"
"lognormal","tipica",1000,3,"A",1,2,"J_u[1,2]",0,2.17889774033013e-05,2.17889774033013e-05,"abs"
"lognormal","tipica",1000,3,"A",2,1,"J_u[2,1]",0,2.17889774033013e-05,2.17889774033013e-05,"abs"
"lognormal","tipica",1000,3,"A",2,2,"J_u[2,2]",2000,2000.00146484375,7.32421875e-07,"rel"
"lognormal","tipica",1000,3,"B",1,1,"J_u[1,1]",587.457283340845,587.452724929993,7.7595613872941e-06,"rel"
"lognormal","tipica",1000,3,"B",1,2,"J_u[1,2]",0,0.0354179539469433,0.0354179539469433,"abs"
"lognormal","tipica",1000,3,"B",2,1,"J_u[2,1]",0,0.0354179539469433,0.0354179539469433,"abs"
"lognormal","tipica",1000,3,"B",2,2,"J_u[2,2]",2000,1999.92690034843,3.65498257835952e-05,"rel"
"lognormal","tipica",1000,3,"C_richardson",1,1,"J_u[1,1]",587.457283340845,587.457411233007,2.17704614591139e-07,"rel"
"lognormal","tipica",1000,3,"C_richardson",1,2,"J_u[1,2]",0,-0.000146712447848896,0.000146712447848896,"abs"
"lognormal","tipica",1000,3,"C_richardson",2,1,"J_u[2,1]",0,-0.000146712447848896,0.000146712447848896,"abs"
"lognormal","tipica",1000,3,"C_richardson",2,2,"J_u[2,2]",2000,2000.00341796875,1.708984375e-06,"rel"
"lognormal","tipica",10000,1,"A",1,1,"J_u[1,1]",5960.00770152655,5960.00714843522,9.28004400962627e-08,"rel"
"lognormal","tipica",10000,1,"A",1,2,"J_u[1,2]",0,0,0,"abs"
"lognormal","tipica",10000,1,"A",2,1,"J_u[2,1]",0,0,0,"abs"
"lognormal","tipica",10000,1,"A",2,2,"J_u[2,2]",20000,20000.013671875,6.8359375e-07,"rel"
"lognormal","tipica",10000,1,"B",1,1,"J_u[1,1]",5960.00770152655,5959.88545668934,2.05108522232555e-05,"rel"
"lognormal","tipica",10000,1,"B",1,2,"J_u[1,2]",0,0.0710003837471698,0.0710003837471698,"abs"
"lognormal","tipica",10000,1,"B",2,1,"J_u[2,1]",0,0.0710003837471698,0.0710003837471698,"abs"
"lognormal","tipica",10000,1,"B",2,2,"J_u[2,2]",20000,19986.9666453316,0.000651667733421345,"rel"
"lognormal","tipica",10000,1,"C_richardson",1,1,"J_u[1,1]",5960.00770152655,5960.00946906603,2.96566642124015e-07,"rel"
"lognormal","tipica",10000,1,"C_richardson",1,2,"J_u[1,2]",0,0.00633638719405185,0.00633638719405185,"abs"
"lognormal","tipica",10000,1,"C_richardson",2,1,"J_u[2,1]",0,0.00633638719405185,0.00633638719405185,"abs"
"lognormal","tipica",10000,1,"C_richardson",2,2,"J_u[2,2]",20000,19999.849609375,7.51953125e-06,"rel"
"lognormal","tipica",10000,2,"A",1,1,"J_u[1,1]",5772.32771155233,5772.32669220127,1.76592721306832e-07,"rel"
"lognormal","tipica",10000,2,"A",1,2,"J_u[1,2]",0,0.00111687317852242,0.00111687317852242,"abs"
"lognormal","tipica",10000,2,"A",2,1,"J_u[2,1]",0,0.00111687317852242,0.00111687317852242,"abs"
"lognormal","tipica",10000,2,"A",2,2,"J_u[2,2]",20000,19999.958984375,2.05078125e-06,"rel"
"lognormal","tipica",10000,2,"B",1,1,"J_u[1,1]",5772.32771155233,5772.12921843556,3.43870145087238e-05,"rel"
"lognormal","tipica",10000,2,"B",1,2,"J_u[1,2]",0,0.184384268484162,0.184384268484162,"abs"
"lognormal","tipica",10000,2,"B",2,1,"J_u[2,1]",0,0.184384268484162,0.184384268484162,"abs"
"lognormal","tipica",10000,2,"B",2,2,"J_u[2,2]",20000,19979.4264903347,0.00102867548326376,"rel"
"lognormal","tipica",10000,2,"C_richardson",1,1,"J_u[1,1]",5772.32771155233,5772.3289541636,2.15270396046042e-07,"rel"
"lognormal","tipica",10000,2,"C_richardson",1,2,"J_u[1,2]",0,-0.010610295195963,0.010610295195963,"abs"
"lognormal","tipica",10000,2,"C_richardson",2,1,"J_u[2,1]",0,-0.010610295195963,0.010610295195963,"abs"
"lognormal","tipica",10000,2,"C_richardson",2,2,"J_u[2,2]",20000,19999.9147135417,4.26432291660603e-06,"rel"
"lognormal","tipica",10000,3,"A",1,1,"J_u[1,1]",5981.61637446943,5981.61711672885,1.24090107812972e-07,"rel"
"lognormal","tipica",10000,3,"A",1,2,"J_u[1,2]",0,-0.00090699676033043,0.00090699676033043,"abs"
"lognormal","tipica",10000,3,"A",2,1,"J_u[2,1]",0,-0.00090699676033043,0.00090699676033043,"abs"
"lognormal","tipica",10000,3,"A",2,2,"J_u[2,2]",20000,20000.0341796875,1.708984375e-06,"rel"
"lognormal","tipica",10000,3,"B",1,1,"J_u[1,1]",5981.61637446943,5981.94544258287,5.50132427151567e-05,"rel"
"lognormal","tipica",10000,3,"B",1,2,"J_u[1,2]",0,0.496166069187047,0.496166069187047,"abs"
"lognormal","tipica",10000,3,"B",2,1,"J_u[2,1]",0,0.496166069187047,0.496166069187047,"abs"
"lognormal","tipica",10000,3,"B",2,2,"J_u[2,2]",20000,19994.9036505914,0.000254817470429225,"rel"
"lognormal","tipica",10000,3,"C_richardson",1,1,"J_u[1,1]",5981.61637446943,5981.61467098327,2.84786930795389e-07,"rel"
"lognormal","tipica",10000,3,"C_richardson",1,2,"J_u[1,2]",0,0.000302332253443477,0.000302332253443477,"abs"
"lognormal","tipica",10000,3,"C_richardson",2,1,"J_u[2,1]",0,0.000302332253443477,0.000302332253443477,"abs"
"lognormal","tipica",10000,3,"C_richardson",2,2,"J_u[2,2]",20000,20000.1031901042,5.15950520839397e-06,"rel"
"lognormal","poca_disp",100,1,"A",1,1,"J_u[1,1]",40870.9895879847,40870.989588985,2.44757857489049e-11,"rel"
"lognormal","poca_disp",100,1,"A",1,2,"J_u[1,2]",0,-9.0629231325897e-08,9.0629231325897e-08,"abs"
"lognormal","poca_disp",100,1,"A",2,1,"J_u[2,1]",0,-9.0629231325897e-08,9.0629231325897e-08,"abs"
"lognormal","poca_disp",100,1,"A",2,2,"J_u[2,2]",200,200.000012003901,6.00195041045026e-08,"rel"
"lognormal","poca_disp",100,1,"B",1,1,"J_u[1,1]",40870.9895879847,40870.9899696535,9.3383791439938e-09,"rel"
"lognormal","poca_disp",100,1,"B",1,2,"J_u[1,2]",0,0,0,"abs"
"lognormal","poca_disp",100,1,"B",2,1,"J_u[2,1]",0,0,0,"abs"
"lognormal","poca_disp",100,1,"B",2,2,"J_u[2,2]",200,200.000945877436,4.72938718075966e-06,"rel"
"lognormal","poca_disp",100,1,"C_richardson",1,1,"J_u[1,1]",40870.9895879847,40870.9895891926,2.9555303047075e-11,"rel"
"lognormal","poca_disp",100,1,"C_richardson",1,2,"J_u[1,2]",0,-9.3650205703427e-07,9.3650205703427e-07,"abs"
"lognormal","poca_disp",100,1,"C_richardson",2,1,"J_u[2,1]",0,-9.3650205703427e-07,9.3650205703427e-07,"abs"
"lognormal","poca_disp",100,1,"C_richardson",2,2,"J_u[2,2]",200,200.000010878504,5.43925212070917e-08,"rel"
"lognormal","poca_disp",100,2,"A",1,1,"J_u[1,1]",40579.2785934776,40579.2785938071,8.11952494033842e-12,"rel"
"lognormal","poca_disp",100,2,"A",1,2,"J_u[1,2]",0,-9.08213276821069e-08,9.08213276821069e-08,"abs"
"lognormal","poca_disp",100,2,"A",2,1,"J_u[2,1]",0,-9.08213276821069e-08,9.08213276821069e-08,"abs"
"lognormal","poca_disp",100,2,"A",2,2,"J_u[2,2]",200,200.000008970407,4.4852034335463e-08,"rel"
"lognormal","poca_disp",100,2,"B",1,1,"J_u[1,1]",40579.2785934776,40579.2786791608,2.11150178952196e-09,"rel"
"lognormal","poca_disp",100,2,"B",1,2,"J_u[1,2]",0,7.38149740051071e-05,7.38149740051071e-05,"abs"
"lognormal","poca_disp",100,2,"B",2,1,"J_u[2,1]",0,7.38149740051071e-05,7.38149740051071e-05,"abs"
"lognormal","poca_disp",100,2,"B",2,2,"J_u[2,2]",200,200.001078715971,5.39357985516631e-06,"rel"
"lognormal","poca_disp",100,2,"C_richardson",1,1,"J_u[1,1]",40579.2785934776,40579.2785971348,9.01259379076766e-11,"rel"
"lognormal","poca_disp",100,2,"C_richardson",1,2,"J_u[1,2]",0,-9.38487052715104e-07,9.38487052715104e-07,"abs"
"lognormal","poca_disp",100,2,"C_richardson",2,1,"J_u[2,1]",0,-9.38487052715104e-07,9.38487052715104e-07,"abs"
"lognormal","poca_disp",100,2,"C_richardson",2,2,"J_u[2,2]",200,200.000001073829,5.36914328108651e-09,"rel"
"lognormal","poca_disp",100,3,"A",1,1,"J_u[1,1]",36148.3708248946,36148.3708251047,5.81297721315025e-12,"rel"
"lognormal","poca_disp",100,3,"A",1,2,"J_u[1,2]",0,1.85110326190854e-07,1.85110326190854e-07,"abs"
"lognormal","poca_disp",100,3,"A",2,1,"J_u[2,1]",0,1.85110326190854e-07,1.85110326190854e-07,"abs"
"lognormal","poca_disp",100,3,"A",2,2,"J_u[2,2]",200,200.000005692687,2.84634363367786e-08,"rel"
"lognormal","poca_disp",100,3,"B",1,1,"J_u[1,1]",36148.3708248946,36148.3710800904,7.05967786151063e-09,"rel"
"lognormal","poca_disp",100,3,"B",1,2,"J_u[1,2]",0,-0.000112836221385807,0.000112836221385807,"abs"
"lognormal","poca_disp",100,3,"B",2,1,"J_u[2,1]",0,-0.000112836221385807,0.000112836221385807,"abs"
"lognormal","poca_disp",100,3,"B",2,2,"J_u[2,2]",200,200.000232053264,1.16026631800992e-06,"rel"
"lognormal","poca_disp",100,3,"C_richardson",1,1,"J_u[1,1]",36148.3708248946,36148.3708236504,3.44199504271038e-11,"rel"
"lognormal","poca_disp",100,3,"C_richardson",1,2,"J_u[1,2]",0,2.4064342404811e-06,2.4064342404811e-06,"abs"
"lognormal","poca_disp",100,3,"C_richardson",2,1,"J_u[2,1]",0,2.4064342404811e-06,2.4064342404811e-06,"abs"
"lognormal","poca_disp",100,3,"C_richardson",2,2,"J_u[2,2]",200,200.000024457585,1.22287924426701e-07,"rel"
"lognormal","poca_disp",1000,1,"A",1,1,"J_u[1,1]",394796.502860544,394796.502857546,7.59315931874756e-12,"rel"
"lognormal","poca_disp",1000,1,"A",1,2,"J_u[1,2]",0,1.74971121238246e-05,1.74971121238246e-05,"abs"
"lognormal","poca_disp",1000,1,"A",2,1,"J_u[2,1]",0,1.74971121238246e-05,1.74971121238246e-05,"abs"
"lognormal","poca_disp",1000,1,"A",2,2,"J_u[2,2]",2000,2000.00013529318,6.76465914466462e-08,"rel"
"lognormal","poca_disp",1000,1,"B",1,1,"J_u[1,1]",394796.502860544,394796.504051076,3.01555980336174e-09,"rel"
"lognormal","poca_disp",1000,1,"B",1,2,"J_u[1,2]",0,0.00296265964712157,0.00296265964712157,"abs"
"lognormal","poca_disp",1000,1,"B",2,1,"J_u[2,1]",0,0.00296265964712157,0.00296265964712157,"abs"
"lognormal","poca_disp",1000,1,"B",2,2,"J_u[2,2]",2000,2000.01759140795,8.79570397523821e-06,"rel"
"lognormal","poca_disp",1000,1,"C_richardson",1,1,"J_u[1,1]",394796.502860544,394796.502907344,1.18543870741395e-10,"rel"
"lognormal","poca_disp",1000,1,"C_richardson",1,2,"J_u[1,2]",0,-0.000110815043450889,0.000110815043450889,"abs"
"lognormal","poca_disp",1000,1,"C_richardson",2,1,"J_u[2,1]",0,-0.000110815043450889,0.000110815043450889,"abs"
"lognormal","poca_disp",1000,1,"C_richardson",2,2,"J_u[2,2]",2000,2000.00008975422,4.48771093033429e-08,"rel"
"lognormal","poca_disp",1000,2,"A",1,1,"J_u[1,1]",415136.641962407,415136.641980748,4.41810572525505e-11,"rel"
"lognormal","poca_disp",1000,2,"A",1,2,"J_u[1,2]",0,1.59113442688735e-05,1.59113442688735e-05,"abs"
"lognormal","poca_disp",1000,2,"A",2,1,"J_u[2,1]",0,1.59113442688735e-05,1.59113442688735e-05,"abs"
"lognormal","poca_disp",1000,2,"A",2,2,"J_u[2,2]",2000,2000.00012073781,6.03689051104084e-08,"rel"
"lognormal","poca_disp",1000,2,"B",1,1,"J_u[1,1]",415136.641962407,415136.646995178,1.21231669108874e-08,"rel"
"lognormal","poca_disp",1000,2,"B",1,2,"J_u[1,2]",0,0.00587815205949391,0.00587815205949391,"abs"
"lognormal","poca_disp",1000,2,"B",2,1,"J_u[2,1]",0,0.00587815205949391,0.00587815205949391,"abs"
"lognormal","poca_disp",1000,2,"B",2,2,"J_u[2,2]",2000,2000.09453452441,4.72672622028085e-05,"rel"
"lognormal","poca_disp",1000,2,"C_richardson",1,1,"J_u[1,1]",415136.641962407,415136.64206713,2.52262579189612e-10,"rel"
"lognormal","poca_disp",1000,2,"C_richardson",1,2,"J_u[1,2]",0,-4.38767372262874e-05,4.38767372262874e-05,"abs"
"lognormal","poca_disp",1000,2,"C_richardson",2,1,"J_u[2,1]",0,-4.38767372262874e-05,4.38767372262874e-05,"abs"
"lognormal","poca_disp",1000,2,"C_richardson",2,2,"J_u[2,2]",2000,2000.00004908475,2.45423766500608e-08,"rel"
"lognormal","poca_disp",1000,3,"A",1,1,"J_u[1,1]",403070.450511247,403070.450514652,8.44787791180916e-12,"rel"
"lognormal","poca_disp",1000,3,"A",1,2,"J_u[1,2]",0,-1.45323750156691e-06,1.45323750156691e-06,"abs"
"lognormal","poca_disp",1000,3,"A",2,1,"J_u[2,1]",0,-1.45323750156691e-06,1.45323750156691e-06,"abs"
"lognormal","poca_disp",1000,3,"A",2,2,"J_u[2,2]",2000,2000.00003539297,1.7696485315355e-08,"rel"
"lognormal","poca_disp",1000,3,"B",1,1,"J_u[1,1]",403070.450511247,403070.442857053,1.89897183058877e-08,"rel"
"lognormal","poca_disp",1000,3,"B",1,2,"J_u[1,2]",0,0.00029527945455961,0.00029527945455961,"abs"
"lognormal","poca_disp",1000,3,"B",2,1,"J_u[2,1]",0,0.00029527945455961,0.00029527945455961,"abs"
"lognormal","poca_disp",1000,3,"B",2,2,"J_u[2,2]",2000,1999.98463187723,7.68406138365663e-06,"rel"
"lognormal","poca_disp",1000,3,"C_richardson",1,1,"J_u[1,1]",403070.450511247,403070.450478124,8.21770179591602e-11,"rel"
"lognormal","poca_disp",1000,3,"C_richardson",1,2,"J_u[1,2]",0,3.14868125339497e-05,3.14868125339497e-05,"abs"
"lognormal","poca_disp",1000,3,"C_richardson",2,1,"J_u[2,1]",0,3.14868125339497e-05,3.14868125339497e-05,"abs"
"lognormal","poca_disp",1000,3,"C_richardson",2,2,"J_u[2,2]",2000,2000.00037005517,1.85027586553588e-07,"rel"
"lognormal","poca_disp",10000,1,"A",1,1,"J_u[1,1]",4145771.40114289,4145771.40078465,8.64113274866668e-11,"rel"
"lognormal","poca_disp",10000,1,"A",1,2,"J_u[1,2]",0,-0.000219875804149832,0.000219875804149832,"abs"
"lognormal","poca_disp",10000,1,"A",2,1,"J_u[2,1]",0,-0.000219875804149832,0.000219875804149832,"abs"
"lognormal","poca_disp",10000,1,"A",2,2,"J_u[2,2]",20000,20000.002239411,1.1197055100638e-07,"rel"
"lognormal","poca_disp",10000,1,"B",1,1,"J_u[1,1]",4145771.40114289,4145771.3444527,1.36742201712124e-08,"rel"
"lognormal","poca_disp",10000,1,"B",1,2,"J_u[1,2]",0,-0.0752437534309961,0.0752437534309961,"abs"
"lognormal","poca_disp",10000,1,"B",2,1,"J_u[2,1]",0,-0.0752437534309961,0.0752437534309961,"abs"
"lognormal","poca_disp",10000,1,"B",2,2,"J_u[2,2]",20000,20000.0982429704,4.91214852154371e-06,"rel"
"lognormal","poca_disp",10000,1,"C_richardson",1,1,"J_u[1,1]",4145771.40114289,4145771.40386673,6.5701635138114e-10,"rel"
"lognormal","poca_disp",10000,1,"C_richardson",1,2,"J_u[1,2]",0,0.000597907888477613,0.000597907888477613,"abs"
"lognormal","poca_disp",10000,1,"C_richardson",2,1,"J_u[2,1]",0,0.000597907888477613,0.000597907888477613,"abs"
"lognormal","poca_disp",10000,1,"C_richardson",2,2,"J_u[2,2]",20000,20000.0036731136,1.83655677938077e-07,"rel"
"lognormal","poca_disp",10000,2,"A",1,1,"J_u[1,1]",4081542.06913174,4081542.06914072,2.20090145864025e-12,"rel"
"lognormal","poca_disp",10000,2,"A",1,2,"J_u[1,2]",0,-0.000237850255869931,0.000237850255869931,"abs"
"lognormal","poca_disp",10000,2,"A",2,1,"J_u[2,1]",0,-0.000237850255869931,0.000237850255869931,"abs"
"lognormal","poca_disp",10000,2,"A",2,2,"J_u[2,2]",20000,19999.9975826202,1.20868987505673e-07,"rel"
"lognormal","poca_disp",10000,2,"B",1,1,"J_u[1,1]",4081542.06913174,4081542.05887013,2.51414959899027e-09,"rel"
"lognormal","poca_disp",10000,2,"B",1,2,"J_u[1,2]",0,-0.169737926176943,0.169737926176943,"abs"
"lognormal","poca_disp",10000,2,"B",2,1,"J_u[2,1]",0,-0.169737926176943,0.169737926176943,"abs"
"lognormal","poca_disp",10000,2,"B",2,2,"J_u[2,2]",20000,20000.1357498589,6.78749294365844e-06,"rel"
"lognormal","poca_disp",10000,2,"C_richardson",1,1,"J_u[1,1]",4081542.06913174,4081542.06676275,5.80416653405957e-10,"rel"
"lognormal","poca_disp",10000,2,"C_richardson",1,2,"J_u[1,2]",0,-0.000601393736386574,0.000601393736386574,"abs"
"lognormal","poca_disp",10000,2,"C_richardson",2,1,"J_u[2,1]",0,-0.000601393736386574,0.000601393736386574,"abs"
"lognormal","poca_disp",10000,2,"C_richardson",2,2,"J_u[2,2]",20000,20000.0026987372,1.34936859285517e-07,"rel"
"lognormal","poca_disp",10000,3,"A",1,1,"J_u[1,1]",3977911.63776623,3977911.63777874,3.14416147333577e-12,"rel"
"lognormal","poca_disp",10000,3,"A",1,2,"J_u[1,2]",0,-0.000139832351116974,0.000139832351116974,"abs"
"lognormal","poca_disp",10000,3,"A",2,1,"J_u[2,1]",0,-0.000139832351116974,0.000139832351116974,"abs"
"lognormal","poca_disp",10000,3,"A",2,2,"J_u[2,2]",20000,20000.0036195966,1.80979832111916e-07,"rel"
"lognormal","poca_disp",10000,3,"B",1,1,"J_u[1,1]",3977911.63776623,3977911.6856903,1.2047546110297e-08,"rel"
"lognormal","poca_disp",10000,3,"B",1,2,"J_u[1,2]",0,0.00473536045359512,0.00473536045359512,"abs"
"lognormal","poca_disp",10000,3,"B",2,1,"J_u[2,1]",0,0.00473536045359512,0.00473536045359512,"abs"
"lognormal","poca_disp",10000,3,"B",2,2,"J_u[2,2]",20000,19999.8497230168,7.51384915802191e-06,"rel"
"lognormal","poca_disp",10000,3,"C_richardson",1,1,"J_u[1,1]",3977911.63776623,3977911.63957231,4.54026211452428e-10,"rel"
"lognormal","poca_disp",10000,3,"C_richardson",1,2,"J_u[1,2]",0,-0.000885604890407503,0.000885604890407503,"abs"
"lognormal","poca_disp",10000,3,"C_richardson",2,1,"J_u[2,1]",0,-0.000885604890407503,0.000885604890407503,"abs"
"lognormal","poca_disp",10000,3,"C_richardson",2,2,"J_u[2,2]",20000,20000.0089251267,4.4625633618125e-07,"rel"
"lognormal","muy_dispersa",100,1,"A",1,1,"J_u[1,1]",12.8182949957417,12.8182888946447,4.75967900939912e-07,"rel"
"lognormal","muy_dispersa",100,1,"A",1,2,"J_u[1,2]",0,3.04640212823858e-06,3.04640212823858e-06,"abs"
"lognormal","muy_dispersa",100,1,"A",2,1,"J_u[2,1]",0,3.04640212823858e-06,3.04640212823858e-06,"abs"
"lognormal","muy_dispersa",100,1,"A",2,2,"J_u[2,2]",200,199.999983094059,8.45297026330627e-08,"rel"
"lognormal","muy_dispersa",100,1,"B",1,1,"J_u[1,1]",12.8182949957417,12.815210364125,0.000240642894998435,"rel"
"lognormal","muy_dispersa",100,1,"B",1,2,"J_u[1,2]",0,0,0,"abs"
"lognormal","muy_dispersa",100,1,"B",2,1,"J_u[2,1]",0,0,0,"abs"
"lognormal","muy_dispersa",100,1,"B",2,2,"J_u[2,2]",200,199.98508904116,7.45547941980362e-05,"rel"
"lognormal","muy_dispersa",100,1,"C_richardson",1,1,"J_u[1,1]",12.8182949957417,12.8182645582105,2.37453820390984e-06,"rel"
"lognormal","muy_dispersa",100,1,"C_richardson",1,2,"J_u[1,2]",0,-1.99708583962307e-05,1.99708583962307e-05,"abs"
"lognormal","muy_dispersa",100,1,"C_richardson",2,1,"J_u[2,1]",0,-1.99708583962307e-05,1.99708583962307e-05,"abs"
"lognormal","muy_dispersa",100,1,"C_richardson",2,2,"J_u[2,2]",200,199.999819181825,9.04090872637653e-07,"rel"
"lognormal","muy_dispersa",100,2,"A",1,1,"J_u[1,1]",15.5974446277545,15.5974452480322,3.97679070290601e-08,"rel"
"lognormal","muy_dispersa",100,2,"A",1,2,"J_u[1,2]",0,-5.72283758362225e-06,5.72283758362225e-06,"abs"
"lognormal","muy_dispersa",100,2,"A",2,1,"J_u[2,1]",0,-5.72283758362225e-06,5.72283758362225e-06,"abs"
"lognormal","muy_dispersa",100,2,"A",2,2,"J_u[2,2]",200,200.000007629395,3.814697265625e-08,"rel"
"lognormal","muy_dispersa",100,2,"B",1,1,"J_u[1,1]",15.5974446277545,15.5989031691121,9.35115586200994e-05,"rel"
"lognormal","muy_dispersa",100,2,"B",1,2,"J_u[1,2]",0,0.00116280811526209,0.00116280811526209,"abs"
"lognormal","muy_dispersa",100,2,"B",2,1,"J_u[2,1]",0,0.00116280811526209,0.00116280811526209,"abs"
"lognormal","muy_dispersa",100,2,"B",2,2,"J_u[2,2]",200,200.003231369954,1.61568497699705e-05,"rel"
"lognormal","muy_dispersa",100,2,"C_richardson",1,1,"J_u[1,1]",15.5974446277545,15.5974376165263,4.49511331978807e-07,"rel"
"lognormal","muy_dispersa",100,2,"C_richardson",1,2,"J_u[1,2]",0,2.22554794918643e-05,2.22554794918643e-05,"abs"
"lognormal","muy_dispersa",100,2,"C_richardson",2,1,"J_u[2,1]",0,2.22554794918643e-05,2.22554794918643e-05,"abs"
"lognormal","muy_dispersa",100,2,"C_richardson",2,2,"J_u[2,2]",200,199.999936421712,3.17891438754714e-07,"rel"
"lognormal","muy_dispersa",100,3,"A",1,1,"J_u[1,1]",17.3762418127801,17.3762485065715,3.85226649809708e-07,"rel"
"lognormal","muy_dispersa",100,3,"A",1,2,"J_u[1,2]",0,2.15572637508091e-06,2.15572637508091e-06,"abs"
"lognormal","muy_dispersa",100,3,"A",2,1,"J_u[2,1]",0,2.15572637508091e-06,2.15572637508091e-06,"abs"
"lognormal","muy_dispersa",100,3,"A",2,2,"J_u[2,2]",200,199.999988555908,5.7220458984375e-08,"rel"
"lognormal","muy_dispersa",100,3,"B",1,1,"J_u[1,1]",17.3762418127801,17.3784255436133,0.000125673368083276,"rel"
"lognormal","muy_dispersa",100,3,"B",1,2,"J_u[1,2]",0,-0.00087603259278311,0.00087603259278311,"abs"
"lognormal","muy_dispersa",100,3,"B",2,1,"J_u[2,1]",0,-0.00087603259278311,0.00087603259278311,"abs"
"lognormal","muy_dispersa",100,3,"B",2,2,"J_u[2,2]",200,200.003231369954,1.61568497699705e-05,"rel"
"lognormal","muy_dispersa",100,3,"C_richardson",1,1,"J_u[1,1]",17.3762418127801,17.3762571694985,8.83776747181021e-07,"rel"
"lognormal","muy_dispersa",100,3,"C_richardson",1,2,"J_u[1,2]",0,-2.75453925704783e-05,2.75453925704783e-05,"abs"
"lognormal","muy_dispersa",100,3,"C_richardson",2,1,"J_u[2,1]",0,-2.75453925704783e-05,2.75453925704783e-05,"abs"
"lognormal","muy_dispersa",100,3,"C_richardson",2,2,"J_u[2,2]",200,199.999942779541,2.86102294921875e-07,"rel"
"lognormal","muy_dispersa",1000,1,"A",1,1,"J_u[1,1]",158.198451220167,158.198160110754,1.84015336738875e-06,"rel"
"lognormal","muy_dispersa",1000,1,"A",1,2,"J_u[1,2]",0,-2.98494716702743e-05,2.98494716702743e-05,"abs"
"lognormal","muy_dispersa",1000,1,"A",2,1,"J_u[2,1]",0,-2.98494716702743e-05,2.98494716702743e-05,"abs"
"lognormal","muy_dispersa",1000,1,"A",2,2,"J_u[2,2]",2000,1999.99871826172,6.40869140625e-07,"rel"
"lognormal","muy_dispersa",1000,1,"B",1,1,"J_u[1,1]",158.198451220167,158.118344628578,0.000506367736038346,"rel"
"lognormal","muy_dispersa",1000,1,"B",1,2,"J_u[1,2]",0,-0.0485202767156105,0.0485202767156105,"abs"
"lognormal","muy_dispersa",1000,1,"B",2,1,"J_u[2,1]",0,-0.0485202767156105,0.0485202767156105,"abs"
"lognormal","muy_dispersa",1000,1,"B",2,2,"J_u[2,2]",2000,1999.902097207,4.89513965020478e-05,"rel"
"lognormal","muy_dispersa",1000,1,"C_richardson",1,1,"J_u[1,1]",158.198451220167,158.197654046897,5.03907126467944e-06,"rel"
"lognormal","muy_dispersa",1000,1,"C_richardson",1,2,"J_u[1,2]",0,8.95484150108229e-05,8.95484150108229e-05,"abs"
"lognormal","muy_dispersa",1000,1,"C_richardson",2,1,"J_u[2,1]",0,8.95484150108229e-05,8.95484150108229e-05,"abs"
"lognormal","muy_dispersa",1000,1,"C_richardson",2,2,"J_u[2,2]",2000,1999.99749755859,1.251220703125e-06,"rel"
"lognormal","muy_dispersa",1000,2,"A",1,1,"J_u[1,1]",162.158606612292,162.158417550161,1.16590870194734e-06,"rel"
"lognormal","muy_dispersa",1000,2,"A",1,2,"J_u[1,2]",0,4.6522151417228e-05,4.6522151417228e-05,"abs"
"lognormal","muy_dispersa",1000,2,"A",2,1,"J_u[2,1]",0,4.6522151417228e-05,4.6522151417228e-05,"abs"
"lognormal","muy_dispersa",1000,2,"A",2,2,"J_u[2,2]",2000,1999.99951171875,2.44140625e-07,"rel"
"lognormal","muy_dispersa",1000,2,"B",1,1,"J_u[1,1]",162.158606612292,162.090893792775,0.000417571542647987,"rel"
"lognormal","muy_dispersa",1000,2,"B",1,2,"J_u[1,2]",0,-0.0126036159316534,0.0126036159316534,"abs"
"lognormal","muy_dispersa",1000,2,"B",2,1,"J_u[2,1]",0,-0.0126036159316534,0.0126036159316534,"abs"
"lognormal","muy_dispersa",1000,2,"B",2,2,"J_u[2,2]",2000,1999.92690034843,3.65498257835952e-05,"rel"
"lognormal","muy_dispersa",1000,2,"C_richardson",1,1,"J_u[1,1]",162.158606612292,162.157808162387,4.92388237015007e-06,"rel"
"lognormal","muy_dispersa",1000,2,"C_richardson",1,2,"J_u[1,2]",0,-0.000180919477733665,0.000180919477733665,"abs"
"lognormal","muy_dispersa",1000,2,"C_richardson",2,1,"J_u[2,1]",0,-0.000180919477733665,0.000180919477733665,"abs"
"lognormal","muy_dispersa",1000,2,"C_richardson",2,2,"J_u[2,2]",2000,1999.99690755208,1.54622395837123e-06,"rel"
"lognormal","muy_dispersa",1000,3,"A",1,1,"J_u[1,1]",156.941014774997,156.941034377433,1.24903208989398e-07,"rel"
"lognormal","muy_dispersa",1000,3,"A",1,2,"J_u[1,2]",0,8.85267723983471e-05,8.85267723983471e-05,"abs"
"lognormal","muy_dispersa",1000,3,"A",2,1,"J_u[2,1]",0,8.85267723983471e-05,8.85267723983471e-05,"abs"
"lognormal","muy_dispersa",1000,3,"A",2,2,"J_u[2,2]",2000,1999.99920654297,3.96728515625e-07,"rel"
"lognormal","muy_dispersa",1000,3,"B",1,1,"J_u[1,1]",156.941014774997,156.913876442101,0.00017292059016265,"rel"
"lognormal","muy_dispersa",1000,3,"B",1,2,"J_u[1,2]",0,0.0119916792859721,0.0119916792859721,"abs"
"lognormal","muy_dispersa",1000,3,"B",2,1,"J_u[2,1]",0,0.0119916792859721,0.0119916792859721,"abs"
"lognormal","muy_dispersa",1000,3,"B",2,2,"J_u[2,2]",2000,2000.05091605562,2.54580278088952e-05,"rel"
"lognormal","muy_dispersa",1000,3,"C_richardson",1,1,"J_u[1,1]",156.941014774997,156.940844153382,1.08717033265376e-06,"rel"
"lognormal","muy_dispersa",1000,3,"C_richardson",1,2,"J_u[1,2]",0,9.83630804426079e-06,9.83630804426079e-06,"abs"
"lognormal","muy_dispersa",1000,3,"C_richardson",2,1,"J_u[2,1]",0,9.83630804426079e-06,9.83630804426079e-06,"abs"
"lognormal","muy_dispersa",1000,3,"C_richardson",2,2,"J_u[2,2]",2000,1999.99700927734,1.495361328125e-06,"rel"
"lognormal","muy_dispersa",10000,1,"A",1,1,"J_u[1,1]",1618.03257676795,1618.03260412554,1.69079367354425e-08,"rel"
"lognormal","muy_dispersa",10000,1,"A",1,2,"J_u[1,2]",0,-0.000842345078319203,0.000842345078319203,"abs"
"lognormal","muy_dispersa",10000,1,"A",2,1,"J_u[2,1]",0,-0.000842345078319203,0.000842345078319203,"abs"
"lognormal","muy_dispersa",10000,1,"A",2,2,"J_u[2,2]",20000,19999.9829101562,8.544921875e-07,"rel"
"lognormal","muy_dispersa",10000,1,"B",1,1,"J_u[1,1]",1618.03257676795,1619.14119550919,0.000685164660567656,"rel"
"lognormal","muy_dispersa",10000,1,"B",1,2,"J_u[1,2]",0,-0.537912104151241,0.537912104151241,"abs"
"lognormal","muy_dispersa",10000,1,"B",2,1,"J_u[2,1]",0,-0.537912104151241,0.537912104151241,"abs"
"lognormal","muy_dispersa",10000,1,"B",2,2,"J_u[2,2]",20000,19997.8800275639,0.000105998621807157,"rel"
"lognormal","muy_dispersa",10000,1,"C_richardson",1,1,"J_u[1,1]",1618.03257676795,1617.98214922334,3.11659637317981e-05,"rel"
"lognormal","muy_dispersa",10000,1,"C_richardson",1,2,"J_u[1,2]",0,-0.0208981802763955,0.0208981802763955,"abs"
"lognormal","muy_dispersa",10000,1,"C_richardson",2,1,"J_u[2,1]",0,-0.0208981802763955,0.0208981802763955,"abs"
"lognormal","muy_dispersa",10000,1,"C_richardson",2,2,"J_u[2,2]",20000,19999.9093424479,4.53287760410603e-06,"rel"
"lognormal","muy_dispersa",10000,2,"A",1,1,"J_u[1,1]",1583.61591390622,1583.6157192796,1.22900145000113e-07,"rel"
"lognormal","muy_dispersa",10000,2,"A",1,2,"J_u[1,2]",0,-0.0014680089920294,0.0014680089920294,"abs"
"lognormal","muy_dispersa",10000,2,"A",2,1,"J_u[2,1]",0,-0.0014680089920294,0.0014680089920294,"abs"
"lognormal","muy_dispersa",10000,2,"A",2,2,"J_u[2,2]",20000,19999.9848632812,7.568359375e-07,"rel"
"lognormal","muy_dispersa",10000,2,"B",1,1,"J_u[1,1]",1583.61591390622,1582.11229462635,0.000949484825625753,"rel"
"lognormal","muy_dispersa",10000,2,"B",1,2,"J_u[1,2]",0,0.397707779114025,0.397707779114025,"abs"
"lognormal","muy_dispersa",10000,2,"B",2,1,"J_u[2,1]",0,0.397707779114025,0.397707779114025,"abs"
"lognormal","muy_dispersa",10000,2,"B",2,2,"J_u[2,2]",20000,19996.4910516434,0.000175447417830765,"rel"
"lognormal","muy_dispersa",10000,2,"C_richardson",1,1,"J_u[1,1]",1583.61591390622,1583.59920935866,1.0548357979607e-05,"rel"
"lognormal","muy_dispersa",10000,2,"C_richardson",1,2,"J_u[1,2]",0,-0.00505647541699015,0.00505647541699015,"abs"
"lognormal","muy_dispersa",10000,2,"C_richardson",2,1,"J_u[2,1]",0,-0.00505647541699015,0.00505647541699015,"abs"
"lognormal","muy_dispersa",10000,2,"C_richardson",2,2,"J_u[2,2]",20000,19999.8513997396,7.43001302089397e-06,"rel"
"lognormal","muy_dispersa",10000,3,"A",1,1,"J_u[1,1]",1620.21745606194,1620.22268885667,3.22968668022556e-06,"rel"
"lognormal","muy_dispersa",10000,3,"A",1,2,"J_u[1,2]",0,-0.000726005631404327,0.000726005631404327,"abs"
"lognormal","muy_dispersa",10000,3,"A",2,1,"J_u[2,1]",0,-0.000726005631404327,0.000726005631404327,"abs"
"lognormal","muy_dispersa",10000,3,"A",2,2,"J_u[2,2]",20000,20000.0004882812,2.44140625e-08,"rel"
"lognormal","muy_dispersa",10000,3,"B",1,1,"J_u[1,1]",1620.21745606194,1621.56289361438,0.000830405540572229,"rel"
"lognormal","muy_dispersa",10000,3,"B",1,2,"J_u[1,2]",0,0.0245858581978894,0.0245858581978894,"abs"
"lognormal","muy_dispersa",10000,3,"B",2,1,"J_u[2,1]",0,0.0245858581978894,0.0245858581978894,"abs"
"lognormal","muy_dispersa",10000,3,"B",2,2,"J_u[2,2]",20000,20000.4595542733,2.29777136652046e-05,"rel"
"lognormal","muy_dispersa",10000,3,"C_richardson",1,1,"J_u[1,1]",1620.21745606194,1620.2308448401,8.2635686397099e-06,"rel"
"lognormal","muy_dispersa",10000,3,"C_richardson",1,2,"J_u[1,2]",0,0.0237968512515863,0.0237968512515863,"abs"
"lognormal","muy_dispersa",10000,3,"C_richardson",2,1,"J_u[2,1]",0,0.0237968512515863,0.0237968512515863,"abs"
"lognormal","muy_dispersa",10000,3,"C_richardson",2,2,"J_u[2,2]",20000,20000.1274414062,6.3720703125e-06,"rel"
