dist,dgp,n,cfg,m,k,objective,parameter,theta_true,R,n_success,conv_rate,bias,rel_bias,rmse,rel_rmse,sd,fail_not_applicable,fail_optimizer,fail_boundary,fail_nonfinite
weibull,wei_moderada,100,P3c,3,2,A,shape,1.5,300,295,0.9833333333333333,0.04886569353080139,0.03257712902053426,0.19612185241964367,0.13074790161309577,0.19025938142475693,0,5,0,0
weibull,wei_moderada,100,P3c,3,2,A,scale,600.0,300,295,0.9833333333333333,-3.5009502065411198,-0.0058349170109018664,48.947644162691624,0.08157940693781937,48.90524257663566,0,5,0,0
weibull,wei_moderada,100,P3c,3,2,B,shape,1.5,300,300,1.0,0.03794142156814506,0.02529428104543004,0.1936672396908657,0.1291114931272438,0.19023163558178557,0,0,0,0
weibull,wei_moderada,100,P3c,3,2,B,scale,600.0,300,300,1.0,-4.069121945216239,-0.006781869908693731,48.69199174395081,0.08115331957325135,48.60274060760188,0,0,0,0
weibull,wei_moderada,100,P3c,3,2,Bg,shape,1.5,300,300,1.0,0.0483652525214926,0.03224350168099507,0.1959175403717549,0.13061169358116995,0.1901710679646614,0,0,0,0
weibull,wei_moderada,100,P3c,3,2,Bg,scale,600.0,300,300,1.0,-3.2019720164583987,-0.005336620027430665,48.804705000397206,0.08134117500066201,48.78092387222392,0,0,0,0
weibull,wei_moderada,100,P3c,3,2,C,shape,1.5,300,300,1.0,0.03706362167611199,0.024709081117407994,0.19350549286513966,0.1290036619100931,0.1902401150875538,0,0,0,0
weibull,wei_moderada,100,P3c,3,2,C,scale,600.0,300,300,1.0,-2.934479504011847,-0.004890799173353078,48.699550219227106,0.08116591703204518,48.69228017620538,0,0,0,0
weibull,wei_moderada,100,P3c,3,2,D,shape,1.5,300,300,1.0,0.03326496323150452,0.022176642154336346,0.188634418872158,0.12575627924810534,0.18598841857471438,0,0,0,0
weibull,wei_moderada,100,P3c,3,2,D,scale,600.0,300,300,1.0,-1.8644944713346376,-0.003107490785557729,48.78740615622909,0.08131234359371514,48.83322235087286,0,0,0,0
weibull,wei_moderada,100,P3w,3,2,A,shape,1.5,300,300,1.0,0.05159132895191809,0.03439421930127873,0.16395477729706784,0.1093031848647119,0.1558861939376736,0,0,0,0
weibull,wei_moderada,100,P3w,3,2,A,scale,600.0,300,300,1.0,-2.329555804161714,-0.00388259300693619,45.88583361630567,0.07647638936050945,45.90323066011115,0,0,0,0
weibull,wei_moderada,100,P3w,3,2,B,shape,1.5,300,300,1.0,0.04687004567775732,0.03124669711850488,0.1816380758405764,0.12109205056038426,0.1757799325735177,0,0,0,0
weibull,wei_moderada,100,P3w,3,2,B,scale,600.0,300,300,1.0,-5.364121997071038,-0.00894020332845173,46.13110355439132,0.07688517259065221,45.894727333357075,0,0,0,0
weibull,wei_moderada,100,P3w,3,2,Bg,shape,1.5,300,300,1.0,0.05159134752917738,0.03439423168611825,0.16395532272623425,0.10930354848415617,0.15588676334766416,0,0,0,0
weibull,wei_moderada,100,P3w,3,2,Bg,scale,600.0,300,300,1.0,-2.329543674628553,-0.0038825727910475885,45.885858386783156,0.07647643064463859,45.903256121635614,0,0,0,0
weibull,wei_moderada,100,P3w,3,2,C,shape,1.5,300,300,1.0,0.04514448074864097,0.03009632049909398,0.18067620242501212,0.12045080161667475,0.17523762933927095,0,0,0,0
weibull,wei_moderada,100,P3w,3,2,C,scale,600.0,300,300,1.0,-3.1131046262008795,-0.005188507710334799,45.82463710579449,0.07637439517632415,45.795159141552105,0,0,0,0
weibull,wei_moderada,100,P3w,3,2,D,shape,1.5,300,300,1.0,0.05900573020543476,0.03933715347028984,0.16374687028295895,0.1091645801886393,0.15300128312921074,0,0,0,0
weibull,wei_moderada,100,P3w,3,2,D,scale,600.0,300,300,1.0,-1.5251296124927194,-0.0025418826874878658,47.197885230015395,0.07866314205002566,47.25205680983637,0,0,0,0
weibull,wei_moderada,100,P5,5,2,A,shape,1.5,300,299,0.9966666666666667,0.043946637536668165,0.029297758357778775,0.15292096193077404,0.10194730795384936,0.14671572957112572,0,1,0,0
weibull,wei_moderada,100,P5,5,2,A,scale,600.0,300,299,0.9966666666666667,-3.4773179089665973,-0.005795529848277662,45.60744400722868,0.07601240667871446,45.55092347249413,0,1,0,0
weibull,wei_moderada,100,P5,5,2,B,shape,1.5,300,300,1.0,0.03827715571262358,0.02551810380841572,0.16721859651715343,0.11147906434476895,0.16305071857496012,0,0,0,0
weibull,wei_moderada,100,P5,5,2,B,scale,600.0,300,300,1.0,-6.990603071436112,-0.011651005119060188,45.68786881934358,0.0761464480322393,45.225331337645734,0,0,0,0
weibull,wei_moderada,100,P5,5,2,Bg,shape,1.5,300,300,1.0,0.043132992626358835,0.028755328417572557,0.15310338434987966,0.10206892289991977,0.14714742878876708,0,0,0,0
weibull,wei_moderada,100,P5,5,2,Bg,scale,600.0,300,300,1.0,-3.534394018868511,-0.005890656698114185,45.546941289320884,0.0759115688155348,45.485474028061105,0,0,0,0
weibull,wei_moderada,100,P5,5,2,C,shape,1.5,300,300,1.0,0.04077657326342554,0.027184382175617028,0.16771852505003704,0.11181235003335803,0.16295794659681137,0,0,0,0
weibull,wei_moderada,100,P5,5,2,C,scale,600.0,300,300,1.0,-4.254404169018358,-0.007090673615030596,45.366418834220376,0.07561069805703396,45.24195824262365,0,0,0,0
weibull,wei_moderada,100,P5,5,2,D,shape,1.5,300,300,1.0,0.04144525360786511,0.02763016907191007,0.1516916978548906,0.10112779856992705,0.14616386375699617,0,0,0,0
weibull,wei_moderada,100,P5,5,2,D,scale,600.0,300,300,1.0,-3.260148515769515,-0.005433580859615859,46.288161549686095,0.0771469359161435,46.25035837849,0,0,0,0
weibull,wei_moderada,100,Pmk,2,2,A,shape,1.5,300,290,0.9666666666666667,0.03666900076435575,0.024446000509570503,0.1905826626014388,0.1270551084009592,0.18734503948142076,0,10,0,0
weibull,wei_moderada,100,Pmk,2,2,A,scale,600.0,300,290,0.9666666666666667,-5.833958393021135,-0.009723263988368558,51.02339570845448,0.08503899284742414,50.77639540064585,0,10,0,0
weibull,wei_moderada,100,Pmk,2,2,B,shape,1.5,300,300,1.0,0.03785001240846997,0.025233341605646647,0.19225223027196436,0.12816815351464292,0.18880444999969867,0,0,0,0
weibull,wei_moderada,100,Pmk,2,2,B,scale,600.0,300,300,1.0,-4.857782875535918,-0.008096304792559864,50.88879434887126,0.08481465724811876,50.74104368454117,0,0,0,0
weibull,wei_moderada,100,Pmk,2,2,Bg,shape,1.5,300,300,1.0,0.037851543904340534,0.02523436260289369,0.1922523153043377,0.1281682102028918,0.1888042288191738,0,0,0,0
weibull,wei_moderada,100,Pmk,2,2,Bg,scale,600.0,300,300,1.0,-4.857864181322498,-0.008096440302204163,50.88882589982911,0.08481470983304851,50.741067623153135,0,0,0,0
weibull,wei_moderada,100,Pmk,2,2,C,shape,1.5,300,300,1.0,0.0378511592331332,0.025234106155422136,0.192252115914352,0.12816807727623467,0.18880410248536564,0,0,0,0
weibull,wei_moderada,100,Pmk,2,2,C,scale,600.0,300,300,1.0,-4.8581536341528135,-0.008096922723588022,50.88884486238308,0.08481474143730514,50.74105889929837,0,0,0,0
weibull,wei_moderada,100,Pmk,2,2,D,shape,1.5,300,300,1.0,0.037852865054837315,0.025235243369891542,0.19225086107257172,0.12816724071504781,0.18880247731891145,0,0,0,0
weibull,wei_moderada,100,Pmk,2,2,D,scale,600.0,300,300,1.0,-4.858821675829859,-0.008098036126383098,50.88856721831769,0.08481427869719615,50.740715335565994,0,0,0,0
weibull,wei_moderada,1000,P3c,3,2,A,shape,1.5,300,300,1.0,0.009305769456315893,0.006203846304210596,0.0648837671813865,0.043255844787591,0.06432026289751115,0,0,0,0
weibull,wei_moderada,1000,P3c,3,2,A,scale,600.0,300,300,1.0,1.4715624811132102,0.0024526041351886838,14.878493228932712,0.024797488714887853,14.830279450824296,0,0,0,0
weibull,wei_moderada,1000,P3c,3,2,B,shape,1.5,300,300,1.0,0.009529257316624795,0.0063528382110831965,0.06392451138886196,0.04261634092590797,0.06331587012218494,0,0,0,0
weibull,wei_moderada,1000,P3c,3,2,B,scale,600.0,300,300,1.0,1.3323226082520705,0.0022205376804201177,14.91125156425101,0.02485208594041835,14.876425414852326,0,0,0,0
weibull,wei_moderada,1000,P3c,3,2,Bg,shape,1.5,300,300,1.0,0.009305695525984481,0.006203797017322987,0.06488484090376043,0.043256560602506954,0.06432136038068052,0,0,0,0
weibull,wei_moderada,1000,P3c,3,2,Bg,scale,600.0,300,300,1.0,1.4716222691329222,0.0024527037818882036,14.878481572495867,0.02479746928749311,14.830261764833056,0,0,0,0
weibull,wei_moderada,1000,P3c,3,2,C,shape,1.5,300,300,1.0,0.009445407258324323,0.0062969381722162154,0.06390453081364793,0.04260302054243195,0.06330823893692292,0,0,0,0
weibull,wei_moderada,1000,P3c,3,2,C,scale,600.0,300,300,1.0,1.4412199644463044,0.002402033274077174,14.924976698814255,0.024874961164690425,14.880049306552989,0,0,0,0
weibull,wei_moderada,1000,P3c,3,2,D,shape,1.5,300,300,1.0,0.008499122970979434,0.0056660819806529554,0.0630453260139385,0.042030217342625666,0.0625741944171168,0,0,0,0
weibull,wei_moderada,1000,P3c,3,2,D,scale,600.0,300,300,1.0,1.5322248233177334,0.002553708038862889,14.962405903949628,0.02493734317324938,14.908613843944323,0,0,0,0
weibull,wei_moderada,1000,P3w,3,2,A,shape,1.5,300,297,0.99,0.007369970768842604,0.004913313845895069,0.050845256474408386,0.03389683764960559,0.050393194525716625,0,3,0,0
weibull,wei_moderada,1000,P3w,3,2,A,scale,600.0,300,297,0.99,1.6590417880684072,0.0027650696467806787,14.58593972432233,0.024309899540537215,14.515738632524826,0,3,0,0
weibull,wei_moderada,1000,P3w,3,2,B,shape,1.5,300,300,1.0,0.008452999596065602,0.005635333064043735,0.05266468449379136,0.03510978966252757,0.05206873310554897,0,0,0,0
weibull,wei_moderada,1000,P3w,3,2,B,scale,600.0,300,300,1.0,1.4105619484554381,0.0023509365807590638,14.620447424512625,0.024367412374187707,14.576558283323648,0,0,0,0
weibull,wei_moderada,1000,P3w,3,2,Bg,shape,1.5,300,300,1.0,0.007255693412942188,0.004837128941961459,0.050673115009749185,0.03378207667316612,0.050234761557955136,0,0,0,0
weibull,wei_moderada,1000,P3w,3,2,Bg,scale,600.0,300,300,1.0,1.6279734830070538,0.0027132891383450895,14.536086733376544,0.02422681122229424,14.468771117515189,0,0,0,0
weibull,wei_moderada,1000,P3w,3,2,C,shape,1.5,300,300,1.0,0.008276911948865484,0.005517941299243656,0.05262221243297121,0.03508147495531414,0.052054030040041166,0,0,0,0
weibull,wei_moderada,1000,P3w,3,2,C,scale,600.0,300,300,1.0,1.66129993728714,0.0027688332288119,14.64488583330553,0.024408143055509215,14.574664079571912,0,0,0,0
weibull,wei_moderada,1000,P3w,3,2,D,shape,1.5,300,300,1.0,0.008531872376233984,0.005687914917489323,0.04739734916612319,0.03159823277741546,0.04670102583933112,0,0,0,0
weibull,wei_moderada,1000,P3w,3,2,D,scale,600.0,300,300,1.0,1.5964745519826238,0.0026607909199710396,14.91442505175343,0.024857375086255715,14.853510231025728,0,0,0,0
weibull,wei_moderada,1000,P5,5,2,A,shape,1.5,300,297,0.99,0.007748059508851934,0.00516537300590129,0.04857949669262019,0.03238633112841346,0.04803857953433945,0,3,0,0
weibull,wei_moderada,1000,P5,5,2,A,scale,600.0,300,297,0.99,1.597459699955266,0.0026624328332587764,13.909749124577045,0.02318291520762841,13.841035887633948,0,3,0,0
weibull,wei_moderada,1000,P5,5,2,B,shape,1.5,300,300,1.0,0.007936470619529956,0.0052909804130199705,0.05039505141048926,0.03359670094032617,0.049849341321678564,0,0,0,0
weibull,wei_moderada,1000,P5,5,2,B,scale,600.0,300,300,1.0,1.2663235706259002,0.0021105392843765005,13.86100050995648,0.02310166751659413,13.826097170256054,0,0,0,0
weibull,wei_moderada,1000,P5,5,2,Bg,shape,1.5,300,300,1.0,0.0072348054055808575,0.004823203603720572,0.04868196968757317,0.032454646458382114,0.04822180944786904,0,0,0,0
weibull,wei_moderada,1000,P5,5,2,Bg,scale,600.0,300,300,1.0,1.5937981351340795,0.002656330225223466,13.915845758529743,0.02319307626421624,13.847372908528888,0,0,0,0
weibull,wei_moderada,1000,P5,5,2,C,shape,1.5,300,300,1.0,0.008199514721764833,0.005466343147843222,0.05036874700806138,0.033579164672040925,0.0497799032009771,0,0,0,0
weibull,wei_moderada,1000,P5,5,2,C,scale,600.0,300,300,1.0,1.5722085751407349,0.002620347625234558,13.89902735514337,0.023165045591905617,13.832893820652838,0,0,0,0
weibull,wei_moderada,1000,P5,5,2,D,shape,1.5,300,300,1.0,0.008289815386206989,0.00552654359080466,0.04852851238207939,0.032352341588052926,0.04789511403097787,0,0,0,0
weibull,wei_moderada,1000,P5,5,2,D,scale,600.0,300,300,1.0,1.5208169209192874,0.0025346948681988124,14.12217791872722,0.0235369631978787,14.063509497722844,0,0,0,0
weibull,wei_moderada,1000,Pmk,2,2,A,shape,1.5,300,290,0.9666666666666667,0.00924323163972196,0.006162154426481307,0.062401456034127764,0.04160097068941851,0.0618197589763607,0,10,0,0
weibull,wei_moderada,1000,Pmk,2,2,A,scale,600.0,300,290,0.9666666666666667,0.9422405968998646,0.0015704009948331076,15.145104763304786,0.025241841272174645,15.14189523354767,0,10,0,0
weibull,wei_moderada,1000,Pmk,2,2,B,shape,1.5,300,300,1.0,0.00939582383010662,0.006263882553404414,0.06356179104328603,0.04237452736219069,0.06296853629972451,0,0,0,0
weibull,wei_moderada,1000,Pmk,2,2,B,scale,600.0,300,300,1.0,1.4884521033585543,0.0024807535055975903,15.29247718708636,0.025487461978477267,15.245297608908064,0,0,0,0
weibull,wei_moderada,1000,Pmk,2,2,Bg,shape,1.5,300,300,1.0,0.009397501621172255,0.006265001080781503,0.06356354910121743,0.04237569940081162,0.06297006565173294,0,0,0,0
weibull,wei_moderada,1000,Pmk,2,2,Bg,scale,600.0,300,300,1.0,1.488535235690506,0.0024808920594841764,15.292470761820116,0.025487451269700194,15.245282998320954,0,0,0,0
weibull,wei_moderada,1000,Pmk,2,2,C,shape,1.5,300,300,1.0,0.009396579161723428,0.006264386107815619,0.06356216918479514,0.04237477945653009,0.06296880619305546,0,0,0,0
weibull,wei_moderada,1000,Pmk,2,2,C,scale,600.0,300,300,1.0,1.4882953705451882,0.0024804922842419806,15.292458007107934,0.025487430011846557,15.245293657986203,0,0,0,0
weibull,wei_moderada,1000,Pmk,2,2,D,shape,1.5,300,300,1.0,0.009400250246085706,0.006266833497390471,0.06356095557465119,0.04237397038310079,0.06296702727581785,0,0,0,0
weibull,wei_moderada,1000,Pmk,2,2,D,scale,600.0,300,300,1.0,1.4881318639935444,0.002480219773322574,15.292622490513262,0.025487704150855436,15.245475216425179,0,0,0,0
weibull,wei_moderada,10000,P3c,3,2,A,shape,1.5,300,296,0.9866666666666667,0.001331238689066483,0.0008874924593776553,0.018652716648332596,0.012435144432221731,0.018636658426661172,0,4,0,0
weibull,wei_moderada,10000,P3c,3,2,A,scale,600.0,300,296,0.9866666666666667,-0.10545744766488951,-0.00017576241277481586,4.695292869637508,0.007825488116062514,4.702057804865195,0,4,0,0
weibull,wei_moderada,10000,P3c,3,2,B,shape,1.5,300,300,1.0,0.0016099957092106099,0.0010733304728070732,0.019207098040585836,0.012804732027057224,0.019171480934652898,0,0,0,0
weibull,wei_moderada,10000,P3c,3,2,B,scale,600.0,300,300,1.0,-0.14839078470174627,-0.00024731797450291043,4.702232471896822,0.007837054119828036,4.7077432544631135,0,0,0,0
weibull,wei_moderada,10000,P3c,3,2,Bg,shape,1.5,300,300,1.0,0.001165748242658582,0.0007771654951057213,0.01861674988191351,0.01241116658794234,0.018611260136811407,0,0,0,0
weibull,wei_moderada,10000,P3c,3,2,Bg,scale,600.0,300,300,1.0,-0.1164581480779816,-0.00019409691346330269,4.68643616356509,0.00781072693927515,4.692816835094114,0,0,0,0
weibull,wei_moderada,10000,P3c,3,2,C,shape,1.5,300,300,1.0,0.0016045084337836801,0.0010696722891891202,0.019206832417411165,0.012804554944940776,0.01917167549626829,0,0,0,0
weibull,wei_moderada,10000,P3c,3,2,C,scale,600.0,300,300,1.0,-0.13891726678662053,-0.0002315287779777009,4.700319245374421,0.007833865408957369,4.706116030770592,0,0,0,0
weibull,wei_moderada,10000,P3c,3,2,D,shape,1.5,300,300,1.0,0.0012920973677827963,0.0008613982451885308,0.018542964716046963,0.012361976477364643,0.01852879955355223,0,0,0,0
weibull,wei_moderada,10000,P3c,3,2,D,scale,600.0,300,300,1.0,-0.13473293103379547,-0.00022455488505632577,4.705275866158567,0.007842126443597613,4.71120503234632,0,0,0,0
weibull,wei_moderada,10000,P3w,3,2,A,shape,1.5,300,285,0.95,-0.00073352695513762,-0.0004890179700917466,0.015241999226837069,0.01016133281789138,0.015251118224015344,0,15,0,0
weibull,wei_moderada,10000,P3w,3,2,A,scale,600.0,300,285,0.95,-0.08732508817411144,-0.00014554181362351907,4.597492335896763,0.007662487226494604,4.604748536766909,0,15,0,0
weibull,wei_moderada,10000,P3w,3,2,B,shape,1.5,300,300,1.0,-0.00012366451070922047,-8.244300713948031e-05,0.015693876331434715,0.010462584220956478,0.015719610318230364,0,0,0,0
weibull,wei_moderada,10000,P3w,3,2,B,scale,600.0,300,300,1.0,-0.05951352890906492,-9.918921484844153e-05,4.645022949996244,0.007741704916660408,4.652402157163026,0,0,0,0
weibull,wei_moderada,10000,P3w,3,2,Bg,shape,1.5,300,300,1.0,-0.00046152284475331484,-0.0003076818965022099,0.015487895167203856,0.010325263444802571,0.015506883573689475,0,0,0,0
weibull,wei_moderada,10000,P3w,3,2,Bg,scale,600.0,300,300,1.0,-0.05321639961721303,-8.869399936202171e-05,4.5835982407635765,0.007639330401272628,4.59094727011751,0,0,0,0
weibull,wei_moderada,10000,P3w,3,2,C,shape,1.5,300,300,1.0,-0.0001388440870058183,-9.256272467054553e-05,0.015694170280210154,0.01046278018680677,0.01571977760009313,0,0,0,0
weibull,wei_moderada,10000,P3w,3,2,C,scale,600.0,300,300,1.0,-0.03713256307048596,-6.188760511747659e-05,4.645888258316297,0.007743147097193827,4.65350217468741,0,0,0,0
weibull,wei_moderada,10000,P3w,3,2,D,shape,1.5,300,300,1.0,-0.00027859338754909757,-0.00018572892503273172,0.014344333571290781,0.009562889047527187,0.014365590554125148,0,0,0,0
weibull,wei_moderada,10000,P3w,3,2,D,scale,600.0,300,300,1.0,-0.07239332533310971,-0.00012065554222184952,4.65518963805534,0.0077586493967589,4.66240386553864,0,0,0,0
weibull,wei_moderada,10000,P5,5,2,A,shape,1.5,300,293,0.9766666666666667,-8.548177493650222e-05,-5.6987849957668146e-05,0.015048031873061828,0.010032021248707884,0.015073533816659752,0,7,0,0
weibull,wei_moderada,10000,P5,5,2,A,scale,600.0,300,293,0.9766666666666667,-0.016732908713379402,-2.788818118896567e-05,4.436644397184228,0.00739440732864038,4.4442032894762145,0,7,0,0
weibull,wei_moderada,10000,P5,5,2,B,shape,1.5,300,300,1.0,0.0001291886142837928,8.612574285586187e-05,0.014868662397304491,0.009912441598202993,0.01489294344092995,0,0,0,0
weibull,wei_moderada,10000,P5,5,2,B,scale,600.0,300,300,1.0,-0.04045985786626716,-6.74330964437786e-05,4.419415528819421,0.007365692548032369,4.4266141680651065,0,0,0,0
weibull,wei_moderada,10000,P5,5,2,Bg,shape,1.5,300,300,1.0,-0.00011275797436582913,-7.517198291055276e-05,0.014965344613396474,0.009976896408930984,0.014989923874483415,0,0,0,0
weibull,wei_moderada,10000,P5,5,2,Bg,scale,600.0,300,300,1.0,-0.0338913550988309,-5.6485591831384836e-05,4.409567772818101,0.007349279621363502,4.416805015045226,0,0,0,0
weibull,wei_moderada,10000,P5,5,2,C,shape,1.5,300,300,1.0,0.0001542594119476881,0.00010283960796512541,0.014864072696664107,0.009909381797776071,0.014888106445885622,0,0,0,0
weibull,wei_moderada,10000,P5,5,2,C,scale,600.0,300,300,1.0,-0.011449429579101889,-1.908238263183648e-05,4.420455230755313,0.007367425384592188,4.427826273621429,0,0,0,0
weibull,wei_moderada,10000,P5,5,2,D,shape,1.5,300,300,1.0,0.0005171502109118098,0.00034476680727453984,0.014228433363788174,0.009485622242525448,0.014242789819880515,0,0,0,0
weibull,wei_moderada,10000,P5,5,2,D,scale,600.0,300,300,1.0,-0.0656928165917634,-0.000109488027652939,4.458359360967769,0.007430598934946282,4.465323769515395,0,0,0,0
weibull,wei_moderada,10000,Pmk,2,2,A,shape,1.5,300,290,0.9666666666666667,0.0015744314840833162,0.0010496209893888775,0.01918287687094302,0.012788584580628681,0.019151204923726142,0,10,0,0
weibull,wei_moderada,10000,Pmk,2,2,A,scale,600.0,300,290,0.9666666666666667,0.019702478492831688,3.283746415471948e-05,4.803274483398242,0.008005457472330405,4.81153699188264,0,10,0,0
weibull,wei_moderada,10000,Pmk,2,2,B,shape,1.5,300,300,1.0,0.0015528197370622276,0.0010352131580414852,0.0190171683971146,0.012678112264743066,0.018985334369246994,0,0,0,0
weibull,wei_moderada,10000,Pmk,2,2,B,scale,600.0,300,300,1.0,-0.05373084416532947,-8.955140694221579e-05,4.8055994224328415,0.008009332370721402,4.813327943489556,0,0,0,0
weibull,wei_moderada,10000,Pmk,2,2,Bg,shape,1.5,300,300,1.0,0.0015547938179119036,0.001036529211941269,0.01901730838766673,0.01267820559177782,0.018985312960005864,0,0,0,0
weibull,wei_moderada,10000,Pmk,2,2,Bg,scale,600.0,300,300,1.0,-0.05367042058753668,-8.945070097922781e-05,4.805561308107033,0.008009268846845056,4.813290439478861,0,0,0,0
weibull,wei_moderada,10000,Pmk,2,2,C,shape,1.5,300,300,1.0,0.0015541420749853874,0.001036094716656925,0.019016399694563615,0.012677599796375743,0.01898445323511531,0,0,0,0
weibull,wei_moderada,10000,Pmk,2,2,C,scale,600.0,300,300,1.0,-0.05378458675420461,-8.964097792367435e-05,4.80565085511543,0.00800941809185905,4.813378863102844,0,0,0,0
weibull,wei_moderada,10000,Pmk,2,2,D,shape,1.5,300,300,1.0,0.0015609450227911381,0.0010406300151940921,0.01902137342995241,0.012680915619968274,0.018988892135825365,0,0,0,0
weibull,wei_moderada,10000,Pmk,2,2,D,scale,600.0,300,300,1.0,-0.054757155924676226,-9.126192654112704e-05,4.805629933444103,0.008009383222406838,4.813346902704492,0,0,0,0
weibull,wei_hazard_dec,100,P3c,3,2,A,shape,0.7,300,299,0.9966666666666667,0.02747841128388917,0.03925487326269882,0.11014460174187668,0.15734943105982385,0.1068407566774912,0,1,0,0
weibull,wei_hazard_dec,100,P3c,3,2,A,scale,500.0,300,299,0.9966666666666667,-2.570466689392333,-0.005140933378784666,80.36659225878525,0.1607331845175705,80.46013590121852,0,1,0,0
weibull,wei_hazard_dec,100,P3c,3,2,B,shape,0.7,300,300,1.0,0.029817518064259585,0.04259645437751369,0.09963425286057465,0.14233464694367806,0.09522671395012157,0,0,0,0
weibull,wei_hazard_dec,100,P3c,3,2,B,scale,500.0,300,300,1.0,-5.529574217921663,-0.011059148435843326,80.40794606009227,0.16081589212018454,80.35162023768162,0,0,0,0
weibull,wei_hazard_dec,100,P3c,3,2,Bg,shape,0.7,300,300,1.0,0.027261582977006205,0.03894511853858029,0.109981421816399,0.15711631688057,0.10672716710851016,0,0,0,0
weibull,wei_hazard_dec,100,P3c,3,2,Bg,scale,500.0,300,300,1.0,-2.326779066612062,-0.004653558133224124,80.33566048504714,0.1606713209700943,80.43613003366863,0,0,0,0
weibull,wei_hazard_dec,100,P3c,3,2,C,shape,0.7,300,300,1.0,0.029047690285968653,0.04149670040852665,0.09934049473225749,0.14191499247465356,0.09515749442468557,0,0,0,0
weibull,wei_hazard_dec,100,P3c,3,2,C,scale,500.0,300,300,1.0,-2.179555104746271,-0.004359110209492542,80.4507500479558,0.1609015000959116,80.55559198979788,0,0,0,0
weibull,wei_hazard_dec,100,P3c,3,2,D,shape,0.7,300,300,1.0,0.024544453009909928,0.035063504299871324,0.09620513113824171,0.1374359016260596,0.0931769116967741,0,0,0,0
weibull,wei_hazard_dec,100,P3c,3,2,D,scale,500.0,300,300,1.0,-0.8739008780215727,-0.0017478017560431454,80.6906987926569,0.1613813975853138,80.82078010775919,0,0,0,0
weibull,wei_hazard_dec,100,P3w,3,2,A,shape,0.7,300,295,0.9833333333333333,0.018816547505326908,0.026880782150467013,0.08938122168681555,0.12768745955259364,0.08752662175020848,0,5,0,0
weibull,wei_hazard_dec,100,P3w,3,2,A,scale,500.0,300,295,0.9833333333333333,-0.7699045716952355,-0.001539809143390471,83.9070426060657,0.1678140852121314,84.04608224397121,0,5,0,0
weibull,wei_hazard_dec,100,P3w,3,2,B,shape,0.7,300,300,1.0,0.03064768477877111,0.043782406826815876,0.08043027678777916,0.11490039541111309,0.07448652888370932,0,0,0,0
weibull,wei_hazard_dec,100,P3w,3,2,B,scale,500.0,300,300,1.0,-3.514599224563483,-0.007029198449126966,84.22685006577602,0.16845370013155203,84.29409734445903,0,0,0,0
weibull,wei_hazard_dec,100,P3w,3,2,Bg,shape,0.7,300,300,1.0,0.01855445113302423,0.02650635876146319,0.08918460645057535,0.12740658064367907,0.08737892552736774,0,0,0,0
weibull,wei_hazard_dec,100,P3w,3,2,Bg,scale,500.0,300,300,1.0,-0.8696835897941355,-0.001739367179588271,84.03205007266621,0.1680641001453324,84.16794659478154,0,0,0,0
weibull,wei_hazard_dec,100,P3w,3,2,C,shape,0.7,300,300,1.0,0.02884258355763325,0.04120369079661893,0.07923111964876481,0.11318731378394974,0.07391812130125369,0,0,0,0
weibull,wei_hazard_dec,100,P3w,3,2,C,scale,500.0,300,300,1.0,3.844906897118676,0.007689813794237352,84.35454708612639,0.16870909417225277,84.40767237388194,0,0,0,0
weibull,wei_hazard_dec,100,P3w,3,2,D,shape,0.7,300,300,1.0,0.02661304545877574,0.038018636369679636,0.07316509296109242,0.10452156137298917,0.06826720547886866,0,0,0,0
weibull,wei_hazard_dec,100,P3w,3,2,D,scale,500.0,300,300,1.0,0.4298236476963666,0.0008596472953927332,83.36903333687275,0.1667380666737455,83.50722019024956,0,0,0,0
weibull,wei_hazard_dec,100,P5,5,2,A,shape,0.7,300,297,0.99,0.017626554775833414,0.02518079253690488,0.1054544579300401,0.15064922561434302,0.10414637466643487,0,3,0,0
weibull,wei_hazard_dec,100,P5,5,2,A,scale,500.0,300,297,0.99,-5.112867680063232,-0.010225735360126465,85.40644964400926,0.17081289928801852,85.39715853059776,0,3,0,0
weibull,wei_hazard_dec,100,P5,5,2,B,shape,0.7,300,300,1.0,0.02491967379334603,0.035599533990494335,0.07502082502390651,0.10717260717700931,0.07087933629070507,0,0,0,0
weibull,wei_hazard_dec,100,P5,5,2,B,scale,500.0,300,300,1.0,-8.601817747539485,-0.01720363549507897,78.40133621520981,0.15680267243041962,78.05823817461486,0,0,0,0
weibull,wei_hazard_dec,100,P5,5,2,Bg,shape,0.7,300,300,1.0,0.01649478173654173,0.02356397390934533,0.10565035347378464,0.1509290763911209,0.10452913708434673,0,0,0,0
weibull,wei_hazard_dec,100,P5,5,2,Bg,scale,500.0,300,300,1.0,-5.35830785017248,-0.01071661570034496,85.3241835323037,0.17064836706460743,85.29805013574592,0,0,0,0
weibull,wei_hazard_dec,100,P5,5,2,C,shape,0.7,300,300,1.0,0.0273851465989865,0.039121637998552145,0.07537064549134072,0.10767235070191532,0.07033689556074954,0,0,0,0
weibull,wei_hazard_dec,100,P5,5,2,C,scale,500.0,300,300,1.0,0.7504640046158784,0.0015009280092317567,78.22804397939593,0.15645608795879187,78.3551451054859,0,0,0,0
weibull,wei_hazard_dec,100,P5,5,2,D,shape,0.7,300,300,1.0,0.024842881570875663,0.035489830815536666,0.0735042350927358,0.10500605013247973,0.0692943685315836,0,0,0,0
weibull,wei_hazard_dec,100,P5,5,2,D,scale,500.0,300,300,1.0,-1.0560712177864957,-0.0021121424355729913,77.87338898959791,0.15574677797919584,77.99633015748226,0,0,0,0
weibull,wei_hazard_dec,100,Pmk,2,2,A,shape,0.7,300,294,0.98,0.028020669711444568,0.04002952815920653,0.09827419895015728,0.14039171278593898,0.09435540453575159,0,6,0,0
weibull,wei_hazard_dec,100,Pmk,2,2,A,scale,500.0,300,294,0.98,-0.7041537902265418,-0.0014083075804530835,81.24230104525687,0.16248460209051374,81.37776486636184,0,6,0,0
weibull,wei_hazard_dec,100,Pmk,2,2,B,shape,0.7,300,300,1.0,0.02870535595662982,0.04100765136661403,0.09863245749910989,0.14090351071301413,0.09452060460042733,0,0,0,0
weibull,wei_hazard_dec,100,Pmk,2,2,B,scale,500.0,300,300,1.0,-0.7942945245067676,-0.0015885890490135353,82.11035808819817,0.16422071617639633,82.24370345162356,0,0,0,0
weibull,wei_hazard_dec,100,Pmk,2,2,Bg,shape,0.7,300,300,1.0,0.028704777397169368,0.0410068248530991,0.09863142709229333,0.1409020387032762,0.09451970206489288,0,0,0,0
weibull,wei_hazard_dec,100,Pmk,2,2,Bg,scale,500.0,300,300,1.0,-0.7942683498268366,-0.001588536699653673,82.1107214051991,0.1642214428103982,82.24406764632975,0,0,0,0
weibull,wei_hazard_dec,100,Pmk,2,2,C,shape,0.7,300,300,1.0,0.02870557907595983,0.04100797010851405,0.09863288620386512,0.14090412314837875,0.09452098546422827,0,0,0,0
weibull,wei_hazard_dec,100,Pmk,2,2,C,scale,500.0,300,300,1.0,-0.7944382896409365,-0.001588876579281873,82.11043056155133,0.16422086112310266,82.24377465623958,0,0,0,0
weibull,wei_hazard_dec,100,Pmk,2,2,D,shape,0.7,300,300,1.0,0.028705681763152135,0.04100811680450305,0.09863012098875427,0.14090017284107753,0.09451805901007691,0,0,0,0
weibull,wei_hazard_dec,100,Pmk,2,2,D,scale,500.0,300,300,1.0,-0.7948633765142858,-0.0015897267530285716,82.10963838365515,0.1642192767673103,82.24297699656884,0,0,0,0
weibull,wei_hazard_dec,1000,P3c,3,2,A,shape,0.7,300,294,0.98,-0.0001289236341839306,-0.00018417662026275802,0.033668895475928065,0.048098422108468666,0.033726054732546744,0,6,0,0
weibull,wei_hazard_dec,1000,P3c,3,2,A,scale,500.0,300,294,0.98,0.935982309759936,0.001871964619519872,26.00250123059823,0.052005002461196465,26.029956368550035,0,6,0,0
weibull,wei_hazard_dec,1000,P3c,3,2,B,shape,0.7,300,300,1.0,0.0011973631062608403,0.001710518723229772,0.026530038942550984,0.03790005563221569,0.026547287673655037,0,0,0,0
weibull,wei_hazard_dec,1000,P3c,3,2,B,scale,500.0,300,300,1.0,0.5449434641874973,0.0010898869283749945,25.853600090071996,0.05170720018014399,25.891044039262304,0,0,0,0
weibull,wei_hazard_dec,1000,P3c,3,2,Bg,shape,0.7,300,300,1.0,-9.921206450513864e-05,-0.00014173152072162663,0.033547366594200115,0.04792480942028588,0.03360327209300356,0,0,0,0
weibull,wei_hazard_dec,1000,P3c,3,2,Bg,scale,500.0,300,300,1.0,0.9177167571762652,0.0018354335143525304,25.84193145465766,0.05168386290931532,25.868781638731992,0,0,0,0
weibull,wei_hazard_dec,1000,P3c,3,2,C,shape,0.7,300,300,1.0,0.0011149452886012323,0.0015927789837160463,0.02652164538365722,0.03788806483379603,0.026542473771414873,0,0,0,0
weibull,wei_hazard_dec,1000,P3c,3,2,C,scale,500.0,300,300,1.0,0.9462807895456535,0.001892561579091307,25.843582033499867,0.05168716406699973,25.869403519429618,0,0,0,0
weibull,wei_hazard_dec,1000,P3c,3,2,D,shape,0.7,300,300,1.0,0.0003939160246385631,0.0005627371780550902,0.026500060955771936,0.037857229936817054,0.026541405668779938,0,0,0,0
weibull,wei_hazard_dec,1000,P3c,3,2,D,scale,500.0,300,300,1.0,1.071190433635877,0.002142380867271754,25.859988750931777,0.05171997750186355,25.880964374931242,0,0,0,0
weibull,wei_hazard_dec,1000,P3w,3,2,A,shape,0.7,300,291,0.97,0.0006691157005538351,0.0009558795722197645,0.02906502979005649,0.041521471128652135,0.029107382526926396,0,9,0,0
weibull,wei_hazard_dec,1000,P3w,3,2,A,scale,500.0,300,291,0.97,0.058405902633523965,0.00011681180526704793,26.12386144891609,0.05224772289783218,26.168798425107678,0,9,0,0
weibull,wei_hazard_dec,1000,P3w,3,2,B,shape,0.7,300,300,1.0,0.0020985004026404797,0.002997857718057828,0.02308592033737827,0.03297988619625467,0.02302875940535498,0,0,0,0
weibull,wei_hazard_dec,1000,P3w,3,2,B,scale,500.0,300,300,1.0,-0.36635357351389075,-0.0007327071470277815,25.75528694930726,0.05151057389861452,25.795709974281667,0,0,0,0
weibull,wei_hazard_dec,1000,P3w,3,2,Bg,shape,0.7,300,300,1.0,0.00107818446498964,0.0015402635214137714,0.029032350528540283,0.041474786469343265,0.029060798259104015,0,0,0,0
weibull,wei_hazard_dec,1000,P3w,3,2,Bg,scale,500.0,300,300,1.0,0.027949762501634723,5.589952500326944e-05,26.191477655755715,0.05238295531151143,26.235224615737287,0,0,0,0
weibull,wei_hazard_dec,1000,P3w,3,2,C,shape,0.7,300,300,1.0,0.0019343286729871512,0.0027633266756959306,0.023057819020794096,0.03293974145827728,0.023014930240181527,0,0,0,0
weibull,wei_hazard_dec,1000,P3w,3,2,C,scale,500.0,300,300,1.0,0.5092304961798391,0.001018460992359678,25.657461566747063,0.051314923133494124,25.69526884768307,0,0,0,0
weibull,wei_hazard_dec,1000,P3w,3,2,D,shape,0.7,300,300,1.0,0.0017924498589665383,0.0025606426556664835,0.021491697935013047,0.03070242562144721,0.02145260476344828,0,0,0,0
weibull,wei_hazard_dec,1000,P3w,3,2,D,scale,500.0,300,300,1.0,0.18136303633394846,0.00036272607266789694,25.808348962868404,0.05161669792573681,25.850832393232245,0,0,0,0
weibull,wei_hazard_dec,1000,P5,5,2,A,shape,0.7,300,297,0.99,0.0022356909274081627,0.0031938441820116613,0.034235101417658634,0.048907287739512334,0.034219681045874036,0,3,0,0
weibull,wei_hazard_dec,1000,P5,5,2,A,scale,500.0,300,297,0.99,0.8944316294014811,0.0017888632588029623,27.426409278147194,0.05485281855629439,27.458085479802097,0,3,0,0
weibull,wei_hazard_dec,1000,P5,5,2,B,shape,0.7,300,300,1.0,0.0014017832971560118,0.002002547567365731,0.021826667136738497,0.031180953052483567,0.021818000650696064,0,0,0,0
weibull,wei_hazard_dec,1000,P5,5,2,B,scale,500.0,300,300,1.0,-0.2804413040777831,-0.0005608826081555662,24.600554707335682,0.049201109414671367,24.64005721005192,0,0,0,0
weibull,wei_hazard_dec,1000,P5,5,2,Bg,shape,0.7,300,300,1.0,0.0023255497196520425,0.003322213885217204,0.03409183773670109,0.048702625338144415,0.0340692569088524,0,0,0,0
weibull,wei_hazard_dec,1000,P5,5,2,Bg,scale,500.0,300,300,1.0,0.9570283115800748,0.0019140566231601497,27.379831557543866,0.05475966311508773,27.408820070477837,0,0,0,0
weibull,wei_hazard_dec,1000,P5,5,2,C,shape,0.7,300,300,1.0,0.0016106326598031018,0.002300903799718717,0.021780763265395568,0.031115376093422242,0.021757423156240567,0,0,0,0
weibull,wei_hazard_dec,1000,P5,5,2,C,scale,500.0,300,300,1.0,0.758766423230611,0.0015175328464612221,24.531217142331993,0.04906243428466399,24.560448014809936,0,0,0,0
weibull,wei_hazard_dec,1000,P5,5,2,D,shape,0.7,300,300,1.0,0.0011601389466174838,0.0016573413523106914,0.021069543917236002,0.03009934845319429,0.021072730206741087,0,0,0,0
weibull,wei_hazard_dec,1000,P5,5,2,D,scale,500.0,300,300,1.0,0.7484035733509131,0.0014968071467018262,24.65768011113208,0.04931536022226416,24.687499996446835,0,0,0,0
weibull,wei_hazard_dec,1000,Pmk,2,2,A,shape,0.7,300,296,0.9866666666666667,0.0007688481499119604,0.0010983544998742292,0.026459227210987268,0.037798896015696096,0.026492843602230195,0,4,0,0
weibull,wei_hazard_dec,1000,Pmk,2,2,A,scale,500.0,300,296,0.9866666666666667,1.3339656221198197,0.0026679312442396395,26.816482450747042,0.053632964901494086,26.828640335110833,0,4,0,0
weibull,wei_hazard_dec,1000,Pmk,2,2,B,shape,0.7,300,300,1.0,0.0010321684034977352,0.0014745262907110504,0.026416448822348428,0.037737784031926326,0.02644038027590291,0,0,0,0
weibull,wei_hazard_dec,1000,Pmk,2,2,B,scale,500.0,300,300,1.0,1.5412819326416525,0.003082563865283305,26.943093579847698,0.0538861871596954,26.943916886386017,0,0,0,0
weibull,wei_hazard_dec,1000,Pmk,2,2,Bg,shape,0.7,300,300,1.0,0.0010330581120341353,0.0014757973029059077,0.026417866775967434,0.03773980967995348,0.0264417668226919,0,0,0,0
weibull,wei_hazard_dec,1000,Pmk,2,2,Bg,scale,500.0,300,300,1.0,1.5417799316220453,0.0030835598632440904,26.943327597858733,0.05388665519571747,26.944123093026384,0,0,0,0
weibull,wei_hazard_dec,1000,Pmk,2,2,C,shape,0.7,300,300,1.0,0.0010320999032518152,0.0014744284332168789,0.026416493049640246,0.03773784721377178,0.026440427293881037,0,0,0,0
weibull,wei_hazard_dec,1000,Pmk,2,2,C,scale,500.0,300,300,1.0,1.541299224468446,0.003082598448936892,26.943129665403657,0.05388625933080731,26.943952099060418,0,0,0,0
weibull,wei_hazard_dec,1000,Pmk,2,2,D,shape,0.7,300,300,1.0,0.0010356527307398,0.0014795039010568572,0.02641643249274581,0.03773776070392259,0.026440227201115277,0,0,0,0
weibull,wei_hazard_dec,1000,Pmk,2,2,D,scale,500.0,300,300,1.0,1.5380759890957734,0.003076151978191547,26.942280337488253,0.0538845606749765,26.943284766628313,0,0,0,0
weibull,wei_hazard_dec,10000,P3c,3,2,A,shape,0.7,300,295,0.9833333333333333,-0.0003608398331776952,-0.000515485475968136,0.010212733174932048,0.014589618821331498,0.010223699539335536,0,5,0,0
weibull,wei_hazard_dec,10000,P3c,3,2,A,scale,500.0,300,295,0.9833333333333333,0.23704585290369096,0.00047409170580738194,8.087206738051682,0.016174413476103364,8.09746811354095,0,5,0,0
weibull,wei_hazard_dec,10000,P3c,3,2,B,shape,0.7,300,300,1.0,-6.210048426102954e-05,-8.87149775157565e-05,0.009554739983798336,0.013649628548283338,0.009570502324171518,0,0,0,0
weibull,wei_hazard_dec,10000,P3c,3,2,B,scale,500.0,300,300,1.0,0.13718660117319814,0.00027437320234639627,8.040653646781813,0.016081307293563624,8.052915978481696,0,0,0,0
weibull,wei_hazard_dec,10000,P3c,3,2,Bg,shape,0.7,300,300,1.0,-0.00031818683899376143,-0.0004545526271339449,0.01014437269076725,0.014491960986810357,0.010156322697073936,0,0,0,0
weibull,wei_hazard_dec,10000,P3c,3,2,Bg,scale,500.0,300,300,1.0,0.1787729662578954,0.0003575459325157908,8.032271645135012,0.016064543290270024,8.043699294202913,0,0,0,0
weibull,wei_hazard_dec,10000,P3c,3,2,C,shape,0.7,300,300,1.0,-7.006203002890565e-05,-0.00010008861432700808,0.009553916952525832,0.013648452789322618,0.009569622739636708,0,0,0,0
weibull,wei_hazard_dec,10000,P3c,3,2,C,scale,500.0,300,300,1.0,0.1773113039294003,0.00035462260785880064,8.038925529989687,0.016077851059979373,8.050398380941052,0,0,0,0
weibull,wei_hazard_dec,10000,P3c,3,2,D,shape,0.7,300,300,1.0,-0.00017309998356829226,-0.0002472856908118461,0.00913668846864299,0.013052412098061414,0.009150311830243348,0,0,0,0
weibull,wei_hazard_dec,10000,P3c,3,2,D,scale,500.0,300,300,1.0,0.18279832578377864,0.0003655966515675573,8.059906798360817,0.016119813596721634,8.071296993309122,0,0,0,0
weibull,wei_hazard_dec,10000,P3w,3,2,A,shape,0.7,300,290,0.9666666666666667,0.00014695349322912943,0.0002099335617558992,0.0084857676979368,0.012122525282766859,0.008499161539617196,0,10,0,0
weibull,wei_hazard_dec,10000,P3w,3,2,A,scale,500.0,300,290,0.9666666666666667,-0.01348682509609489,-2.697365019218978e-05,8.189762219023343,0.016379524438046685,8.203907997736813,0,10,0,0
weibull,wei_hazard_dec,10000,P3w,3,2,B,shape,0.7,300,300,1.0,0.0005485924979150569,0.0007837035684500813,0.007478081147798769,0.010682973068283957,0.007470392658972174,0,0,0,0
weibull,wei_hazard_dec,10000,P3w,3,2,B,scale,500.0,300,300,1.0,0.01004345597698375,2.0086911953967502e-05,7.815639213553866,0.015631278427107733,7.828691470860206,0,0,0,0
weibull,wei_hazard_dec,10000,P3w,3,2,Bg,shape,0.7,300,300,1.0,0.00012324881014835753,0.0001760697287833679,0.008486641309687525,0.012123773299553608,0.008499924677027572,0,0,0,0
weibull,wei_hazard_dec,10000,P3w,3,2,Bg,scale,500.0,300,300,1.0,-0.05639371217966982,-0.00011278742435933964,8.200005354265933,0.016400010708531865,8.213512047823942,0,0,0,0
weibull,wei_hazard_dec,10000,P3w,3,2,C,shape,0.7,300,300,1.0,0.0005320548338144659,0.0007600783340206657,0.007475836747401502,0.010679766782002147,0.0074693388464860495,0,0,0,0
weibull,wei_hazard_dec,10000,P3w,3,2,C,scale,500.0,300,300,1.0,0.10031711242589836,0.0002006342248517967,7.812886467823028,0.015625772935646057,7.825295453367134,0,0,0,0
weibull,wei_hazard_dec,10000,P3w,3,2,D,shape,0.7,300,300,1.0,0.0003795718950357907,0.0005422455643368439,0.006471550267314561,0.009245071810449373,0.006471203620130397,0,0,0,0
weibull,wei_hazard_dec,10000,P3w,3,2,D,scale,500.0,300,300,1.0,-0.026141847147471253,-5.228369429494251e-05,8.037929116761148,0.016075858233522297,8.051316668111191,0,0,0,0
weibull,wei_hazard_dec,10000,P5,5,2,A,shape,0.7,300,297,0.99,0.0004505299723847056,0.0006436142462638652,0.010320932206371806,0.014744188866245438,0.0103284969395054,0,3,0,0
weibull,wei_hazard_dec,10000,P5,5,2,A,scale,500.0,300,297,0.99,0.15211003251380362,0.0003042200650276072,8.493770468718052,0.016987540937436103,8.506741522932415,0,3,0,0
weibull,wei_hazard_dec,10000,P5,5,2,B,shape,0.7,300,300,1.0,0.0003619072357512465,0.0005170103367874951,0.007126612926131133,0.010180875608758761,0.007129309817919019,0,0,0,0
weibull,wei_hazard_dec,10000,P5,5,2,B,scale,500.0,300,300,1.0,-0.006818502297562645,-1.363700459512529e-05,7.420368821950913,0.014840737643901827,7.432763969697841,0,0,0,0
weibull,wei_hazard_dec,10000,P5,5,2,Bg,shape,0.7,300,300,1.0,0.0004760964382360955,0.0006801377689087079,0.010319435470315347,0.01474205067187907,0.010325670867813035,0,0,0,0
weibull,wei_hazard_dec,10000,P5,5,2,Bg,scale,500.0,300,300,1.0,0.24577027317855027,0.0004915405463571006,8.511093148873485,0.01702218629774697,8.521758707362658,0,0,0,0
weibull,wei_hazard_dec,10000,P5,5,2,C,shape,0.7,300,300,1.0,0.0003940827460287011,0.000562975351469573,0.00713315474463005,0.010190221063757216,0.007134160747091317,0,0,0,0
weibull,wei_hazard_dec,10000,P5,5,2,C,scale,500.0,300,300,1.0,0.10625635260385025,0.0002125127052077005,7.417140898058552,0.014834281796117104,7.428771376866432,0,0,0,0
weibull,wei_hazard_dec,10000,P5,5,2,D,shape,0.7,300,300,1.0,0.00013558222817322552,0.00019368889739032217,0.006884259080363309,0.009834655829090442,0.006894424135403265,0,0,0,0
weibull,wei_hazard_dec,10000,P5,5,2,D,scale,500.0,300,300,1.0,0.10738881127173272,0.00021477762254346543,7.570730432610329,0.015141460865220658,7.582616997331897,0,0,0,0
weibull,wei_hazard_dec,10000,Pmk,2,2,A,shape,0.7,300,297,0.99,-0.00014430788537822536,-0.00020615412196889338,0.009453179234823793,0.01350454176403399,0.009468030586859388,0,3,0,0
weibull,wei_hazard_dec,10000,Pmk,2,2,A,scale,500.0,300,297,0.99,0.32788531878168214,0.0006557706375633643,8.087731627567136,0.016175463255134272,8.094721450495953,0,3,0,0
weibull,wei_hazard_dec,10000,Pmk,2,2,B,shape,0.7,300,300,1.0,-8.510111783299745e-05,-0.00012157302547571065,0.009444136347633417,0.013491623353762026,0.009459531963527456,0,0,0,0
weibull,wei_hazard_dec,10000,Pmk,2,2,B,scale,500.0,300,300,1.0,0.2668703724420425,0.000533740744884085,8.123763054125105,0.01624752610825021,8.132944669297846,0,0,0,0
weibull,wei_hazard_dec,10000,Pmk,2,2,Bg,shape,0.7,300,300,1.0,-8.211499622789997e-05,-0.00011730713746842853,0.009443901127040522,0.013491287324343603,0.00945932282207448,0,0,0,0
weibull,wei_hazard_dec,10000,Pmk,2,2,Bg,scale,500.0,300,300,1.0,0.26802468725207973,0.0005360493745041595,8.123848050653741,0.016247696101307482,8.132991768150474,0,0,0,0
weibull,wei_hazard_dec,10000,Pmk,2,2,C,shape,0.7,300,300,1.0,-8.506361993287914e-05,-0.00012151945704697022,0.009444179571035135,0.013491685101478764,0.009459575599302418,0,0,0,0
weibull,wei_hazard_dec,10000,Pmk,2,2,C,scale,500.0,300,300,1.0,0.26675186758393465,0.0005335037351678693,8.123765329105897,0.016247530658211794,8.132950850006345,0,0,0,0
weibull,wei_hazard_dec,10000,Pmk,2,2,D,shape,0.7,300,300,1.0,-8.415846166331953e-05,-0.00012022637380474219,0.009442584733436364,0.01348940676205195,0.009457986156784597,0,0,0,0
weibull,wei_hazard_dec,10000,Pmk,2,2,D,scale,500.0,300,300,1.0,0.26488176199063673,0.0005297635239812735,8.122853597416945,0.01624570719483389,8.132098435651436,0,0,0,0
weibull,wei_ligera,100,P3c,3,2,A,shape,2.5,300,299,0.9966666666666667,0.06894008833194887,0.027576035332779546,0.34471863475900416,0.13788745390360166,0.33832087450698783,0,1,0,0
weibull,wei_ligera,100,P3c,3,2,A,scale,800.0,300,299,0.9966666666666667,-1.8899743854860844,-0.0023624679818576057,39.10759899029638,0.04888449873787048,39.12738859431777,0,1,0,0
weibull,wei_ligera,100,P3c,3,2,B,shape,2.5,300,300,1.0,0.07926553934451253,0.03170621573780501,0.3566074481575938,0.14264297926303754,0.34826734966598927,0,0,0,0
weibull,wei_ligera,100,P3c,3,2,B,scale,800.0,300,300,1.0,-2.9115605433652263,-0.003639450679206533,39.17272376189217,0.04896590470236521,39.129641769523026,0,0,0,0
weibull,wei_ligera,100,P3c,3,2,Bg,shape,2.5,300,300,1.0,0.0676800297274025,0.027072011890961,0.3446075005818582,0.13784300023274326,0.3384606255043008,0,0,0,0
weibull,wei_ligera,100,P3c,3,2,Bg,scale,800.0,300,300,1.0,-1.9291533881031455,-0.002411441735128932,39.05031972892823,0.048812899661160286,39.06780622303091,0,0,0,0
weibull,wei_ligera,100,P3c,3,2,C,shape,2.5,300,300,1.0,0.07834682225937906,0.031338728903751625,0.35627535469786553,0.1425101418791462,0.3481348830500444,0,0,0,0
weibull,wei_ligera,100,P3c,3,2,C,scale,800.0,300,300,1.0,-2.3704105751360203,-0.0029630132189200254,39.20235372111213,0.049002942151390165,39.19600464649389,0,0,0,0
weibull,wei_ligera,100,P3c,3,2,D,shape,2.5,300,300,1.0,0.05328055856868641,0.021312223427474564,0.3387482171633474,0.13549928686533896,0.3350907679807192,0,0,0,0
weibull,wei_ligera,100,P3c,3,2,D,scale,800.0,300,300,1.0,-1.6768244663829819,-0.0020960305829787274,39.3317373501096,0.049164671687636996,39.36163466666987,0,0,0,0
weibull,wei_ligera,100,P3w,3,2,A,shape,2.5,300,295,0.9833333333333333,0.053337978818897014,0.021335191527558806,0.2562995207561125,0.102519808302445,0.25111404017470423,0,5,0,0
weibull,wei_ligera,100,P3w,3,2,A,scale,800.0,300,295,0.9833333333333333,-0.9718210905704154,-0.0012147763632130192,39.33629682234796,0.04917037102793495,39.39111162138082,0,5,0,0
weibull,wei_ligera,100,P3w,3,2,B,shape,2.5,300,300,1.0,0.07307938262289637,0.029231753049158548,0.29493965936770616,0.11797586374708247,0.2862199843386977,0,0,0,0
weibull,wei_ligera,100,P3w,3,2,B,scale,800.0,300,300,1.0,-2.6845946198152433,-0.0033557432747690543,38.99283604994223,0.04874104506242778,38.9653076330908,0,0,0,0
weibull,wei_ligera,100,P3w,3,2,Bg,shape,2.5,300,300,1.0,0.05241981824280861,0.020967927297123445,0.2580365757790525,0.103214630311621,0.25307811482329184,0,0,0,0
weibull,wei_ligera,100,P3w,3,2,Bg,scale,800.0,300,300,1.0,-1.0427467368319867,-0.0013034334210399834,39.1607229394184,0.048950903674272996,39.212245976170536,0,0,0,0
weibull,wei_ligera,100,P3w,3,2,C,shape,2.5,300,300,1.0,0.07116349751987228,0.02846539900794891,0.29382118172736804,0.11752847269094721,0.2855493621890292,0,0,0,0
weibull,wei_ligera,100,P3w,3,2,C,scale,800.0,300,300,1.0,-1.482603944449238,-0.0018532549305615474,39.0742675811627,0.04884283447645338,39.1113700874216,0,0,0,0
weibull,wei_ligera,100,P3w,3,2,D,shape,2.5,300,300,1.0,0.06694370004255656,0.026777480017022626,0.26453812917083724,0.1058152516683349,0.2563552669365422,0,0,0,0
weibull,wei_ligera,100,P3w,3,2,D,scale,800.0,300,300,1.0,-2.868639321959563,-0.003585799152449454,38.98710645237675,0.04873388306547094,38.946391995506985,0,0,0,0
weibull,wei_ligera,100,P5,5,2,A,shape,2.5,300,300,1.0,0.05328605563828415,0.02131442225531366,0.2490814853211443,0.09963259412845772,0.24372152800895086,0,0,0,0
weibull,wei_ligera,100,P5,5,2,A,scale,800.0,300,300,1.0,-0.8007006153331986,-0.0010008757691664983,37.23811815402501,0.04654764769253126,37.29171349189528,0,0,0,0
weibull,wei_ligera,100,P5,5,2,B,shape,2.5,300,300,1.0,0.06466327772955793,0.025865311091823173,0.2823675093815225,0.112947003752609,0.2753229861270103,0,0,0,0
weibull,wei_ligera,100,P5,5,2,B,scale,800.0,300,300,1.0,-2.7878698955609025,-0.0034848373694511283,37.07740761772782,0.046346759522159775,37.03422357968911,0,0,0,0
weibull,wei_ligera,100,P5,5,2,Bg,shape,2.5,300,300,1.0,0.053286053132315825,0.02131442125292633,0.24908160332382157,0.09963264132952862,0.24372164955981948,0,0,0,0
weibull,wei_ligera,100,P5,5,2,Bg,scale,800.0,300,300,1.0,-0.8006831464538209,-0.0010008539330672761,37.238125343774364,0.046547656679717955,37.291721071652375,0,0,0,0
weibull,wei_ligera,100,P5,5,2,C,shape,2.5,300,300,1.0,0.06675836979467586,0.026703347917870345,0.2812792706148344,0.11251170824593375,0.2736988338401451,0,0,0,0
weibull,wei_ligera,100,P5,5,2,C,scale,800.0,300,300,1.0,-1.390529943976162,-0.0017381624299702026,37.01871329405048,0.046273391617563095,37.05439679030899,0,0,0,0
weibull,wei_ligera,100,P5,5,2,D,shape,2.5,300,300,1.0,0.0595737283643305,0.0238294913457322,0.264378241238829,0.10575129649553161,0.2580091491908702,0,0,0,0
weibull,wei_ligera,100,P5,5,2,D,scale,800.0,300,300,1.0,-1.9788276614910956,-0.0024735345768638695,37.373414435884925,0.04671676804485616,37.3833482999617,0,0,0,0
weibull,wei_ligera,100,Pmk,2,2,A,shape,2.5,300,290,0.9666666666666667,0.08102194699474996,0.03240877879789998,0.35362957464184414,0.14145182985673765,0.3448178037952603,0,10,0,0
weibull,wei_ligera,100,Pmk,2,2,A,scale,800.0,300,290,0.9666666666666667,-0.8303045523473429,-0.0010378806904341787,40.09838467929935,0.050122980849124185,40.15908692860447,0,10,0,0
weibull,wei_ligera,100,Pmk,2,2,B,shape,2.5,300,300,1.0,0.07577261798271273,0.030309047193085092,0.3522931941097513,0.14091727764390052,0.3446228198188513,0,0,0,0
weibull,wei_ligera,100,Pmk,2,2,B,scale,800.0,300,300,1.0,-0.7859883427431669,-0.0009824854284289585,39.9192076815185,0.04989900960189812,39.97815495773527,0,0,0,0
weibull,wei_ligera,100,Pmk,2,2,Bg,shape,2.5,300,300,1.0,0.07577775841954937,0.030311103367819746,0.35229606792319473,0.14091842716927788,0.34462463337591565,0,0,0,0
weibull,wei_ligera,100,Pmk,2,2,Bg,scale,800.0,300,300,1.0,-0.786250631252642,-0.0009828132890658025,39.91923435943979,0.04989904294929974,39.978176510596896,0,0,0,0
weibull,wei_ligera,100,Pmk,2,2,C,shape,2.5,300,300,1.0,0.0757715517635682,0.03030862070542728,0.35228756754548934,0.14091502701819575,0.34461728400052477,0,0,0,0
weibull,wei_ligera,100,Pmk,2,2,C,scale,800.0,300,300,1.0,-0.7861957280564411,-0.0009827446600705514,39.91927166357994,0.04989908957947493,39.97821496766983,0,0,0,0
weibull,wei_ligera,100,Pmk,2,2,D,shape,2.5,300,300,1.0,0.07578202972625459,0.030312811890501834,0.3522980486741783,0.14091921946967131,0.3446257226313788,0,0,0,0
weibull,wei_ligera,100,Pmk,2,2,D,scale,800.0,300,300,1.0,-0.7865924179011472,-0.000983240522376434,39.91943064957366,0.04989928831196708,39.97836642101824,0,0,0,0
weibull,wei_ligera,1000,P3c,3,2,A,shape,2.5,300,299,0.9966666666666667,0.0032053514599343913,0.0012821405839737565,0.10370599217754582,0.04148239687101833,0.10383021928452954,0,1,0,0
weibull,wei_ligera,1000,P3c,3,2,A,scale,800.0,300,299,0.9966666666666667,-0.6392674138027132,-0.0007990842672533915,11.556261678084278,0.014445327097605347,11.557910481869204,0,1,0,0
weibull,wei_ligera,1000,P3c,3,2,B,shape,2.5,300,300,1.0,0.0018158926385405394,0.0007263570554162157,0.10575054392489597,0.04230021756995839,0.10591161870916378,0,0,0,0
weibull,wei_ligera,1000,P3c,3,2,B,scale,800.0,300,300,1.0,-0.5899512843676575,-0.000737439105459572,11.621562692211626,0.014526953365264533,11.625971828666533,0,0,0,0
weibull,wei_ligera,1000,P3c,3,2,Bg,shape,2.5,300,300,1.0,0.0031920203640503075,0.001276808145620123,0.10353368650187686,0.041413474600750746,0.10365737512622018,0,0,0,0
weibull,wei_ligera,1000,P3c,3,2,Bg,scale,800.0,300,300,1.0,-0.5819568845196272,-0.000727446105649534,11.576484597302514,0.014470605746628142,11.581165736467451,0,0,0,0
weibull,wei_ligera,1000,P3c,3,2,C,shape,2.5,300,300,1.0,0.0017349691489783048,0.000693987659591322,0.10574922872264635,0.04229969148905854,0.10591166220704022,0,0,0,0
weibull,wei_ligera,1000,P3c,3,2,C,scale,800.0,300,300,1.0,-0.5405178325559064,-0.0006756472906948829,11.613907309663935,0.014517384137079918,11.620706498972941,0,0,0,0
weibull,wei_ligera,1000,P3c,3,2,D,shape,2.5,300,300,1.0,0.0017061864378549174,0.000682474575141967,0.10358783998362074,0.041435135993448294,0.10374684354457747,0,0,0,0
weibull,wei_ligera,1000,P3c,3,2,D,scale,800.0,300,300,1.0,-0.45716849158861805,-0.0005714606144857726,11.62240820509412,0.01452801025636765,11.632817555105568,0,0,0,0
weibull,wei_ligera,1000,P3w,3,2,A,shape,2.5,300,299,0.9966666666666667,0.00640734196605397,0.002562936786421588,0.07660839729100875,0.0306433589164035,0.07646795966359424,0,1,0,0
weibull,wei_ligera,1000,P3w,3,2,A,scale,800.0,300,299,0.9966666666666667,-0.6942774026124425,-0.0008678467532655531,11.635049061102205,0.014543811326377755,11.63378719163009,0,1,0,0
weibull,wei_ligera,1000,P3w,3,2,B,shape,2.5,300,300,1.0,0.005212941925523573,0.0020851767702094294,0.08575958235634247,0.034303832942536985,0.08574402600609861,0,0,0,0
weibull,wei_ligera,1000,P3w,3,2,B,scale,800.0,300,300,1.0,-0.8104753185717755,-0.0010130941482147193,11.620895274382448,0.01452611909297806,11.611967794320568,0,0,0,0
weibull,wei_ligera,1000,P3w,3,2,Bg,shape,2.5,300,300,1.0,0.0062652534193961,0.0025061013677584397,0.07650900609890474,0.030603602439561894,0.07637945196697588,0,0,0,0
weibull,wei_ligera,1000,P3w,3,2,Bg,scale,800.0,300,300,1.0,-0.6637336908735278,-0.0008296671135919098,11.625869930965496,0.01453233741370687,11.626301167415429,0,0,0,0
weibull,wei_ligera,1000,P3w,3,2,C,shape,2.5,300,300,1.0,0.0050468487123898065,0.0020187394849559225,0.08572534123424962,0.034290136493699844,0.08571963778588464,0,0,0,0
weibull,wei_ligera,1000,P3w,3,2,C,scale,800.0,300,300,1.0,-0.6960119418619115,-0.0008700149273273894,11.611726796895068,0.014514658496118835,11.61021490828537,0,0,0,0
weibull,wei_ligera,1000,P3w,3,2,D,shape,2.5,300,300,1.0,0.008052635889848503,0.0032210543559394013,0.07722814041859279,0.030891256167437115,0.07693549872644637,0,0,0,0
weibull,wei_ligera,1000,P3w,3,2,D,scale,800.0,300,300,1.0,-0.5087619071508698,-0.0006359523839385873,11.766173550803966,0.014707716938504957,11.77481019805153,0,0,0,0
weibull,wei_ligera,1000,P5,5,2,A,shape,2.5,300,298,0.9933333333333333,0.004310464518193058,0.0017241858072772232,0.07437018856513869,0.029748075426055474,0.07437005396325629,0,2,0,0
weibull,wei_ligera,1000,P5,5,2,A,scale,800.0,300,298,0.9933333333333333,-0.7473249289035948,-0.0009341561611294935,11.127480105229056,0.01390935013153632,11.121031588203179,0,2,0,0
weibull,wei_ligera,1000,P5,5,2,B,shape,2.5,300,300,1.0,0.0036267901819262427,0.001450716072770497,0.08141417302813997,0.03256566921125599,0.08146924628225177,0,0,0,0
weibull,wei_ligera,1000,P5,5,2,B,scale,800.0,300,300,1.0,-0.9298829549206857,-0.001162353693650857,11.144666366896455,0.013930832958620569,11.124361142210466,0,0,0,0
weibull,wei_ligera,1000,P5,5,2,Bg,shape,2.5,300,300,1.0,0.00447263131458886,0.001789052525835544,0.07416175699144534,0.029664702796578134,0.07415045111472357,0,0,0,0
weibull,wei_ligera,1000,P5,5,2,Bg,scale,800.0,300,300,1.0,-0.7477632073764653,-0.0009347040092205816,11.116229216619395,0.013895286520774243,11.109581970261676,0,0,0,0
weibull,wei_ligera,1000,P5,5,2,C,shape,2.5,300,300,1.0,0.003909557993233115,0.001563823197293246,0.08144859942391326,0.0325794397695653,0.08149064643217901,0,0,0,0
weibull,wei_ligera,1000,P5,5,2,C,scale,800.0,300,300,1.0,-0.7882976563003012,-0.0009853720703753765,11.119183398671423,0.013898979248339279,11.109736589225163,0,0,0,0
weibull,wei_ligera,1000,P5,5,2,D,shape,2.5,300,300,1.0,0.004098201818437008,0.0016392807273748033,0.07851665797367742,0.03140666318947097,0.07854064189519015,0,0,0,0
weibull,wei_ligera,1000,P5,5,2,D,scale,800.0,300,300,1.0,-0.649469978037132,-0.000811837472546415,11.13576652529165,0.013919708156614563,11.135385379287602,0,0,0,0
weibull,wei_ligera,1000,Pmk,2,2,A,shape,2.5,300,293,0.9766666666666667,0.001750053488007719,0.0007000213952030876,0.10458557258443386,0.04183422903377355,0.10474983631173136,0,7,0,0
weibull,wei_ligera,1000,Pmk,2,2,A,scale,800.0,300,293,0.9766666666666667,-0.8087753598360905,-0.0010109691997951132,11.96436657459443,0.014955458218243038,11.95742179897303,0,7,0,0
weibull,wei_ligera,1000,Pmk,2,2,B,shape,2.5,300,300,1.0,0.0019439706464177142,0.0007775882585670857,0.10500702004315023,0.04200280801726009,0.10516444474216644,0,0,0,0
weibull,wei_ligera,1000,Pmk,2,2,B,scale,800.0,300,300,1.0,-0.7840225903140663,-0.0009800282378925828,11.909299880908051,0.014886624851135065,11.903320082841967,0,0,0,0
weibull,wei_ligera,1000,Pmk,2,2,Bg,shape,2.5,300,300,1.0,0.0019453546524945686,0.0007781418609978275,0.10501035421427991,0.04200414168571197,0.10516775937929246,0,0,0,0
weibull,wei_ligera,1000,Pmk,2,2,Bg,scale,800.0,300,300,1.0,-0.7840842118818045,-0.0009801052648522558,11.90949798863743,0.014886872485796787,11.90351488056123,0,0,0,0
weibull,wei_ligera,1000,Pmk,2,2,C,shape,2.5,300,300,1.0,0.0019454128399774007,0.0007781651359909603,0.10500616635425566,0.04200246654170227,0.10516356272198528,0,0,0,0
weibull,wei_ligera,1000,Pmk,2,2,C,scale,800.0,300,300,1.0,-0.7843450125502613,-0.0009804312656878267,11.909577521384081,0.014886971901730101,11.903577480260846,0,0,0,0
weibull,wei_ligera,1000,Pmk,2,2,D,shape,2.5,300,300,1.0,0.0019478918899493713,0.0007791567559797486,0.10501237688284282,0.04200495075313713,0.10516973865549685,0,0,0,0
weibull,wei_ligera,1000,Pmk,2,2,D,scale,800.0,300,300,1.0,-0.7844664063200071,-0.000980583007900009,11.90962901072244,0.01488703626340305,11.903621141681182,0,0,0,0
weibull,wei_ligera,10000,P3c,3,2,A,shape,2.5,300,293,0.9766666666666667,-0.0017426493185350722,-0.0006970597274140288,0.030482417975013318,0.012192967190005326,0.030484630465816398,0,7,0,0
weibull,wei_ligera,10000,P3c,3,2,A,scale,800.0,300,293,0.9766666666666667,-0.4318386987673648,-0.000539798373459206,3.850215799390287,0.004812769749237858,3.8324673607326085,0,7,0,0
weibull,wei_ligera,10000,P3c,3,2,B,shape,2.5,300,300,1.0,-0.0024433566172561427,-0.0009773426469024571,0.03260092809918044,0.013040371239672176,0.03256355537248915,0,0,0,0
weibull,wei_ligera,10000,P3c,3,2,B,scale,800.0,300,300,1.0,-0.3745343948542086,-0.00046816799356776074,3.8823235226395734,0.004852904403299467,3.8706718093500885,0,0,0,0
weibull,wei_ligera,10000,P3c,3,2,Bg,shape,2.5,300,300,1.0,-0.002164902054337947,-0.0008659608217351789,0.030767678274571098,0.01230707130982844,0.030742700014527835,0,0,0,0
weibull,wei_ligera,10000,P3c,3,2,Bg,scale,800.0,300,300,1.0,-0.37832816144168646,-0.00047291020180210806,3.8400487583286154,0.004800060947910769,3.8277514556139196,0,0,0,0
weibull,wei_ligera,10000,P3c,3,2,C,shape,2.5,300,300,1.0,-0.0024537516136136084,-0.0009815006454454434,0.03259376600752672,0.013037506403010688,0.03255557664683759,0,0,0,0
weibull,wei_ligera,10000,P3c,3,2,C,scale,800.0,300,300,1.0,-0.36883049960522385,-0.0004610381245065298,3.88276910912734,0.004853461386409175,3.871669679139629,0,0,0,0
weibull,wei_ligera,10000,P3c,3,2,D,shape,2.5,300,300,1.0,-0.002371980903187687,-0.0009487923612750748,0.03089178414632595,0.01235671365853038,0.030852047969047204,0,0,0,0
weibull,wei_ligera,10000,P3c,3,2,D,scale,800.0,300,300,1.0,-0.35747742621640555,-0.0004468467827705069,3.897552839859869,0.004871941049824836,3.8876093404376806,0,0,0,0
weibull,wei_ligera,10000,P3w,3,2,A,shape,2.5,300,297,0.99,-0.0021511998931460496,-0.0008604799572584198,0.024261694940651564,0.009704677976260626,0.02420692381844913,0,3,0,0
weibull,wei_ligera,10000,P3w,3,2,A,scale,800.0,300,297,0.99,-0.1374666009479597,-0.00017183325118494964,3.728632732920852,0.004660790916151065,3.7323866007184487,0,3,0,0
weibull,wei_ligera,10000,P3w,3,2,B,shape,2.5,300,300,1.0,-0.00164343225293484,-0.000657372901173936,0.027032165194275783,0.010812866077710313,0.027027245367613147,0,0,0,0
weibull,wei_ligera,10000,P3w,3,2,B,scale,800.0,300,300,1.0,-0.17316068835089027,-0.00021645086043861283,3.709172656478782,0.004636465820598477,3.711319191164878,0,0,0,0
weibull,wei_ligera,10000,P3w,3,2,Bg,shape,2.5,300,300,1.0,-0.002294045101681963,-0.0009176180406727852,0.02422068666594408,0.009688274666377632,0.02415208957995601,0,0,0,0
weibull,wei_ligera,10000,P3w,3,2,Bg,scale,800.0,300,300,1.0,-0.153572925969911,-0.00019196615746238876,3.714617895227126,0.004643272369033907,3.7176432096241006,0,0,0,0
weibull,wei_ligera,10000,P3w,3,2,C,shape,2.5,300,300,1.0,-0.0016635695614017898,-0.0006654278245607159,0.027028946296761874,0.01081157851870475,0.02702277883838206,0,0,0,0
weibull,wei_ligera,10000,P3w,3,2,C,scale,800.0,300,300,1.0,-0.15956775639142506,-0.00019945969548928132,3.709479956893096,0.0046368499461163695,3.712238596818752,0,0,0,0
weibull,wei_ligera,10000,P3w,3,2,D,shape,2.5,300,300,1.0,-0.0022039361494261556,-0.0008815744597704622,0.02439969691569935,0.00975987876627974,0.024340557735258516,0,0,0,0
weibull,wei_ligera,10000,P3w,3,2,D,scale,800.0,300,300,1.0,-0.21947289948639082,-0.00027434112435798853,3.8263793835074273,0.004782974229384284,3.8264627123779835,0,0,0,0
weibull,wei_ligera,10000,P5,5,2,A,shape,2.5,300,299,0.9966666666666667,-0.0025855642491152686,-0.0010342256996461075,0.022883733381260336,0.009153493352504134,0.022775314346139802,0,1,0,0
weibull,wei_ligera,10000,P5,5,2,A,scale,800.0,300,299,0.9966666666666667,-0.2602064506818351,-0.0003252580633522939,3.554297888978684,0.004442872361223355,3.550702974116888,0,1,0,0
weibull,wei_ligera,10000,P5,5,2,B,shape,2.5,300,300,1.0,-0.0018269093174065887,-0.0007307637269626354,0.025618006526548803,0.01024720261061952,0.025595476595434357,0,0,0,0
weibull,wei_ligera,10000,P5,5,2,B,scale,800.0,300,300,1.0,-0.2925518318314744,-0.00036568978978934296,3.5480533156716514,0.0044350666445895645,3.541879745320028,0,0,0,0
weibull,wei_ligera,10000,P5,5,2,Bg,shape,2.5,300,300,1.0,-0.002664146616238927,-0.0010656586464955708,0.022896060926610465,0.009158424370644186,0.022778530834659323,0,0,0,0
weibull,wei_ligera,10000,P5,5,2,Bg,scale,800.0,300,300,1.0,-0.25976110527722085,-0.00032470138159652607,3.548378648373882,0.004435473310467353,3.544770777729215,0,0,0,0
weibull,wei_ligera,10000,P5,5,2,C,shape,2.5,300,300,1.0,-0.0018045350928534987,-0.0007218140371413994,0.025613929172194325,0.01024557166887773,0.025592974724606806,0,0,0,0
weibull,wei_ligera,10000,P5,5,2,C,scale,800.0,300,300,1.0,-0.27700770617491344,-0.0003462596327186418,3.545824775606601,0.004432280969508251,3.540894404049273,0,0,0,0
weibull,wei_ligera,10000,P5,5,2,D,shape,2.5,300,300,1.0,-0.0024408192169365073,-0.0009763276867746029,0.0237051021896489,0.009482040875859559,0.0236185037014537,0,0,0,0
weibull,wei_ligera,10000,P5,5,2,D,scale,800.0,300,300,1.0,-0.3160544320982126,-0.0003950680401227657,3.628706653772089,0.004535883317215111,3.620956502785482,0,0,0,0
weibull,wei_ligera,10000,Pmk,2,2,A,shape,2.5,300,295,0.9833333333333333,-0.0024125729709694177,-0.000965029188387767,0.032293068048494494,0.012917227219397798,0.03225754207095701,0,5,0,0
weibull,wei_ligera,10000,Pmk,2,2,A,scale,800.0,300,295,0.9833333333333333,-0.4589299963133726,-0.0005736624953917158,3.848459378317057,0.004810574222896321,3.8274904032133263,0,5,0,0
weibull,wei_ligera,10000,Pmk,2,2,B,shape,2.5,300,300,1.0,-0.0024083810194404087,-0.0009633524077761635,0.032138821027473764,0.012855528410989506,0.0321020037805057,0,0,0,0
weibull,wei_ligera,10000,Pmk,2,2,B,scale,800.0,300,300,1.0,-0.4186598707711937,-0.0005233248384639922,3.852055983118928,0.00481506997889866,3.8356354807897377,0,0,0,0
weibull,wei_ligera,10000,Pmk,2,2,Bg,shape,2.5,300,300,1.0,-0.002408804154411026,-0.0009635216617644105,0.03213796286392611,0.012855185145570444,0.03210110990468234,0,0,0,0
weibull,wei_ligera,10000,Pmk,2,2,Bg,scale,800.0,300,300,1.0,-0.41876137182441653,-0.0005234517147805207,3.8520721182331803,0.004815090147791475,3.8356406219570025,0,0,0,0
weibull,wei_ligera,10000,Pmk,2,2,C,shape,2.5,300,300,1.0,-0.002406684425769079,-0.0009626737703076315,0.03213278731391093,0.01285311492556437,0.03209607062868914,0,0,0,0
weibull,wei_ligera,10000,Pmk,2,2,C,scale,800.0,300,300,1.0,-0.4189923214262308,-0.0005237404017827884,3.8521393503452805,0.004815174187931601,3.8356830627138208,0,0,0,0
weibull,wei_ligera,10000,Pmk,2,2,D,shape,2.5,300,300,1.0,-0.0024018395495191136,-0.0009607358198076455,0.03213515896691189,0.012854063586764755,0.03209881704142056,0,0,0,0
weibull,wei_ligera,10000,Pmk,2,2,D,scale,800.0,300,300,1.0,-0.4186636501855219,-0.0005233295627319023,3.8522642776800073,0.004815330347100009,3.8358449527374066,0,0,0,0
lognormal,lnorm_moderada,100,P3c,3,2,A,meanlog,7.0,300,300,1.0,-0.009218227119105471,-0.0013168895884436388,0.06077973537948596,0.008682819339926566,0.06017700080874246,0,0,0,0
lognormal,lnorm_moderada,100,P3c,3,2,A,sdlog,0.6,300,300,1.0,-0.009247876018298684,-0.015413126697164475,0.07080989228665656,0.1180164871444276,0.07032070087370657,0,0,0,0
lognormal,lnorm_moderada,100,P3c,3,2,B,meanlog,7.0,300,300,1.0,-0.010015557382445195,-0.001430793911777885,0.060454211563036125,0.00863631593757659,0.05971840530748298,0,0,0,0
lognormal,lnorm_moderada,100,P3c,3,2,B,sdlog,0.6,300,300,1.0,-0.01110377900661974,-0.018506298344366234,0.06785425659859158,0.1130904276643193,0.06705141712732303,0,0,0,0
lognormal,lnorm_moderada,100,P3c,3,2,Bg,meanlog,7.0,300,300,1.0,-0.00921806150763782,-0.0013168659296625457,0.060779716732545716,0.008682816676077959,0.06017700736589483,0,0,0,0
lognormal,lnorm_moderada,100,P3c,3,2,Bg,sdlog,0.6,300,300,1.0,-0.009248147557220587,-0.015413579262034313,0.0708099313515798,0.11801655225263301,0.07032070451191567,0,0,0,0
lognormal,lnorm_moderada,100,P3c,3,2,C,meanlog,7.0,300,300,1.0,-0.00909276183048835,-0.00129896597578405,0.060293774466187264,0.008613396352312466,0.059703791594638664,0,0,0,0
lognormal,lnorm_moderada,100,P3c,3,2,C,sdlog,0.6,300,300,1.0,-0.011103906258236207,-0.01850651043039368,0.06785377669894721,0.11308962783157869,0.06705090871357833,0,0,0,0
lognormal,lnorm_moderada,100,P3c,3,2,D,meanlog,7.0,300,300,1.0,-0.009524937205658723,-0.0013607053150941034,0.06107347370454046,0.008724781957791495,0.06042694886166167,0,0,0,0
lognormal,lnorm_moderada,100,P3c,3,2,D,sdlog,0.6,300,300,1.0,-0.007866288895890361,-0.013110481493150602,0.06755536607464789,0.11259227679107982,0.06720792613676427,0,0,0,0
lognormal,lnorm_moderada,100,P3w,3,2,A,meanlog,7.0,300,300,1.0,-0.009455558933564312,-0.0013507941333663303,0.06124964397809303,0.008749949139727575,0.06061649244679373,0,0,0,0
lognormal,lnorm_moderada,100,P3w,3,2,A,sdlog,0.6,300,300,1.0,-0.015178186032300034,-0.025296976720500058,0.06036966747687956,0.10061611246146593,0.05852809478905572,0,0,0,0
lognormal,lnorm_moderada,100,P3w,3,2,B,meanlog,7.0,300,300,1.0,-0.010099680355661,-0.001442811479380143,0.06328319474221332,0.00904045639174476,0.06257644844370074,0,0,0,0
lognormal,lnorm_moderada,100,P3w,3,2,B,sdlog,0.6,300,300,1.0,-0.01795993971966592,-0.029933232866109865,0.052423162892756274,0.08737193815459379,0.049332961020904245,0,0,0,0
lognormal,lnorm_moderada,100,P3w,3,2,Bg,meanlog,7.0,300,300,1.0,-0.009455367946440418,-0.0013507668494914884,0.06124947961373059,0.00874992565910437,0.06061635570162049,0,0,0,0
lognormal,lnorm_moderada,100,P3w,3,2,Bg,sdlog,0.6,300,300,1.0,-0.01517836120210081,-0.025297268670168016,0.060369827863516176,0.10061637977252696,0.05852821519634241,0,0,0,0
lognormal,lnorm_moderada,100,P3w,3,2,C,meanlog,7.0,300,300,1.0,-0.007975879634560812,-0.0011394113763658303,0.06278335853997762,0.008969051219996802,0.06237872879677861,0,0,0,0
lognormal,lnorm_moderada,100,P3w,3,2,C,sdlog,0.6,300,300,1.0,-0.017959872862517434,-0.029933121437529058,0.0524232454559209,0.08737207575986816,0.04933307347024588,0,0,0,0
lognormal,lnorm_moderada,100,P3w,3,2,D,meanlog,7.0,300,300,1.0,-0.010282756085626232,-0.0014689651550894617,0.06386529848623577,0.009123614069462254,0.06313738228253628,0,0,0,0
lognormal,lnorm_moderada,100,P3w,3,2,D,sdlog,0.6,300,300,1.0,-0.02237780903134856,-0.037296348385580935,0.05498819060644539,0.09164698434407566,0.0503127486632773,0,0,0,0
lognormal,lnorm_moderada,100,P5,5,2,A,meanlog,7.0,300,299,0.9966666666666667,-0.008251122981064007,-0.0011787318544377154,0.0583903215579041,0.008341474508272015,0.057901305688667574,0,1,0,0
lognormal,lnorm_moderada,100,P5,5,2,A,sdlog,0.6,300,299,0.9966666666666667,-0.014971410948609098,-0.024952351581015164,0.05965356180694881,0.09942260301158135,0.05784110620143621,0,1,0,0
lognormal,lnorm_moderada,100,P5,5,2,B,meanlog,7.0,300,300,1.0,-0.010531464723243289,-0.001504494960463327,0.059084226650370636,0.008440603807195805,0.058235200278643984,0,0,0,0
lognormal,lnorm_moderada,100,P5,5,2,B,sdlog,0.6,300,300,1.0,-0.01640634143685704,-0.027343902394761737,0.05038996057960547,0.08398326763267579,0.04772391428330097,0,0,0,0
lognormal,lnorm_moderada,100,P5,5,2,Bg,meanlog,7.0,300,300,1.0,-0.00821946133948881,-0.0011742087627841155,0.058292926384920785,0.00832756091213154,0.05780695924306639,0,0,0,0
lognormal,lnorm_moderada,100,P5,5,2,Bg,sdlog,0.6,300,300,1.0,-0.014801537748223015,-0.024669229580371693,0.05959044780063652,0.09931741300106087,0.05781937000574449,0,0,0,0
lognormal,lnorm_moderada,100,P5,5,2,C,meanlog,7.0,300,300,1.0,-0.007855569063505818,-0.0011222241519294027,0.05845144508622478,0.008350206440889255,0.0580179432574313,0,0,0,0
lognormal,lnorm_moderada,100,P5,5,2,C,sdlog,0.6,300,300,1.0,-0.01647288609349573,-0.02745481015582622,0.0505467472321412,0.08424457872023533,0.04786705753253938,0,0,0,0
lognormal,lnorm_moderada,100,P5,5,2,D,meanlog,7.0,300,300,1.0,-0.008890708681713377,-0.0012701012402447681,0.05876930433993038,0.008395614905704339,0.05818997630931978,0,0,0,0
lognormal,lnorm_moderada,100,P5,5,2,D,sdlog,0.6,300,300,1.0,-0.016127261740884302,-0.026878769568140504,0.0534415913436654,0.089069318906109,0.05103525354529404,0,0,0,0
lognormal,lnorm_moderada,100,Pmk,2,2,A,meanlog,7.0,300,291,0.97,-0.007554904230200776,-0.0010792720328858252,0.061043287287025974,0.008720469612432282,0.06067832216328061,0,9,0,0
lognormal,lnorm_moderada,100,Pmk,2,2,A,sdlog,0.6,300,291,0.97,-0.009576756173576229,-0.015961260289293715,0.06727428746315159,0.11212381243858599,0.0667038645679334,0,9,0,0
lognormal,lnorm_moderada,100,Pmk,2,2,B,meanlog,7.0,300,300,1.0,-0.007674913365799618,-0.0010964161951142312,0.06106657302285285,0.008723796146121836,0.060683581269581496,0,0,0,0
lognormal,lnorm_moderada,100,Pmk,2,2,B,sdlog,0.6,300,300,1.0,-0.01110388389886996,-0.018506473164783266,0.06785441068792276,0.11309068447987128,0.06705155615476013,0,0,0,0
lognormal,lnorm_moderada,100,Pmk,2,2,Bg,meanlog,7.0,300,300,1.0,-0.007675173052743567,-0.0010964532932490809,0.06106666609559836,0.008723809442228338,0.060683642288894946,0,0,0,0
lognormal,lnorm_moderada,100,Pmk,2,2,Bg,sdlog,0.6,300,300,1.0,-0.011103872294940142,-0.018506453824900237,0.06785499851959441,0.11309166419932402,0.0670521549424519,0,0,0,0
lognormal,lnorm_moderada,100,Pmk,2,2,C,meanlog,7.0,300,300,1.0,-0.007675113342026307,-0.0010964447631466154,0.061066681104027194,0.0087238115862896,0.06068366501991138,0,0,0,0
lognormal,lnorm_moderada,100,Pmk,2,2,C,sdlog,0.6,300,300,1.0,-0.011104041373014684,-0.01850673562169114,0.06785401293496199,0.11309002155826998,0.06705112612736287,0,0,0,0
lognormal,lnorm_moderada,100,Pmk,2,2,D,meanlog,7.0,300,300,1.0,-0.007674935312014242,-0.0010964193302877487,0.06106684744406496,0.008723835349152137,0.06068385556141839,0,0,0,0
lognormal,lnorm_moderada,100,Pmk,2,2,D,sdlog,0.6,300,300,1.0,-0.011106288674537335,-0.018510481124228893,0.06785361394244824,0.11308935657074706,0.0670503475552981,0,0,0,0
lognormal,lnorm_moderada,1000,P3c,3,2,A,meanlog,7.0,300,294,0.98,-8.979438926015604e-05,-1.2827769894308005e-05,0.020371638957629928,0.002910234136804275,0.020406174998269414,0,6,0,0
lognormal,lnorm_moderada,1000,P3c,3,2,A,sdlog,0.6,300,294,0.98,-0.002858198747697327,-0.004763664579495545,0.02252187234379442,0.037536453906324034,0.0223778624713063,0,6,0,0
lognormal,lnorm_moderada,1000,P3c,3,2,B,meanlog,7.0,300,300,1.0,-4.4323919828670455e-05,-6.3319885469529225e-06,0.020265972423754577,0.0028951389176792254,0.02029978516955979,0,0,0,0
lognormal,lnorm_moderada,1000,P3c,3,2,B,sdlog,0.6,300,300,1.0,-0.0025096968396561836,-0.00418282806609364,0.02135923430571006,0.0355987238428501,0.021246718697655383,0,0,0,0
lognormal,lnorm_moderada,1000,P3c,3,2,Bg,meanlog,7.0,300,300,1.0,0.0001162754288630552,1.6610775551865027e-05,0.020256503826276435,0.0028937862608966335,0.02029001502350622,0,0,0,0
lognormal,lnorm_moderada,1000,P3c,3,2,Bg,sdlog,0.6,300,300,1.0,-0.002822436854365007,-0.0047040614239416785,0.022526860350745498,0.0375447672512425,0.022386688758658242,0,0,0,0
lognormal,lnorm_moderada,1000,P3c,3,2,C,meanlog,7.0,300,300,1.0,4.4956139547913665e-05,6.422305649701952e-06,0.020259448430948245,0.002894206918706892,0.02029324886516317,0,0,0,0
lognormal,lnorm_moderada,1000,P3c,3,2,C,sdlog,0.6,300,300,1.0,-0.0025093504938135114,-0.004182250823022519,0.021358831007235197,0.03559805167872533,0.02124635295309577,0,0,0,0
lognormal,lnorm_moderada,1000,P3c,3,2,D,meanlog,7.0,300,300,1.0,0.00013637343534700364,1.9481919335286235e-05,0.020278083643831553,0.0028968690919759362,0.02031150583906887,0,0,0,0
lognormal,lnorm_moderada,1000,P3c,3,2,D,sdlog,0.6,300,300,1.0,-0.0022058222233135583,-0.0036763703721892638,0.02132586791039977,0.03554311318399962,0.021246923612473156,0,0,0,0
lognormal,lnorm_moderada,1000,P3w,3,2,A,meanlog,7.0,300,299,0.9966666666666667,0.0006245405114144731,8.922007305921044e-05,0.019482732562651314,0.0027832475089501875,0.019505364806675154,0,1,0,0
lognormal,lnorm_moderada,1000,P3w,3,2,A,sdlog,0.6,300,299,0.9966666666666667,-0.0023229996664406727,-0.0038716661107344548,0.01911327978811539,0.03185546631352565,0.019003392482875,0,1,0,0
lognormal,lnorm_moderada,1000,P3w,3,2,B,meanlog,7.0,300,300,1.0,0.0004259663933527946,6.0852341907542086e-05,0.019889338614087884,0.0028413340877268406,0.019918001046537813,0,0,0,0
lognormal,lnorm_moderada,1000,P3w,3,2,B,sdlog,0.6,300,300,1.0,-0.002379945061189437,-0.003966575101982395,0.01685355672928393,0.02808926121547322,0.016712548184592297,0,0,0,0
lognormal,lnorm_moderada,1000,P3w,3,2,Bg,meanlog,7.0,300,300,1.0,0.0005946340332698696,8.49477190385528e-05,0.01945624239519935,0.002779463199314193,0.019479646658852448,0,0,0,0
lognormal,lnorm_moderada,1000,P3w,3,2,Bg,sdlog,0.6,300,300,1.0,-0.0023363352731959885,-0.0038938921219933142,0.01908506956701809,0.03180844927836348,0.018973174634771734,0,0,0,0
lognormal,lnorm_moderada,1000,P3w,3,2,C,meanlog,7.0,300,300,1.0,0.0006149504446630871,8.785006352329816e-05,0.019883746715963574,0.0028405352451376536,0.019907441830027295,0,0,0,0
lognormal,lnorm_moderada,1000,P3w,3,2,C,sdlog,0.6,300,300,1.0,-0.0023798713867075882,-0.003966452311179314,0.0168536395722922,0.028089399287153666,0.01671264253243197,0,0,0,0
lognormal,lnorm_moderada,1000,P3w,3,2,D,meanlog,7.0,300,300,1.0,0.0006150897785177634,8.786996835968048e-05,0.020100852340196686,0.0028715503343138124,0.020125008885519238,0,0,0,0
lognormal,lnorm_moderada,1000,P3w,3,2,D,sdlog,0.6,300,300,1.0,-0.002706027787167997,-0.004510046311946662,0.01694521421198791,0.02824202368664652,0.016755701819084316,0,0,0,0
lognormal,lnorm_moderada,1000,P5,5,2,A,meanlog,7.0,300,300,1.0,0.0001312144202589849,1.8744917179854985e-05,0.019564483416982945,0.002794926202426135,0.019596731882746778,0,0,0,0
lognormal,lnorm_moderada,1000,P5,5,2,A,sdlog,0.6,300,300,1.0,-0.0020644828565997697,-0.003440804760999616,0.018920606955881842,0.03153434492646974,0.018839063471646673,0,0,0,0
lognormal,lnorm_moderada,1000,P5,5,2,B,meanlog,7.0,300,300,1.0,-8.206037626301566e-06,-1.1722910894716522e-06,0.01909950712200603,0.002728501017429433,0.019131417671068053,0,0,0,0
lognormal,lnorm_moderada,1000,P5,5,2,B,sdlog,0.6,300,300,1.0,-0.002379413879772474,-0.00396568979962079,0.015793876787428898,0.026323127979048164,0.01563970165288335,0,0,0,0
lognormal,lnorm_moderada,1000,P5,5,2,Bg,meanlog,7.0,300,300,1.0,0.00013114731117624956,1.8735330168035652e-05,0.019564356641100945,0.002794908091585849,0.01959660534292055,0,0,0,0
lognormal,lnorm_moderada,1000,P5,5,2,Bg,sdlog,0.6,300,300,1.0,-0.0020643572132651444,-0.0034405953554419075,0.018920630942040346,0.031534384903400575,0.018839101456453712,0,0,0,0
lognormal,lnorm_moderada,1000,P5,5,2,C,meanlog,7.0,300,300,1.0,0.00027303056695338057,3.9004366707625794e-05,0.019090335458732653,0.0027271907798189503,0.019120276641109633,0,0,0,0
lognormal,lnorm_moderada,1000,P5,5,2,C,sdlog,0.6,300,300,1.0,-0.002408097181597846,-0.004013495302663077,0.015810677674341325,0.026351129457235542,0.015652324022657566,0,0,0,0
lognormal,lnorm_moderada,1000,P5,5,2,D,meanlog,7.0,300,300,1.0,0.00023938423766622918,3.419774823803274e-05,0.01944820066392658,0.00277831438056094,0.01947921980638159,0,0,0,0
lognormal,lnorm_moderada,1000,P5,5,2,D,sdlog,0.6,300,300,1.0,-0.0025877153643668604,-0.004312858940611434,0.016189957678840433,0.02698326279806739,0.016008519643393244,0,0,0,0
lognormal,lnorm_moderada,1000,Pmk,2,2,A,meanlog,7.0,300,292,0.9733333333333334,-0.00031242046805868284,-4.463149543695469e-05,0.021357694182065227,0.003051099168866461,0.021392070689019178,0,8,0,0
lognormal,lnorm_moderada,1000,Pmk,2,2,A,sdlog,0.6,300,292,0.9733333333333334,-0.0022714494445792432,-0.0037857490742987387,0.021261020836969593,0.035435034728282654,0.02117562668324764,0,8,0,0
lognormal,lnorm_moderada,1000,Pmk,2,2,B,meanlog,7.0,300,300,1.0,-0.0002399248794908715,-3.427498278441021e-05,0.021152795853972773,0.0030218279791389678,0.02118677590865096,0,0,0,0
lognormal,lnorm_moderada,1000,Pmk,2,2,B,sdlog,0.6,300,300,1.0,-0.0025097258161693725,-0.004182876360282288,0.021359030914625182,0.03559838485770864,0.021246510111371453,0,0,0,0
lognormal,lnorm_moderada,1000,Pmk,2,2,Bg,meanlog,7.0,300,300,1.0,-0.00023949567645065173,-3.421366806437882e-05,0.021152706073469484,0.0030218151533527833,0.021186690844680004,0,0,0,0
lognormal,lnorm_moderada,1000,Pmk,2,2,Bg,sdlog,0.6,300,300,1.0,-0.0025106965462158293,-0.004184494243693049,0.021360187071111782,0.03560031178518631,0.02124756121120234,0,0,0,0
lognormal,lnorm_moderada,1000,Pmk,2,2,C,meanlog,7.0,300,300,1.0,-0.00023986631496430988,-3.426661642347284e-05,0.021152690581320743,0.003021812940188678,0.021186671118661893,0,0,0,0
lognormal,lnorm_moderada,1000,Pmk,2,2,C,sdlog,0.6,300,300,1.0,-0.0025097386780524866,-0.004182897796754145,0.021358581899402502,0.03559763649900417,0.02124605568401971,0,0,0,0
lognormal,lnorm_moderada,1000,Pmk,2,2,D,meanlog,7.0,300,300,1.0,-0.00023990076421043227,-3.427153774434747e-05,0.021152615501049642,0.0030218022144356633,0.021186595516754114,0,0,0,0
lognormal,lnorm_moderada,1000,Pmk,2,2,D,sdlog,0.6,300,300,1.0,-0.0025104150325659935,-0.004184025054276656,0.021357091573463174,0.035595152622438626,0.02124447227356249,0,0,0,0
lognormal,lnorm_moderada,10000,P3c,3,2,A,meanlog,7.0,300,298,0.9933333333333333,0.0009220484420069397,0.0001317212060009914,0.006819723455947193,0.0009742462079924562,0.006768470052888612,0,2,0,0
lognormal,lnorm_moderada,10000,P3c,3,2,A,sdlog,0.6,300,298,0.9933333333333333,-0.00017417160181087965,-0.0002902860030181328,0.007233405812001938,0.012055676353336564,0.007243472277944097,0,2,0,0
lognormal,lnorm_moderada,10000,P3c,3,2,B,meanlog,7.0,300,300,1.0,0.0008956714038701463,0.0001279530576957352,0.006768289690857633,0.0009668985272653761,0.006719973578219332,0,0,0,0
lognormal,lnorm_moderada,10000,P3c,3,2,B,sdlog,0.6,300,300,1.0,-0.00024047824132145124,-0.0004007970688690854,0.006717657230142791,0.011196095383571318,0.006724568507782499,0,0,0,0
lognormal,lnorm_moderada,10000,P3c,3,2,Bg,meanlog,7.0,300,300,1.0,0.0008964871377381556,0.0001280695911054508,0.0068349222888303505,0.0009764174698329072,0.006787195807497962,0,0,0,0
lognormal,lnorm_moderada,10000,P3c,3,2,Bg,sdlog,0.6,300,300,1.0,-0.00019352404796768585,-0.0003225400799461431,0.007228305109311103,0.012047175182185172,0.007237787074463351,0,0,0,0
lognormal,lnorm_moderada,10000,P3c,3,2,C,meanlog,7.0,300,300,1.0,0.0009032480199495652,0.00012903543142136646,0.006769667937029849,0.0009670954195756927,0.006720348995962403,0,0,0,0
lognormal,lnorm_moderada,10000,P3c,3,2,C,sdlog,0.6,300,300,1.0,-0.00023974541221294388,-0.00039957568702157314,0.006717561914351118,0.01119593652391853,0.006724499226208182,0,0,0,0
lognormal,lnorm_moderada,10000,P3c,3,2,D,meanlog,7.0,300,300,1.0,0.0008920332465400804,0.00012743332093429722,0.006877385825073589,0.000982483689296227,0.006830683709590073,0,0,0,0
lognormal,lnorm_moderada,10000,P3c,3,2,D,sdlog,0.6,300,300,1.0,-0.00021442515855463196,-0.0003573752642577199,0.0067195822024277525,0.011199303670712922,0.006727381787312964,0,0,0,0
lognormal,lnorm_moderada,10000,P3w,3,2,A,meanlog,7.0,300,298,0.9933333333333333,0.0007037085762577888,0.00010052979660825554,0.0069918408945552355,0.0009988344135078908,0.006968038802980734,0,2,0,0
lognormal,lnorm_moderada,10000,P3w,3,2,A,sdlog,0.6,300,298,0.9933333333333333,-0.0003234776011823426,-0.0005391293353039044,0.0059129432857175715,0.009854905476195953,0.005914019650141305,0,2,0,0
lognormal,lnorm_moderada,10000,P3w,3,2,B,meanlog,7.0,300,300,1.0,0.000612055770261577,8.743653860879672e-05,0.006977489595786711,0.00099678422796953,0.00696220677688351,0,0,0,0
lognormal,lnorm_moderada,10000,P3w,3,2,B,sdlog,0.6,300,300,1.0,-0.0002128838110908582,-0.000354806351818097,0.005263810766356787,0.008773017943927978,0.005268292000480818,0,0,0,0
lognormal,lnorm_moderada,10000,P3w,3,2,Bg,meanlog,7.0,300,300,1.0,0.0006933221062110917,9.90460151730131e-05,0.00696864510711212,0.0009955207295874458,0.006945655201142675,0,0,0,0
lognormal,lnorm_moderada,10000,P3w,3,2,Bg,sdlog,0.6,300,300,1.0,-0.0003283854578851608,-0.000547309096475268,0.005894172977492295,0.009823621629153826,0.005894851056323423,0,0,0,0
lognormal,lnorm_moderada,10000,P3w,3,2,C,meanlog,7.0,300,300,1.0,0.0006291453142432957,8.987790203475652e-05,0.006978843089930687,0.0009969775842758124,0.006962039477989365,0,0,0,0
lognormal,lnorm_moderada,10000,P3w,3,2,C,sdlog,0.6,300,300,1.0,-0.00021257665637153256,-0.0003542944272858876,0.005264055864680158,0.008773426441133598,0.005268550152937671,0,0,0,0
lognormal,lnorm_moderada,10000,P3w,3,2,D,meanlog,7.0,300,300,1.0,0.0007479366708773583,0.0001068480958396226,0.007200101919365011,0.0010285859884807157,0.0071731144063478065,0,0,0,0
lognormal,lnorm_moderada,10000,P3w,3,2,D,sdlog,0.6,300,300,1.0,-0.00024045891852653156,-0.000400764864210886,0.005262340283135537,0.008770567138559228,0.005265626982840707,0,0,0,0
lognormal,lnorm_moderada,10000,P5,5,2,A,meanlog,7.0,300,298,0.9933333333333333,0.0008556584770449405,0.00012223692529213435,0.006564787659152589,0.0009378268084503699,0.00651973360442088,0,2,0,0
lognormal,lnorm_moderada,10000,P5,5,2,A,sdlog,0.6,300,298,0.9933333333333333,-0.0004129642287148405,-0.0006882737145247342,0.0058775033978295576,0.009795838996382596,0.005872839672358128,0,2,0,0
lognormal,lnorm_moderada,10000,P5,5,2,B,meanlog,7.0,300,300,1.0,0.0007285963378880211,0.00010408519112686016,0.006527060527946045,0.0009324372182780064,0.006497105080467943,0,0,0,0
lognormal,lnorm_moderada,10000,P5,5,2,B,sdlog,0.6,300,300,1.0,-0.0002175402245183644,-0.0003625670408639407,0.005065099621338157,0.008441832702230262,0.0050688811004169,0,0,0,0
lognormal,lnorm_moderada,10000,P5,5,2,Bg,meanlog,7.0,300,300,1.0,0.0008295575511390041,0.00011850822159128629,0.006552722902648588,0.0009361032718069412,0.0065108613942572524,0,0,0,0
lognormal,lnorm_moderada,10000,P5,5,2,Bg,sdlog,0.6,300,300,1.0,-0.00038145465532990475,-0.0006357577588831746,0.005884370726656547,0.009807284544427579,0.005881804991768848,0,0,0,0
lognormal,lnorm_moderada,10000,P5,5,2,C,meanlog,7.0,300,300,1.0,0.0007528616535426025,0.00010755166479180036,0.006528738321203548,0.0009326769030290783,0.006496020654615607,0,0,0,0
lognormal,lnorm_moderada,10000,P5,5,2,C,sdlog,0.6,300,300,1.0,-0.00021857899885979748,-0.00036429833143299584,0.005066432930588428,0.008444054884314049,0.00507017304541404,0,0,0,0
lognormal,lnorm_moderada,10000,P5,5,2,D,meanlog,7.0,300,300,1.0,0.0008401415301246828,0.00012002021858924041,0.006669236231107584,0.0009527480330153691,0.0066271616615238066,0,0,0,0
lognormal,lnorm_moderada,10000,P5,5,2,D,sdlog,0.6,300,300,1.0,-0.00023903563824545504,-0.00039839273040909173,0.005241699372529171,0.008736165620881952,0.005244995156297727,0,0,0,0
lognormal,lnorm_moderada,10000,Pmk,2,2,A,meanlog,7.0,300,288,0.96,0.0010609044887308627,0.00015155778410440895,0.006632054112382088,0.0009474363017688697,0.0065580451811484905,0,12,0,0
lognormal,lnorm_moderada,10000,Pmk,2,2,A,sdlog,0.6,300,288,0.96,-0.00016393274128623236,-0.00027322123547705396,0.006788799333734933,0.011314665556224889,0.0067986332059498545,0,12,0,0
lognormal,lnorm_moderada,10000,Pmk,2,2,B,meanlog,7.0,300,300,1.0,0.0009382885233817362,0.0001340412176259623,0.00668468401731902,0.0009549548596170028,0.006629563996793638,0,0,0,0
lognormal,lnorm_moderada,10000,Pmk,2,2,B,sdlog,0.6,300,300,1.0,-0.00024044649299803655,-0.0004007441549967276,0.006717565758877569,0.011195942931462616,0.0067244779640115975,0,0,0,0
lognormal,lnorm_moderada,10000,Pmk,2,2,Bg,meanlog,7.0,300,300,1.0,0.0009389779694490841,0.00013413970992129772,0.006684581701983739,0.0009549402431405341,0.006629362543197288,0,0,0,0
lognormal,lnorm_moderada,10000,Pmk,2,2,Bg,sdlog,0.6,300,300,1.0,-0.0002409563991035979,-0.00040159399850599653,0.006718354004283934,0.011197256673806557,0.006725249721758219,0,0,0,0
lognormal,lnorm_moderada,10000,Pmk,2,2,C,meanlog,7.0,300,300,1.0,0.0009383049651718878,0.0001340435664531268,0.006684493313127665,0.000954927616161095,0.006629368728976559,0,0,0,0
lognormal,lnorm_moderada,10000,Pmk,2,2,C,sdlog,0.6,300,300,1.0,-0.00023977582840584155,-0.0003996263806764026,0.0067176592271459,0.011196098711909835,0.006724595675640298,0,0,0,0
lognormal,lnorm_moderada,10000,Pmk,2,2,D,meanlog,7.0,300,300,1.0,0.000938445738259297,0.00013406367689418528,0.0066846586039346935,0.0009549512291335277,0.006629515959229342,0,0,0,0
lognormal,lnorm_moderada,10000,Pmk,2,2,D,sdlog,0.6,300,300,1.0,-0.00024155266989145385,-0.0004025877831524231,0.006716669337724898,0.011194448896208164,0.006723539686782149,0,0,0,0
lognormal,lnorm_asim,100,P3c,3,2,A,meanlog,7.0,300,298,0.9933333333333333,0.001821361409643174,0.000260194487091882,0.14927785117893894,0.02132540731127699,0.14951781905196454,0,2,0,0
lognormal,lnorm_asim,100,P3c,3,2,A,sdlog,1.3,300,298,0.9933333333333333,-0.017304478734274875,-0.01331113748790375,0.17974363452433767,0.1382643342494905,0.1792096574401996,0,2,0,0
lognormal,lnorm_asim,100,P3c,3,2,B,meanlog,7.0,300,300,1.0,-0.0023769536767046517,-0.0003395648109578074,0.14530728131140463,0.020758183044486376,0.14553059221655132,0,0,0,0
lognormal,lnorm_asim,100,P3c,3,2,B,sdlog,1.3,300,300,1.0,-0.016157149220021427,-0.012428576323093405,0.14366929267500703,0.11051484051923617,0.14299640587720416,0,0,0,0
lognormal,lnorm_asim,100,P3c,3,2,Bg,meanlog,7.0,300,300,1.0,0.001482697060822602,0.00021181386583180029,0.14887432458101765,0.021267760654431093,0.14911567459609174,0,0,0,0
lognormal,lnorm_asim,100,P3c,3,2,Bg,sdlog,1.3,300,300,1.0,-0.01610859378621554,-0.01239122598939657,0.17980656737315381,0.13831274413319525,0.17938276244282575,0,0,0,0
lognormal,lnorm_asim,100,P3c,3,2,C,meanlog,7.0,300,300,1.0,0.0018400722483029597,0.00026286746404327995,0.14543297667734925,0.020776139525335607,0.14566431207424252,0,0,0,0
lognormal,lnorm_asim,100,P3c,3,2,C,sdlog,1.3,300,300,1.0,-0.0161572099916365,-0.012428623070489616,0.14366908865183897,0.11051468357833767,0.14299619331884933,0,0,0,0
lognormal,lnorm_asim,100,P3c,3,2,D,meanlog,7.0,300,300,1.0,0.002229500920566174,0.00031850013150945344,0.1460403707632176,0.020862910109031085,0.14626733399824138,0,0,0,0
lognormal,lnorm_asim,100,P3c,3,2,D,sdlog,1.3,300,300,1.0,-0.00949193956431671,-0.007301491972551315,0.14447393877848716,0.11113379906037474,0.14440266329503673,0,0,0,0
lognormal,lnorm_asim,100,P3w,3,2,A,meanlog,7.0,300,298,0.9933333333333333,-0.0011471346418225892,-0.00016387637740322702,0.1547603765121724,0.02210862521602463,0.15501643824694386,0,2,0,0
lognormal,lnorm_asim,100,P3w,3,2,A,sdlog,1.3,300,298,0.9933333333333333,-0.037530575742953376,-0.028869673648425673,0.16676016323560672,0.1282770486427744,0.1627553322909831,0,2,0,0
lognormal,lnorm_asim,100,P3w,3,2,B,meanlog,7.0,300,300,1.0,-0.0133464319582135,-0.001906633136887643,0.14762750108791717,0.021089643012559594,0.14726861619446927,0,0,0,0
lognormal,lnorm_asim,100,P3w,3,2,B,sdlog,1.3,300,300,1.0,-0.030357190935414113,-0.023351685334933932,0.12705456954757122,0.09773428426736247,0.12358079128520885,0,0,0,0
lognormal,lnorm_asim,100,P3w,3,2,Bg,meanlog,7.0,300,300,1.0,0.00025115947084319856,3.5879924406171225e-05,0.15525471238352892,0.022179244626218418,0.15551391544124077,0,0,0,0
lognormal,lnorm_asim,100,P3w,3,2,Bg,sdlog,1.3,300,300,1.0,-0.03773460474841772,-0.0290266190372444,0.166453601230946,0.12804123171611229,0.1623908976699484,0,0,0,0
lognormal,lnorm_asim,100,P3w,3,2,C,meanlog,7.0,300,300,1.0,-0.004865047323486138,-0.0006950067604980197,0.1465416050391242,0.020934515005589172,0.14670553854159307,0,0,0,0
lognormal,lnorm_asim,100,P3w,3,2,C,sdlog,1.3,300,300,1.0,-0.03035721778673417,-0.023351705989795513,0.12705465487116396,0.09773434990089536,0.12358087268258527,0,0,0,0
lognormal,lnorm_asim,100,P3w,3,2,D,meanlog,7.0,300,300,1.0,0.00046185956348665513,6.597993764095074e-05,0.1485814054207106,0.021225915060101515,0.14882894287288137,0,0,0,0
lognormal,lnorm_asim,100,P3w,3,2,D,sdlog,1.3,300,300,1.0,-0.03814705164316301,-0.02934388587935616,0.12872664543761883,0.09902049649047602,0.12314992778018119,0,0,0,0
lognormal,lnorm_asim,100,P5,5,2,A,meanlog,7.0,300,298,0.9933333333333333,2.0032783381473962e-05,2.861826197353423e-06,0.1910529124961634,0.027293273213737628,0.19137427905981658,0,2,0,0
lognormal,lnorm_asim,100,P5,5,2,A,sdlog,1.3,300,298,0.9933333333333333,-0.0345679617800565,-0.02659073983081269,0.21221704702094413,0.16324388232380316,0.20973493819716854,0,2,0,0
lognormal,lnorm_asim,100,P5,5,2,B,meanlog,7.0,300,300,1.0,-0.014816861323965647,-0.0021166944748522354,0.142206801319537,0.02031525733136243,0.14166910535970323,0,0,0,0
lognormal,lnorm_asim,100,P5,5,2,B,sdlog,1.3,300,300,1.0,-0.02819524252914296,-0.02168864809934074,0.1180536675048704,0.09081051346528492,0.11482878068229777,0,0,0,0
lognormal,lnorm_asim,100,P5,5,2,Bg,meanlog,7.0,300,300,1.0,-0.0004938828420142372,-7.055469171631959e-05,0.19064701603720452,0.027235288005314932,0.19096491685260822,0,0,0,0
lognormal,lnorm_asim,100,P5,5,2,Bg,sdlog,1.3,300,300,1.0,-0.034152119595588726,-0.02627086122737594,0.21195037695575328,0.1630387515044256,0.2095302797830608,0,0,0,0
lognormal,lnorm_asim,100,P5,5,2,C,meanlog,7.0,300,300,1.0,-0.0026632649414413123,-0.00038046642020590174,0.140516435201498,0.02007377645735686,0.14072593296529123,0,0,0,0
lognormal,lnorm_asim,100,P5,5,2,C,sdlog,1.3,300,300,1.0,-0.027277045530394117,-0.02098234271568778,0.11817540337887206,0.0909041564452862,0.11517641877731087,0,0,0,0
lognormal,lnorm_asim,100,P5,5,2,D,meanlog,7.0,300,300,1.0,0.00014310556722207934,2.044365246029705e-05,0.14218098211446467,0.020311568873494952,0.14241847235074323,0,0,0,0
lognormal,lnorm_asim,100,P5,5,2,D,sdlog,1.3,300,300,1.0,-0.026429017948009337,-0.020330013806161028,0.11749232942860709,0.09037871494508237,0.11467252115724727,0,0,0,0
lognormal,lnorm_asim,100,Pmk,2,2,A,meanlog,7.0,300,280,0.9333333333333333,0.0019359079926042355,0.00027655828465774794,0.1502056974557765,0.02145795677939664,0.15046214430435875,0,20,0,0
lognormal,lnorm_asim,100,Pmk,2,2,A,sdlog,1.3,300,280,0.9333333333333333,-0.018009895898434936,-0.013853766075719181,0.14278643904023156,0.10983572233863965,0.14189969488027146,0,20,0,0
lognormal,lnorm_asim,100,Pmk,2,2,B,meanlog,7.0,300,300,1.0,0.0006396207553658328,9.13743936236904e-05,0.14966090864239764,0.021380129806056806,0.14990959971902107,0,0,0,0
lognormal,lnorm_asim,100,Pmk,2,2,B,sdlog,1.3,300,300,1.0,-0.01615743038503825,-0.012428792603875577,0.14366919069842893,0.11051476207571456,0.14299627120273847,0,0,0,0
lognormal,lnorm_asim,100,Pmk,2,2,Bg,meanlog,7.0,300,300,1.0,0.000638768810685697,9.125268724081386e-05,0.14966003346011705,0.021380004780016722,0.14990872671119057,0,0,0,0
lognormal,lnorm_asim,100,Pmk,2,2,Bg,sdlog,1.3,300,300,1.0,-0.016155880896876473,-0.012427600689904979,0.1436697477326179,0.11051519056355222,0.14299700838604235,0,0,0,0
lognormal,lnorm_asim,100,Pmk,2,2,C,meanlog,7.0,300,300,1.0,0.0006394987290834209,9.135696129763155e-05,0.1496607916775738,0.021380113096796254,0.14990948308003973,0,0,0,0
lognormal,lnorm_asim,100,Pmk,2,2,C,sdlog,1.3,300,300,1.0,-0.016157196780529848,-0.012428612908099882,0.14366925757576904,0.11051481351982233,0.14299636510302222,0,0,0,0
lognormal,lnorm_asim,100,Pmk,2,2,D,meanlog,7.0,300,300,1.0,0.0006401393472739159,9.144847818198798e-05,0.1496620322441714,0.021380290320595914,0.14991072298747307,0,0,0,0
lognormal,lnorm_asim,100,Pmk,2,2,D,sdlog,1.3,300,300,1.0,-0.01615717965792096,-0.012428599736862278,0.14366953230514978,0.11051502485011522,0.14299664398948783,0,0,0,0
lognormal,lnorm_asim,1000,P3c,3,2,A,meanlog,7.0,300,300,1.0,0.0013020745460590177,0.00018601064943700254,0.047278846103155185,0.006754120871879312,0.04733987858458958,0,0,0,0
lognormal,lnorm_asim,1000,P3c,3,2,A,sdlog,1.3,300,300,1.0,-0.001103699017891202,-0.0008489992445316939,0.053366936992246455,0.04105148999403573,0.05344467159738957,0,0,0,0
lognormal,lnorm_asim,1000,P3c,3,2,B,meanlog,7.0,300,300,1.0,0.0005964275996390711,8.520394280558159e-05,0.045865978351209195,0.006552282621601313,0.045938728761609794,0,0,0,0
lognormal,lnorm_asim,1000,P3c,3,2,B,sdlog,1.3,300,300,1.0,-0.00034120331962483874,-0.0002624640920191067,0.04580601189073859,0.035235393762106604,0.045881273702361385,0,0,0,0
lognormal,lnorm_asim,1000,P3c,3,2,Bg,meanlog,7.0,300,300,1.0,0.0013032913580737215,0.00018618447972481737,0.04727877746851944,0.006754111066931349,0.04733977621331599,0,0,0,0
lognormal,lnorm_asim,1000,P3c,3,2,Bg,sdlog,1.3,300,300,1.0,-0.00110512882232916,-0.0008500990940993538,0.05336874003049514,0.04105287694653472,0.05344644839039468,0,0,0,0
lognormal,lnorm_asim,1000,P3c,3,2,C,meanlog,7.0,300,300,1.0,0.0010617626926201496,0.00015168038466002138,0.04583233003696112,0.006547475719565874,0.04589658802761644,0,0,0,0
lognormal,lnorm_asim,1000,P3c,3,2,C,sdlog,1.3,300,300,1.0,-0.00034124764035947663,-0.00026249818489190507,0.04580616899008534,0.03523551460775795,0.04588143073784182,0,0,0,0
lognormal,lnorm_asim,1000,P3c,3,2,D,meanlog,7.0,300,300,1.0,0.0011838998552624602,0.00016912855075178004,0.04614532390254383,0.006592189128934833,0.04620721069563671,0,0,0,0
lognormal,lnorm_asim,1000,P3c,3,2,D,sdlog,1.3,300,300,1.0,0.00038004015671155855,0.0002923385820858143,0.045951376295302875,0.03534721253484836,0.046026579709020805,0,0,0,0
lognormal,lnorm_asim,1000,P3w,3,2,A,meanlog,7.0,300,296,0.9866666666666667,0.0018367040781406274,0.00026238629687723246,0.049586447667056534,0.007083778238150934,0.04963633592059915,0,4,0,0
lognormal,lnorm_asim,1000,P3w,3,2,A,sdlog,1.3,300,296,0.9866666666666667,0.0007515498341172933,0.0005781152570133025,0.05144324639757496,0.03957172799813458,0.051524865175177355,0,4,0,0
lognormal,lnorm_asim,1000,P3w,3,2,B,meanlog,7.0,300,300,1.0,0.0021622402630869786,0.00030889146615528266,0.0466315248870624,0.006661646412437486,0.04665919808810284,0,0,0,0
lognormal,lnorm_asim,1000,P3w,3,2,B,sdlog,1.3,300,300,1.0,-0.001053471969016062,-0.0008103630530892786,0.034870203630634415,0.026823233562026472,0.034912522761002714,0,0,0,0
lognormal,lnorm_asim,1000,P3w,3,2,Bg,meanlog,7.0,300,300,1.0,0.00179993981004678,0.00025713425857811146,0.049711799388509295,0.007101685626929899,0.049762209289461436,0,0,0,0
lognormal,lnorm_asim,1000,P3w,3,2,Bg,sdlog,1.3,300,300,1.0,0.0005934276041437148,0.00045648277241824213,0.05171399734802933,0.03977999796002256,0.051796992772342995,0,0,0,0
lognormal,lnorm_asim,1000,P3w,3,2,C,meanlog,7.0,300,300,1.0,0.0032027602775999142,0.00045753718251427344,0.04674805445357118,0.0066782934933673115,0.04671613832927137,0,0,0,0
lognormal,lnorm_asim,1000,P3w,3,2,C,sdlog,1.3,300,300,1.0,-0.0010534559489687734,-0.0008103507299759794,0.03487029284737151,0.026823302190285777,0.03491261265262846,0,0,0,0
lognormal,lnorm_asim,1000,P3w,3,2,D,meanlog,7.0,300,300,1.0,0.0023904511515651095,0.0003414930216521585,0.04699469649942018,0.00671352807134574,0.047012279499904934,0,0,0,0
lognormal,lnorm_asim,1000,P3w,3,2,D,sdlog,1.3,300,300,1.0,-0.0018790115054669876,-0.0014453934657438366,0.035020036901169255,0.02693848992397635,0.035028019844628645,0,0,0,0
lognormal,lnorm_asim,1000,P5,5,2,A,meanlog,7.0,300,299,0.9966666666666667,-0.001197271810922551,-0.00017103883013179302,0.05884307568483446,0.008406153669262065,0.058929520945506034,0,1,0,0
lognormal,lnorm_asim,1000,P5,5,2,A,sdlog,1.3,300,299,0.9966666666666667,0.0029923928740080985,0.002301840672313922,0.06522613055430894,0.05017394658023765,0.06526668610480216,0,1,0,0
lognormal,lnorm_asim,1000,P5,5,2,B,meanlog,7.0,300,300,1.0,0.0008650490944832612,0.0001235784420690373,0.044068643154790484,0.006295520450684355,0.04413376974238633,0,0,0,0
lognormal,lnorm_asim,1000,P5,5,2,B,sdlog,1.3,300,300,1.0,-0.0009474507858284742,-0.0007288082967911339,0.03379337783171211,0.02599490602439393,0.03383653487864753,0,0,0,0
lognormal,lnorm_asim,1000,P5,5,2,Bg,meanlog,7.0,300,300,1.0,-0.0012339961733349725,-0.00017628516761928177,0.05874907683744895,0.008392725262492707,0.058834254600626815,0,0,0,0
lognormal,lnorm_asim,1000,P5,5,2,Bg,sdlog,1.3,300,300,1.0,0.0030875204864582173,0.002375015758814013,0.065142632734611,0.05010971748816231,0.0651781439723551,0,0,0,0
lognormal,lnorm_asim,1000,P5,5,2,C,meanlog,7.0,300,300,1.0,0.0021959091815428877,0.00031370131164898396,0.04411964614423773,0.006302806592033962,0.044138590931942556,0,0,0,0
lognormal,lnorm_asim,1000,P5,5,2,C,sdlog,1.3,300,300,1.0,-0.0008989076240242255,-0.0006914674030955581,0.033806348406319,0.026004883389476152,0.03385086055312116,0,0,0,0
lognormal,lnorm_asim,1000,P5,5,2,D,meanlog,7.0,300,300,1.0,0.0015545555453355675,0.0002220793636193668,0.04448723368087685,0.006355319097268121,0.04453435017434948,0,0,0,0
lognormal,lnorm_asim,1000,P5,5,2,D,sdlog,1.3,300,300,1.0,-0.0010020622385136235,-0.0007708171065489411,0.035395648379018894,0.027227421830014534,0.03544057811839193,0,0,0,0
lognormal,lnorm_asim,1000,Pmk,2,2,A,meanlog,7.0,300,286,0.9533333333333334,0.0012058429186287967,0.0001722632740898281,0.0468125261699149,0.006687503738559272,0.04687902104726266,0,14,0,0
lognormal,lnorm_asim,1000,Pmk,2,2,A,sdlog,1.3,300,286,0.9533333333333334,-0.0017187641135882892,-0.001322126241221761,0.04519872331222729,0.0347682487017133,0.04524520118190518,0,14,0,0
lognormal,lnorm_asim,1000,Pmk,2,2,B,meanlog,7.0,300,300,1.0,0.0006858343682250023,9.797633831785748e-05,0.04705907826926781,0.0067227254670382585,0.047132700434765536,0,0,0,0
lognormal,lnorm_asim,1000,Pmk,2,2,B,sdlog,1.3,300,300,1.0,-0.0003413784887853488,-0.0002625988375271914,0.04580606259478575,0.03523543276521981,0.04588132318517233,0,0,0,0
lognormal,lnorm_asim,1000,Pmk,2,2,Bg,meanlog,7.0,300,300,1.0,0.0006869136919736007,9.813052742480011e-05,0.04705946313404493,0.0067227804477207045,0.047133070213351995,0,0,0,0
lognormal,lnorm_asim,1000,Pmk,2,2,Bg,sdlog,1.3,300,300,1.0,-0.000342741215544784,-0.00026364708888060306,0.045808187083100194,0.035237066987000146,0.045883441089207375,0,0,0,0
lognormal,lnorm_asim,1000,Pmk,2,2,C,meanlog,7.0,300,300,1.0,0.0006858504994280423,9.797864277543462e-05,0.04705901165850698,0.006722715951215283,0.047132633470105996,0,0,0,0
lognormal,lnorm_asim,1000,Pmk,2,2,C,sdlog,1.3,300,300,1.0,-0.00034094824001162927,-0.0002622678769320225,0.04580622357731865,0.03523555659793742,0.045881487651083463,0,0,0,0
lognormal,lnorm_asim,1000,Pmk,2,2,D,meanlog,7.0,300,300,1.0,0.000684811736012314,9.783024800175915e-05,0.04705869582852303,0.006722670832646147,0.04713233223354839,0,0,0,0
lognormal,lnorm_asim,1000,Pmk,2,2,D,sdlog,1.3,300,300,1.0,-0.000342287617981496,-0.0002632981676780738,0.04580275984024975,0.0352328921848075,0.04587800802386292,0,0,0,0
lognormal,lnorm_asim,10000,P3c,3,2,A,meanlog,7.0,300,298,0.9933333333333333,0.00012199294412784667,1.7427563446835238e-05,0.014359675133675122,0.002051382161953589,0.014383310278262434,0,2,0,0
lognormal,lnorm_asim,10000,P3c,3,2,A,sdlog,1.3,300,298,0.9933333333333333,-0.00047160897349085573,-0.0003627761334545044,0.01866372665051423,0.01435671280808787,0.018689151202543816,0,2,0,0
lognormal,lnorm_asim,10000,P3c,3,2,B,meanlog,7.0,300,300,1.0,-0.00020110009158269548,-2.8728584511813642e-05,0.013703751126316072,0.0019576787323308674,0.013725169870658664,0,0,0,0
lognormal,lnorm_asim,10000,P3c,3,2,B,sdlog,1.3,300,300,1.0,0.0004711973197757402,0.0003624594767505694,0.015538790669007655,0.011952915899236657,0.01555759571686363,0,0,0,0
lognormal,lnorm_asim,10000,P3c,3,2,Bg,meanlog,7.0,300,300,1.0,0.0001082451922016503,1.5463598885950042e-05,0.014340752474292758,0.0020486789248989655,0.01436430443775707,0,0,0,0
lognormal,lnorm_asim,10000,P3c,3,2,Bg,sdlog,1.3,300,300,1.0,-0.00035418242517715193,-0.00027244801936703993,0.01865723904065424,0.0143517223389648,0.018685044636644207,0,0,0,0
lognormal,lnorm_asim,10000,P3c,3,2,C,meanlog,7.0,300,300,1.0,-0.00015121273347507014,-2.1601819067867162e-05,0.013708647115047533,0.0019583781592925047,0.013730716746600922,0,0,0,0
lognormal,lnorm_asim,10000,P3c,3,2,C,sdlog,1.3,300,300,1.0,0.0004716527825696648,0.000362809832745896,0.0155389558964388,0.011953042997260615,0.015557747449094198,0,0,0,0
lognormal,lnorm_asim,10000,P3c,3,2,D,meanlog,7.0,300,300,1.0,-4.143938855705187e-05,-5.91991265100741e-06,0.013877514659950097,0.001982502094278585,0.013900639860908615,0,0,0,0
lognormal,lnorm_asim,10000,P3c,3,2,D,sdlog,1.3,300,300,1.0,0.0005484484429898462,0.00042188341768449703,0.015549220684445777,0.011960938988035212,0.015565509472853008,0,0,0,0
lognormal,lnorm_asim,10000,P3w,3,2,A,meanlog,7.0,300,293,0.9766666666666667,0.00020523658179616433,2.9319511685166333e-05,0.01533168491552596,0.0021902407022179942,0.015356539257485737,0,7,0,0
lognormal,lnorm_asim,10000,P3w,3,2,A,sdlog,1.3,300,293,0.9766666666666667,0.00012050086033532637,9.269296948871259e-05,0.016816796554218638,0.012935997349398952,0.016845135357837687,0,7,0,0
lognormal,lnorm_asim,10000,P3w,3,2,B,meanlog,7.0,300,300,1.0,0.0002605518079512592,3.722168685017989e-05,0.01324198205886793,0.0018917117226954186,0.013261539492146411,0,0,0,0
lognormal,lnorm_asim,10000,P3w,3,2,B,sdlog,1.3,300,300,1.0,0.000215086662379127,0.0001654512787531746,0.011554749602097873,0.00888826892469067,0.011572050405906338,0,0,0,0
lognormal,lnorm_asim,10000,P3w,3,2,Bg,meanlog,7.0,300,300,1.0,0.0004715074677976716,6.735820968538166e-05,0.01528249926963193,0.00218321418137599,0.01530074641218563,0,0,0,0
lognormal,lnorm_asim,10000,P3w,3,2,Bg,sdlog,1.3,300,300,1.0,6.685949838125538e-05,5.143038337019644e-05,0.016636537355696347,0.012797336427458728,0.016664199856312532,0,0,0,0
lognormal,lnorm_asim,10000,P3w,3,2,C,meanlog,7.0,300,300,1.0,0.0003636126890036451,5.194466985766358e-05,0.013243777227129704,0.0018919681753042435,0.013260904683731188,0,0,0,0
lognormal,lnorm_asim,10000,P3w,3,2,C,sdlog,1.3,300,300,1.0,0.00021506849615327006,0.00016543730473328466,0.011554863581508479,0.008888356601160368,0.011572164934306347,0,0,0,0
lognormal,lnorm_asim,10000,P3w,3,2,D,meanlog,7.0,300,300,1.0,0.0004613397060255764,6.590567228936806e-05,0.014091742944562112,0.0020131061349374446,0.014107721677424957,0,0,0,0
lognormal,lnorm_asim,10000,P3w,3,2,D,sdlog,1.3,300,300,1.0,0.0001363878763571691,0.00010491375104397623,0.011550953203282385,0.008885348617909527,0.011569446481627367,0,0,0,0
lognormal,lnorm_asim,10000,P5,5,2,A,meanlog,7.0,300,294,0.98,-0.00038475902358126035,-5.4965574797322904e-05,0.017585479020200162,0.002512211288600023,0.01761124598642202,0,6,0,0
lognormal,lnorm_asim,10000,P5,5,2,A,sdlog,1.3,300,294,0.98,0.0008820349478790845,0.0006784884214454496,0.02045355309901345,0.0157335023838565,0.020469367400879856,0,6,0,0
lognormal,lnorm_asim,10000,P5,5,2,B,meanlog,7.0,300,300,1.0,-0.00012337848063648238,-1.76254972337832e-05,0.012592098701570279,0.0017988712430814684,0.012612532684980545,0,0,0,0
lognormal,lnorm_asim,10000,P5,5,2,B,sdlog,1.3,300,300,1.0,0.0002754357717023037,0.00021187367054023362,0.01099527281794415,0.008457902167649346,0.01101018802190106,0,0,0,0
lognormal,lnorm_asim,10000,P5,5,2,Bg,meanlog,7.0,300,300,1.0,-0.00041862368794376437,-5.980338399196634e-05,0.017582626514914674,0.0025118037878449533,0.017607011830219906,0,0,0,0
lognormal,lnorm_asim,10000,P5,5,2,Bg,sdlog,1.3,300,300,1.0,0.0007545992608453123,0.0005804609698810094,0.020423547269517967,0.015710420976552283,0.020443703506687116,0,0,0,0
lognormal,lnorm_asim,10000,P5,5,2,C,meanlog,7.0,300,300,1.0,2.0989977255858605e-05,2.9985681794083722e-06,0.012591594495940437,0.0017987992137057768,0.012612615573692535,0,0,0,0
lognormal,lnorm_asim,10000,P5,5,2,C,sdlog,1.3,300,300,1.0,0.0002705926294157557,0.0002081481764736582,0.010995007147082047,0.008457697805447728,0.011010042320519175,0,0,0,0
lognormal,lnorm_asim,10000,P5,5,2,D,meanlog,7.0,300,300,1.0,7.178831936904828e-06,1.0255474195578325e-06,0.013150710243673064,0.001878672891953295,0.013172681078659982,0,0,0,0
lognormal,lnorm_asim,10000,P5,5,2,D,sdlog,1.3,300,300,1.0,0.00030791596699208945,0.0002368584361477611,0.01148758910573554,0.008836607004411953,0.011502648723010206,0,0,0,0
lognormal,lnorm_asim,10000,Pmk,2,2,A,meanlog,7.0,300,293,0.9766666666666667,-0.000252726474887055,-3.610378212672215e-05,0.014034229926906816,0.0020048899895581166,0.01405596099333317,0,7,0,0
lognormal,lnorm_asim,10000,Pmk,2,2,A,sdlog,1.3,300,293,0.9766666666666667,0.00030437091396118277,0.0002341314722778329,0.015608100142499,0.012006230878845385,0.015631830395573896,0,7,0,0
lognormal,lnorm_asim,10000,Pmk,2,2,B,meanlog,7.0,300,300,1.0,-0.0004925796740371524,-7.036852486245035e-05,0.013979971054814288,0.0019971387221163267,0.013994634278422336,0,0,0,0
lognormal,lnorm_asim,10000,Pmk,2,2,B,sdlog,1.3,300,300,1.0,0.00047111472308492,0.0003623959408345538,0.015538671828384091,0.011952824483372378,0.015557479132702001,0,0,0,0
lognormal,lnorm_asim,10000,Pmk,2,2,Bg,meanlog,7.0,300,300,1.0,-0.000492961769750444,-7.042310996434915e-05,0.01398137312828115,0.0019973390183258785,0.013996026069265437,0,0,0,0
lognormal,lnorm_asim,10000,Pmk,2,2,Bg,sdlog,1.3,300,300,1.0,0.0004722974853668127,0.0003633057579744713,0.01554249804415485,0.011955767726272961,0.015561277531077077,0,0,0,0
lognormal,lnorm_asim,10000,Pmk,2,2,C,meanlog,7.0,300,300,1.0,-0.0004927503167513336,-7.039290239304766e-05,0.013980018534360596,0.0019971455049086566,0.013994675839496333,0,0,0,0
lognormal,lnorm_asim,10000,Pmk,2,2,C,sdlog,1.3,300,300,1.0,0.0004712578047103566,0.0003625060036233512,0.015539011465774027,0.011953085742903097,0.015557815146158211,0,0,0,0
lognormal,lnorm_asim,10000,Pmk,2,2,D,meanlog,7.0,300,300,1.0,-0.0004938338686226729,-7.054769551752469e-05,0.013980884297618797,0.001997269185374114,0.013995505269410291,0,0,0,0
lognormal,lnorm_asim,10000,Pmk,2,2,D,sdlog,1.3,300,300,1.0,0.00047068778901393493,0.00036206753001071917,0.015537926481892417,0.011952251139917243,0.015556745163935124,0,0,0,0
lognormal,lnorm_pesada,100,P3c,3,2,A,meanlog,5.0,300,299,0.9966666666666667,-0.00621750088584605,-0.00124350017716921,0.2191248715863905,0.043824974317278095,0.21940384875699165,0,1,0,0
lognormal,lnorm_pesada,100,P3c,3,2,A,sdlog,2.0,300,299,0.9966666666666667,-0.03965817819931794,-0.01982908909965897,0.3146906667665803,0.15734533338329015,0.31270510558156583,0,1,0,0
lognormal,lnorm_pesada,100,P3c,3,2,B,meanlog,5.0,300,300,1.0,-0.017574501684350707,-0.0035149003368701416,0.20262161013187752,0.0405243220263755,0.20219527743505317,0,0,0,0
lognormal,lnorm_pesada,100,P3c,3,2,B,sdlog,2.0,300,300,1.0,-0.03490916185758741,-0.017454580928793706,0.24346731988957987,0.12173365994478993,0.2413542192222953,0,0,0,0
lognormal,lnorm_pesada,100,P3c,3,2,Bg,meanlog,5.0,300,300,1.0,-0.007283864722491096,-0.001456772944498219,0.21956966017168514,0.04391393203433703,0.21981547669639784,0,0,0,0
lognormal,lnorm_pesada,100,P3c,3,2,Bg,sdlog,2.0,300,300,1.0,-0.03842619064604613,-0.019213095323023066,0.31474401333573815,0.15737200666786907,0.31291148983595807,0,0,0,0
lognormal,lnorm_pesada,100,P3c,3,2,C,meanlog,5.0,300,300,1.0,-0.007595471670206244,-0.0015190943340412488,0.20217167993908094,0.04043433598781619,0.2023665098954241,0,0,0,0
lognormal,lnorm_pesada,100,P3c,3,2,C,sdlog,2.0,300,300,1.0,-0.03490907158550427,-0.017454535792752135,0.24346740308849507,0.12173370154424754,0.2413543165308093,0,0,0,0
lognormal,lnorm_pesada,100,P3c,3,2,D,meanlog,5.0,300,300,1.0,-0.006771307526592274,-0.0013542615053184549,0.20343915064297735,0.04068783012859547,0.2036661576074064,0,0,0,0
lognormal,lnorm_pesada,100,P3c,3,2,D,sdlog,2.0,300,300,1.0,-0.02442970463214511,-0.012214852316072555,0.24425632840892086,0.12212816420446043,0.2434376370033168,0,0,0,0
lognormal,lnorm_pesada,100,P3w,3,2,A,meanlog,5.0,300,291,0.97,-0.005476069106473247,-0.0010952138212946493,0.2312565396110781,0.046251307922215615,0.23158995821233266,0,9,0,0
lognormal,lnorm_pesada,100,P3w,3,2,A,sdlog,2.0,300,291,0.97,-0.030781511160542285,-0.015390755580271143,0.27573621053145697,0.13786810526572849,0.27448472291736226,0,9,0,0
lognormal,lnorm_pesada,100,P3w,3,2,B,meanlog,5.0,300,300,1.0,-0.028288040461521113,-0.005657608092304223,0.20863292464410502,0.041726584928821,0.20705164886260283,0,0,0,0
lognormal,lnorm_pesada,100,P3w,3,2,B,sdlog,2.0,300,300,1.0,-0.02546380786513125,-0.012731903932565625,0.18199346771240643,0.09099673385620322,0.18050435688696917,0,0,0,0
lognormal,lnorm_pesada,100,P3w,3,2,Bg,meanlog,5.0,300,300,1.0,-0.004154030597930181,-0.0008308061195860361,0.23218609301932872,0.046437218603865744,0.23253681512684454,0,0,0,0
lognormal,lnorm_pesada,100,P3w,3,2,Bg,sdlog,2.0,300,300,1.0,-0.027697586891987758,-0.013848793445993879,0.27650027685649436,0.13825013842824718,0.27556918314234263,0,0,0,0
lognormal,lnorm_pesada,100,P3w,3,2,C,meanlog,5.0,300,300,1.0,-0.005444697302267265,-0.001088939460453453,0.20359539885762776,0.04071907977152555,0.20386263747224587,0,0,0,0
lognormal,lnorm_pesada,100,P3w,3,2,C,sdlog,2.0,300,300,1.0,-0.02546404352911691,-0.012732021764558454,0.18199331653382136,0.09099665826691068,0.1805041705948482,0,0,0,0
lognormal,lnorm_pesada,100,P3w,3,2,D,meanlog,5.0,300,300,1.0,-0.0037506993708849024,-0.0007501398741769805,0.20664342307971967,0.04132868461594393,0.20695459381873,0,0,0,0
lognormal,lnorm_pesada,100,P3w,3,2,D,sdlog,2.0,300,300,1.0,-0.03969320608445748,-0.01984660304222874,0.18376906296291526,0.09188453148145763,0.17973089664933126,0,0,0,0
lognormal,lnorm_pesada,100,P5,5,2,A,meanlog,5.0,300,298,0.9933333333333333,-0.046901773525585,-0.009380354705117,0.3791869792227913,0.07583739584455826,0.37690807798777193,0,2,0,0
lognormal,lnorm_pesada,100,P5,5,2,A,sdlog,2.0,300,298,0.9933333333333333,0.007508547418214384,0.003754273709107192,0.40758510332418996,0.20379255166209498,0.40820141333847015,0,2,0,0
lognormal,lnorm_pesada,100,P5,5,2,B,meanlog,5.0,300,300,1.0,-0.039020453733747296,-0.007804090746749459,0.19970139500701253,0.039940279001402505,0.19617935455940264,0,0,0,0
lognormal,lnorm_pesada,100,P5,5,2,B,sdlog,2.0,300,300,1.0,-0.026868713684151224,-0.013434356842075612,0.178133279053958,0.089066639526979,0.17638947859401913,0,0,0,0
lognormal,lnorm_pesada,100,P5,5,2,Bg,meanlog,5.0,300,300,1.0,-0.044881135169323905,-0.00897622703386478,0.3788489796145103,0.07576979592290206,0.3768096576804697,0,0,0,0
lognormal,lnorm_pesada,100,P5,5,2,Bg,sdlog,2.0,300,300,1.0,0.005299738139560972,0.002649869069780486,0.4070836252921679,0.20354181264608395,0.40772924170147656,0,0,0,0
lognormal,lnorm_pesada,100,P5,5,2,C,meanlog,5.0,300,300,1.0,-0.007374403119061235,-0.001474880623812247,0.1913506008142224,0.03827012016284448,0.19152792773101768,0,0,0,0
lognormal,lnorm_pesada,100,P5,5,2,C,sdlog,2.0,300,300,1.0,-0.027512786076007822,-0.013756393038003911,0.17580671356850924,0.08790335678425462,0.17393069528013483,0,0,0,0
lognormal,lnorm_pesada,100,P5,5,2,D,meanlog,5.0,300,300,1.0,-0.006193859990318629,-0.0012387719980637257,0.19529528988754347,0.03905905797750869,0.19552318892834422,0,0,0,0
lognormal,lnorm_pesada,100,P5,5,2,D,sdlog,2.0,300,300,1.0,-0.03616924878017547,-0.018084624390087733,0.18662143906894096,0.09331071953447048,0.18338879955488235,0,0,0,0
lognormal,lnorm_pesada,100,Pmk,2,2,A,meanlog,5.0,300,291,0.97,-0.01094016551687993,-0.002188033103375986,0.20692071572820575,0.04138414314564115,0.20698725726560074,0,9,0,0
lognormal,lnorm_pesada,100,Pmk,2,2,A,sdlog,2.0,300,291,0.97,-0.03425487886640721,-0.017127439433203606,0.2451500980584698,0.1225750490292349,0.24316324579711251,0,9,0,0
lognormal,lnorm_pesada,100,Pmk,2,2,B,meanlog,5.0,300,300,1.0,-0.010268877326767623,-0.0020537754653535247,0.20876885081389274,0.04175377016277855,0.20886454435405888,0,0,0,0
lognormal,lnorm_pesada,100,Pmk,2,2,B,sdlog,2.0,300,300,1.0,-0.034908973332399285,-0.017454486666199642,0.24346720222289367,0.12173360111144683,0.24135412748761015,0,0,0,0
lognormal,lnorm_pesada,100,Pmk,2,2,Bg,meanlog,5.0,300,300,1.0,-0.010235221065357791,-0.0020470442130715583,0.20875607687898953,0.04175121537579791,0.20885339119510485,0,0,0,0
lognormal,lnorm_pesada,100,Pmk,2,2,Bg,sdlog,2.0,300,300,1.0,-0.03495865999806402,-0.01747932999903201,0.2434237262620383,0.12171186313101914,0.24130290696162215,0,0,0,0
lognormal,lnorm_pesada,100,Pmk,2,2,C,meanlog,5.0,300,300,1.0,-0.010269104898952719,-0.002053820979790544,0.20876890046352273,0.04175378009270454,0.20886458292073215,0,0,0,0
lognormal,lnorm_pesada,100,Pmk,2,2,C,sdlog,2.0,300,300,1.0,-0.03490897726299935,-0.017454488631499676,0.24346730874691946,0.12173365437345973,0.2413542347332335,0,0,0,0
lognormal,lnorm_pesada,100,Pmk,2,2,D,meanlog,5.0,300,300,1.0,-0.01027065380444725,-0.00205413076088945,0.20876857833411352,0.041753715666822705,0.20886418344744184,0,0,0,0
lognormal,lnorm_pesada,100,Pmk,2,2,D,sdlog,2.0,300,300,1.0,-0.034911186206277645,-0.017455593103138822,0.2434594569814821,0.12172972849074105,0.24134596714588102,0,0,0,0
lognormal,lnorm_pesada,1000,P3c,3,2,A,meanlog,5.0,300,297,0.99,-0.0074009914103640995,-0.0014801982820728198,0.0719887282482034,0.014397745649640682,0.07172813465963944,0,3,0,0
lognormal,lnorm_pesada,1000,P3c,3,2,A,sdlog,2.0,300,297,0.99,-0.00021364728093620222,-0.00010682364046810111,0.10948254136426443,0.05474127068213221,0.10966711334561753,0,3,0,0
lognormal,lnorm_pesada,1000,P3c,3,2,B,meanlog,5.0,300,300,1.0,-0.007791464941922399,-0.00155829298838448,0.06611784739683765,0.013223569479367531,0.06576686414791123,0,0,0,0
lognormal,lnorm_pesada,1000,P3c,3,2,B,sdlog,2.0,300,300,1.0,-0.0021152500118746254,-0.0010576250059373127,0.08193166458061417,0.040965832290307085,0.08204120454064,0,0,0,0
lognormal,lnorm_pesada,1000,P3c,3,2,Bg,meanlog,5.0,300,300,1.0,-0.00735899038146659,-0.001471798076293318,0.07206206109156413,0.014412412218312826,0.07180510068426471,0,0,0,0
lognormal,lnorm_pesada,1000,P3c,3,2,Bg,sdlog,2.0,300,300,1.0,-0.0006458770983392981,-0.00032293854916964904,0.10906912522715674,0.05453456261357837,0.10924944725876432,0,0,0,0
lognormal,lnorm_pesada,1000,P3c,3,2,C,meanlog,5.0,300,300,1.0,-0.006637189605470439,-0.0013274379210940878,0.0660302728080156,0.01320605456160312,0.06580561707562929,0,0,0,0
lognormal,lnorm_pesada,1000,P3c,3,2,C,sdlog,2.0,300,300,1.0,-0.002114982148230249,-0.0010574910741151244,0.0819317006233243,0.04096585031166215,0.08204124758453395,0,0,0,0
lognormal,lnorm_pesada,1000,P3c,3,2,D,meanlog,5.0,300,300,1.0,-0.006705107156888879,-0.0013410214313777757,0.06650568377749007,0.013301136755498013,0.06627737028654508,0,0,0,0
lognormal,lnorm_pesada,1000,P3c,3,2,D,sdlog,2.0,300,300,1.0,-0.0009299117202636875,-0.00046495586013184376,0.08193634011592596,0.04096817005796298,0.08206795717229302,0,0,0,0
lognormal,lnorm_pesada,1000,P3w,3,2,A,meanlog,5.0,300,293,0.9766666666666667,-0.007196715945902987,-0.0014393431891805974,0.077377743811473,0.0154755487622946,0.07717415142944746,0,7,0,0
lognormal,lnorm_pesada,1000,P3w,3,2,A,sdlog,2.0,300,293,0.9766666666666667,-0.006587312414748636,-0.003293656207374318,0.0838143851421512,0.0419071925710756,0.08369807391011576,0,7,0,0
lognormal,lnorm_pesada,1000,P3w,3,2,B,meanlog,5.0,300,300,1.0,-0.008967496711763445,-0.001793499342352689,0.06531825242742845,0.01306365048548569,0.06480785675534917,0,0,0,0
lognormal,lnorm_pesada,1000,P3w,3,2,B,sdlog,2.0,300,300,1.0,-0.006918490399521859,-0.0034592451997609297,0.0581659746383954,0.0290829873191977,0.05784954909644259,0,0,0,0
lognormal,lnorm_pesada,1000,P3w,3,2,Bg,meanlog,5.0,300,300,1.0,-0.007175956954784901,-0.0014351913909569803,0.07667084432562668,0.015334168865125336,0.07646183395367538,0,0,0,0
lognormal,lnorm_pesada,1000,P3w,3,2,Bg,sdlog,2.0,300,300,1.0,-0.006371130016839643,-0.0031855650084198217,0.08325464398941022,0.04162732199470511,0.08314920574585093,0,0,0,0
lognormal,lnorm_pesada,1000,P3w,3,2,C,meanlog,5.0,300,300,1.0,-0.0066731396693953116,-0.0013346279338790623,0.06488036149126088,0.012976072298252175,0.0646441029613816,0,0,0,0
lognormal,lnorm_pesada,1000,P3w,3,2,C,sdlog,2.0,300,300,1.0,-0.006918486203238983,-0.0034592431016194913,0.0581660419003095,0.02908302095015475,0.05784961745598236,0,0,0,0
lognormal,lnorm_pesada,1000,P3w,3,2,D,meanlog,5.0,300,300,1.0,-0.0069043153518686395,-0.0013808630703737279,0.06732847354480478,0.013465694708960956,0.06708543282302261,0,0,0,0
lognormal,lnorm_pesada,1000,P3w,3,2,D,sdlog,2.0,300,300,1.0,-0.008114655283273375,-0.004057327641636688,0.058323978962453185,0.029161989481226593,0.05785322414055986,0,0,0,0
lognormal,lnorm_pesada,1000,P5,5,2,A,meanlog,5.0,300,298,0.9933333333333333,-0.004698860576739072,-0.0009397721153478145,0.11911926746883654,0.023823853493767307,0.11922676716126246,0,2,0,0
lognormal,lnorm_pesada,1000,P5,5,2,A,sdlog,2.0,300,298,0.9933333333333333,-0.008184602208207048,-0.004092301104103524,0.12094775628858942,0.06047387814429471,0.12087348851843963,0,2,0,0
lognormal,lnorm_pesada,1000,P5,5,2,B,meanlog,5.0,300,300,1.0,-0.009772620188928549,-0.00195452403778571,0.06280361559197338,0.012560723118394675,0.062142274125689685,0,0,0,0
lognormal,lnorm_pesada,1000,P5,5,2,B,sdlog,2.0,300,300,1.0,-0.005790514887658693,-0.0028952574438293466,0.057497478761759084,0.028748739380879542,0.05730073806888415,0,0,0,0
lognormal,lnorm_pesada,1000,P5,5,2,Bg,meanlog,5.0,300,300,1.0,-0.003951092017839386,-0.0007902184035678772,0.1190484115540514,0.02380968231081028,0.11918162904189397,0,0,0,0
lognormal,lnorm_pesada,1000,P5,5,2,Bg,sdlog,2.0,300,300,1.0,-0.0087230048663276,-0.0043615024331638,0.12079036849319345,0.06039518424659673,0.12067628125006437,0,0,0,0
lognormal,lnorm_pesada,1000,P5,5,2,C,meanlog,5.0,300,300,1.0,-0.00657269118017112,-0.001314538236034224,0.061971608937099215,0.012394321787419843,0.06172503526255291,0,0,0,0
lognormal,lnorm_pesada,1000,P5,5,2,C,sdlog,2.0,300,300,1.0,-0.005876521902234089,-0.0029382609511170443,0.05751724249984659,0.028758621249923295,0.05731185308000082,0,0,0,0
lognormal,lnorm_pesada,1000,P5,5,2,D,meanlog,5.0,300,300,1.0,-0.0066486278780582,-0.0013297255756116399,0.0635707186430456,0.01271414372860912,0.06332771917720016,0,0,0,0
lognormal,lnorm_pesada,1000,P5,5,2,D,sdlog,2.0,300,300,1.0,-0.005025209186281465,-0.0025126045931407326,0.06168393189812278,0.03084196594906139,0.061581618302506046,0,0,0,0
lognormal,lnorm_pesada,1000,Pmk,2,2,A,meanlog,5.0,300,278,0.9266666666666666,-0.0061861504435132275,-0.0012372300887026455,0.0684197271320464,0.01368394542640928,0.06826237838255829,0,22,0,0
lognormal,lnorm_pesada,1000,Pmk,2,2,A,sdlog,2.0,300,278,0.9266666666666666,-0.0024402970951040714,-0.0012201485475520357,0.08146644469948176,0.04073322234974088,0.08157674033749111,0,22,0,0
lognormal,lnorm_pesada,1000,Pmk,2,2,B,meanlog,5.0,300,300,1.0,-0.00642198795484461,-0.001284397590968922,0.06834814717152975,0.01366962943430595,0.06815946744581597,0,0,0,0
lognormal,lnorm_pesada,1000,Pmk,2,2,B,sdlog,2.0,300,300,1.0,-0.0021151529707921224,-0.0010575764853960612,0.08193170060821446,0.04096585030410723,0.08204124315076726,0,0,0,0
lognormal,lnorm_pesada,1000,Pmk,2,2,Bg,meanlog,5.0,300,300,1.0,-0.006442537924726821,-0.0012885075849453642,0.06831921100672947,0.013663842201345894,0.06812840741811181,0,0,0,0
lognormal,lnorm_pesada,1000,Pmk,2,2,Bg,sdlog,2.0,300,300,1.0,-0.0020838465384087623,-0.0010419232692043812,0.08196566868629286,0.04098283434314643,0.08207608282177406,0,0,0,0
lognormal,lnorm_pesada,1000,Pmk,2,2,C,meanlog,5.0,300,300,1.0,-0.006421965606459246,-0.0012843931212918492,0.06834815023313835,0.01366963004662767,0.06815947263887195,0,0,0,0
lognormal,lnorm_pesada,1000,Pmk,2,2,C,sdlog,2.0,300,300,1.0,-0.0021150617183518516,-0.0010575308591759258,0.08193184180884722,0.04096592090442361,0.08204138699492489,0,0,0,0
lognormal,lnorm_pesada,1000,Pmk,2,2,D,meanlog,5.0,300,300,1.0,-0.006422930742695954,-0.0012845861485391908,0.06834862892970502,0.013669725785941004,0.06815986302070827,0,0,0,0
lognormal,lnorm_pesada,1000,Pmk,2,2,D,sdlog,2.0,300,300,1.0,-0.002122214074097517,-0.0010611070370487585,0.08191946339713764,0.04095973169856882,0.08202879841818837,0,0,0,0
lognormal,lnorm_pesada,10000,P3c,3,2,A,meanlog,5.0,300,295,0.9833333333333333,-0.0017233631302469021,-0.00034467262604938044,0.02371751322525678,0.004743502645051356,0.023695013946930868,0,5,0,0
lognormal,lnorm_pesada,10000,P3c,3,2,A,sdlog,2.0,300,295,0.9833333333333333,0.004436863273797886,0.002218431636898943,0.03422384495839354,0.01711192247919677,0.03399268695699833,0,5,0,0
lognormal,lnorm_pesada,10000,P3c,3,2,B,meanlog,5.0,300,300,1.0,-0.001027857735267368,-0.00020557154705347358,0.020801549936784857,0.004160309987356971,0.02081085358665738,0,0,0,0
lognormal,lnorm_pesada,10000,P3c,3,2,B,sdlog,2.0,300,300,1.0,0.0021145371155730786,0.0010572685577865393,0.023431753642746144,0.011715876821373072,0.023375139258316645,0,0,0,0
lognormal,lnorm_pesada,10000,P3c,3,2,Bg,meanlog,5.0,300,300,1.0,-0.0018177995349510923,-0.00036355990699021845,0.0236399977787464,0.00472799955574928,0.023609386061420372,0,0,0,0
lognormal,lnorm_pesada,10000,P3c,3,2,Bg,sdlog,2.0,300,300,1.0,0.004428187368366476,0.002214093684183238,0.03396643136103333,0.016983215680516663,0.03373281228690704,0,0,0,0
lognormal,lnorm_pesada,10000,P3c,3,2,C,meanlog,5.0,300,300,1.0,-0.0008912205245801275,-0.0001782441049160255,0.02078265187916882,0.004156530375833764,0.020798226668375264,0,0,0,0
lognormal,lnorm_pesada,10000,P3c,3,2,C,sdlog,2.0,300,300,1.0,0.0021146515301952995,0.0010573257650976498,0.02343167976795248,0.01171583988397624,0.023375054571940293,0,0,0,0
lognormal,lnorm_pesada,10000,P3c,3,2,D,meanlog,5.0,300,300,1.0,-0.0010981485030709948,-0.00021962970061419895,0.021129751840718036,0.004225950368143607,0.02113645306596071,0,0,0,0
lognormal,lnorm_pesada,10000,P3c,3,2,D,sdlog,2.0,300,300,1.0,0.002248999986228739,0.0011244999931143695,0.023467716131160495,0.011733858065580248,0.023398732910438858,0,0,0,0
lognormal,lnorm_pesada,10000,P3w,3,2,A,meanlog,5.0,300,292,0.9733333333333334,-0.0020213998784033294,-0.0004042799756806659,0.025308846433661828,0.005061769286732366,0.025271303278770224,0,8,0,0
lognormal,lnorm_pesada,10000,P3w,3,2,A,sdlog,2.0,300,292,0.9733333333333334,0.0032900319964461744,0.0016450159982230872,0.029750569554625444,0.014875284777312722,0.02961885294352258,0,8,0,0
lognormal,lnorm_pesada,10000,P3w,3,2,B,meanlog,5.0,300,300,1.0,-0.0003470058198518089,-6.940116397036178e-05,0.021467657182111757,0.004293531436422351,0.021500716916949672,0,0,0,0
lognormal,lnorm_pesada,10000,P3w,3,2,B,sdlog,2.0,300,300,1.0,0.0012913989621536892,0.0006456994810768446,0.018258651524554942,0.009129325762277471,0.018243356170495592,0,0,0,0
lognormal,lnorm_pesada,10000,P3w,3,2,Bg,meanlog,5.0,300,300,1.0,-0.0020942115841098286,-0.0004188423168219657,0.025612044332728384,0.0051224088665456765,0.025568932851539043,0,0,0,0
lognormal,lnorm_pesada,10000,P3w,3,2,Bg,sdlog,2.0,300,300,1.0,0.0036704615183600353,0.0018352307591800177,0.029678739765360763,0.014839369882680382,0.029500104409467383,0,0,0,0
lognormal,lnorm_pesada,10000,P3w,3,2,C,meanlog,5.0,300,300,1.0,-8.755388970094202e-05,-1.7510777940188403e-05,0.021484393183281544,0.004296878636656309,0.021520111572912476,0,0,0,0
lognormal,lnorm_pesada,10000,P3w,3,2,C,sdlog,2.0,300,300,1.0,0.0012914178378089503,0.0006457089189044751,0.01825862731149293,0.009129313655746466,0.018243330515446916,0,0,0,0
lognormal,lnorm_pesada,10000,P3w,3,2,D,meanlog,5.0,300,300,1.0,-0.0013009913817771945,-0.0002601982763554389,0.022386151787278246,0.004477230357455649,0.022385656239771456,0,0,0,0
lognormal,lnorm_pesada,10000,P3w,3,2,D,sdlog,2.0,300,300,1.0,0.0011553718373220612,0.0005776859186610306,0.01824710534995427,0.009123552674977135,0.01824091755222335,0,0,0,0
lognormal,lnorm_pesada,10000,P5,5,2,A,meanlog,5.0,300,296,0.9866666666666667,-0.001000256610669048,-0.00020005132213380962,0.03832029266361636,0.007664058532723272,0.038372108412904664,0,4,0,0
lognormal,lnorm_pesada,10000,P5,5,2,A,sdlog,2.0,300,296,0.9866666666666667,0.003128576624491952,0.001564288312245976,0.04106175823341865,0.020530879116709325,0.04101173371854405,0,4,0,0
lognormal,lnorm_pesada,10000,P5,5,2,B,meanlog,5.0,300,300,1.0,-0.0004877832360108414,-9.755664720216828e-05,0.01986524425768698,0.003973048851537396,0.019892436427504455,0,0,0,0
lognormal,lnorm_pesada,10000,P5,5,2,B,sdlog,2.0,300,300,1.0,0.001465191094693452,0.000732595547346726,0.01762732149392732,0.00881366074696366,0.017595672871066604,0,0,0,0
lognormal,lnorm_pesada,10000,P5,5,2,Bg,meanlog,5.0,300,300,1.0,-0.0010494260390769838,-0.00020988520781539677,0.03821989748477373,0.007643979496954746,0.038269322861914944,0,0,0,0
lognormal,lnorm_pesada,10000,P5,5,2,Bg,sdlog,2.0,300,300,1.0,0.0028741260646905076,0.0014370630323452538,0.040885107081830595,0.020442553540915297,0.04085210351576236,0,0,0,0
lognormal,lnorm_pesada,10000,P5,5,2,C,meanlog,5.0,300,300,1.0,-0.00015278577415589467,-3.055715483117894e-05,0.019860082935329954,0.0039720165870659905,0.01989267736499772,0,0,0,0
lognormal,lnorm_pesada,10000,P5,5,2,C,sdlog,2.0,300,300,1.0,0.0014699362195149668,0.0007349681097574834,0.017627752185384458,0.008813876092692229,0.017595708695632494,0,0,0,0
lognormal,lnorm_pesada,10000,P5,5,2,D,meanlog,5.0,300,300,1.0,-0.0008003108727105968,-0.00016006217454211935,0.0202575323903001,0.00405150647806002,0.020275538115439702,0,0,0,0
lognormal,lnorm_pesada,10000,P5,5,2,D,sdlog,2.0,300,300,1.0,0.0016513487896365753,0.0008256743948182876,0.018267045092052292,0.009133522546026146,0.018222647076048884,0,0,0,0
lognormal,lnorm_pesada,10000,Pmk,2,2,A,meanlog,5.0,300,282,0.94,-0.0009336275893820911,-0.00018672551787641823,0.020916552235192783,0.004183310447038556,0.020932853176686226,0,18,0,0
lognormal,lnorm_pesada,10000,Pmk,2,2,A,sdlog,2.0,300,282,0.94,0.001937616064622727,0.0009688080323113635,0.023248629424305365,0.011624314712152682,0.02320893225818202,0,18,0,0
lognormal,lnorm_pesada,10000,Pmk,2,2,B,meanlog,5.0,300,300,1.0,-0.0002505496594071843,-5.010993188143686e-05,0.021150304924221763,0.004230060984844353,0.021184157248207606,0,0,0,0
lognormal,lnorm_pesada,10000,Pmk,2,2,B,sdlog,2.0,300,300,1.0,0.0021145299250240335,0.0010572649625120167,0.02343167425166467,0.011715837125832336,0.023375060061424875,0,0,0,0
lognormal,lnorm_pesada,10000,Pmk,2,2,Bg,meanlog,5.0,300,300,1.0,-0.0002784617137177037,-5.569234274354074e-05,0.021211263281519135,0.004242252656303827,0.02124487305624194,0,0,0,0
lognormal,lnorm_pesada,10000,Pmk,2,2,Bg,sdlog,2.0,300,300,1.0,0.0021564016209172365,0.0010782008104586183,0.023468004331429284,0.011734002165714642,0.02340776732739516,0,0,0,0
lognormal,lnorm_pesada,10000,Pmk,2,2,C,meanlog,5.0,300,300,1.0,-0.00025066495978798287,-5.0132991957596576e-05,0.02115032561999419,0.004230065123998838,0.021184176611456995,0,0,0,0
lognormal,lnorm_pesada,10000,Pmk,2,2,C,sdlog,2.0,300,300,1.0,0.0021145563675974977,0.0010572781837987488,0.023431535898756052,0.011715767949378026,0.023374918509534343,0,0,0,0
lognormal,lnorm_pesada,10000,Pmk,2,2,D,meanlog,5.0,300,300,1.0,-0.00024811019425552416,-4.9622038851104835e-05,0.021146837844498508,0.004229367568899701,0.0211807129441487,0,0,0,0
lognormal,lnorm_pesada,10000,Pmk,2,2,D,sdlog,2.0,300,300,1.0,0.0021053780272231037,0.0010526890136115519,0.02343036964995602,0.01171518482497801,0.023374576818290846,0,0,0,0
loglogistic,llog_moderada,100,P3c,3,2,A,shape,3.0,300,299,0.9966666666666667,0.0905071553832788,0.030169051794426267,0.41929270170908084,0.13976423390302695,0.41009424573512104,0,1,0,0
loglogistic,llog_moderada,100,P3c,3,2,A,scale,300.0,300,299,0.9966666666666667,0.5061343197809265,0.001687114399269755,17.608391045009206,0.05869463681669736,17.63062273680093,0,1,0,0
loglogistic,llog_moderada,100,P3c,3,2,B,shape,3.0,300,300,1.0,0.0903705175296512,0.030123505843217064,0.40623415198654067,0.13541138399551356,0.39671648444670493,0,0,0,0
loglogistic,llog_moderada,100,P3c,3,2,B,scale,300.0,300,300,1.0,0.25171828225904846,0.0008390609408634948,17.62633985912011,0.05875446619706704,17.65399027541359,0,0,0,0
loglogistic,llog_moderada,100,P3c,3,2,Bg,shape,3.0,300,300,1.0,0.09143890253364884,0.030479634177882946,0.4191387840515313,0.1397129280171771,0.40972653503445744,0,0,0,0
loglogistic,llog_moderada,100,P3c,3,2,Bg,scale,300.0,300,300,1.0,0.5106462064959487,0.0017021540216531623,17.579361469608298,0.05859787156536099,17.60130325815559,0,0,0,0
loglogistic,llog_moderada,100,P3c,3,2,C,shape,3.0,300,300,1.0,0.09037479467889797,0.030124931559632657,0.4062367481695478,0.13541224938984928,0.39671817421096284,0,0,0,0
loglogistic,llog_moderada,100,P3c,3,2,C,scale,300.0,300,300,1.0,0.4860751807598831,0.0016202506025329436,17.621822930787456,0.05873940976929152,17.644549908141006,0,0,0,0
loglogistic,llog_moderada,100,P3c,3,2,D,shape,3.0,300,300,1.0,0.07487583322213176,0.02495861107404392,0.40279937952847006,0.13426645984282334,0.3964402004374534,0,0,0,0
loglogistic,llog_moderada,100,P3c,3,2,D,scale,300.0,300,300,1.0,0.45493596941213355,0.0015164532313737785,17.581001950267794,0.05860333983422598,17.604480165915017,0,0,0,0
loglogistic,llog_moderada,100,P3w,3,2,A,shape,3.0,300,300,1.0,0.06677057056065294,0.022256856853550982,0.3473735546035114,0.11579118486783713,0.34146557631907776,0,0,0,0
loglogistic,llog_moderada,100,P3w,3,2,A,scale,300.0,300,300,1.0,0.8740227254647266,0.002913409084882422,18.41649703916128,0.06138832346387093,18.426481801311237,0,0,0,0
loglogistic,llog_moderada,100,P3w,3,2,B,shape,3.0,300,300,1.0,0.06914521810022789,0.023048406033409297,0.30177002792646784,0.10059000930882261,0.2942323301672767,0,0,0,0
loglogistic,llog_moderada,100,P3w,3,2,B,scale,300.0,300,300,1.0,0.7799997101171243,0.0025999990337237477,19.71590270094284,0.06571967566980948,19.73338392765035,0,0,0,0
loglogistic,llog_moderada,100,P3w,3,2,Bg,shape,3.0,300,300,1.0,0.066771883692053,0.022257294564017666,0.3473740288276045,0.11579134294253483,0.3414658027293239,0,0,0,0
loglogistic,llog_moderada,100,P3w,3,2,Bg,scale,300.0,300,300,1.0,0.8741034469648525,0.0029136781565495084,18.416502939768325,0.061388343132561085,18.426483876602227,0,0,0,0
loglogistic,llog_moderada,100,P3w,3,2,C,shape,3.0,300,300,1.0,0.06914200821594685,0.023047336071982283,0.30176859728639027,0.10058953242879676,0.2942316148069428,0,0,0,0
loglogistic,llog_moderada,100,P3w,3,2,C,scale,300.0,300,300,1.0,1.3560062370705168,0.004520020790235056,19.862924398231037,0.06620974799410345,19.84969472486758,0,0,0,0
loglogistic,llog_moderada,100,P3w,3,2,D,shape,3.0,300,300,1.0,0.1025075823499999,0.034169194116666635,0.31992359901751893,0.1066411996725063,0.3035629638352726,0,0,0,0
loglogistic,llog_moderada,100,P3w,3,2,D,scale,300.0,300,300,1.0,0.6146811160618313,0.0020489370535394374,18.330089425751385,0.06110029808583795,18.35038968214449,0,0,0,0
loglogistic,llog_moderada,100,P5,5,2,A,shape,3.0,300,300,1.0,0.061593376616894346,0.020531125538964783,0.3400259449525719,0.11334198165085729,0.3349595381112838,0,0,0,0
loglogistic,llog_moderada,100,P5,5,2,A,scale,300.0,300,300,1.0,0.5968192759611952,0.0019893975865373174,17.475396010482797,0.058251320034942655,17.49438340279108,0,0,0,0
loglogistic,llog_moderada,100,P5,5,2,B,shape,3.0,300,300,1.0,0.06692799629999868,0.022309332099999562,0.28806946501009684,0.09602315500336561,0.2806549792426931,0,0,0,0
loglogistic,llog_moderada,100,P5,5,2,B,scale,300.0,300,300,1.0,0.16406721328746698,0.0005468907109582232,18.033767532596507,0.06011255844198835,18.063151575849,0,0,0,0
loglogistic,llog_moderada,100,P5,5,2,Bg,shape,3.0,300,300,1.0,0.06159361077961689,0.020531203593205632,0.34002570813063887,0.11334190271021295,0.3349592537006111,0,0,0,0
loglogistic,llog_moderada,100,P5,5,2,Bg,scale,300.0,300,300,1.0,0.5968352281868761,0.0019894507606229204,17.47540890384431,0.05825136301281437,17.49439577919798,0,0,0,0
loglogistic,llog_moderada,100,P5,5,2,C,shape,3.0,300,300,1.0,0.06660431673456468,0.02220143891152156,0.2881600210770041,0.09605334035900137,0.2808254603903155,0,0,0,0
loglogistic,llog_moderada,100,P5,5,2,C,scale,300.0,300,300,1.0,0.985729740602153,0.0032857658020071768,18.175257777019965,0.06058419259006655,18.17883105339403,0,0,0,0
loglogistic,llog_moderada,100,P5,5,2,D,shape,3.0,300,300,1.0,0.08454156714901373,0.028180522383004575,0.31597078956902397,0.10532359652300799,0.30495944675548675,0,0,0,0
loglogistic,llog_moderada,100,P5,5,2,D,scale,300.0,300,300,1.0,0.575621463773814,0.0019187382125793798,17.344030333506357,0.05781343444502119,17.363438931033716,0,0,0,0
loglogistic,llog_moderada,100,Pmk,2,2,A,shape,3.0,300,285,0.95,0.09693939001994956,0.03231313000664985,0.41234502270074724,0.13744834090024907,0.40149318192017736,0,15,0,0
loglogistic,llog_moderada,100,Pmk,2,2,A,scale,300.0,300,285,0.95,0.7202204703793882,0.0024007349012646275,18.74711639066995,0.06249038796889984,18.7662288264578,0,15,0,0
loglogistic,llog_moderada,100,Pmk,2,2,B,shape,3.0,300,300,1.0,0.09037353399472003,0.030124511331573345,0.4062404543155105,0.13541348477183682,0.3967222701182827,0,0,0,0
loglogistic,llog_moderada,100,Pmk,2,2,B,scale,300.0,300,300,1.0,0.6129277759914089,0.0020430925866380296,18.622203504011384,0.06207401168003795,18.64321183105235,0,0,0,0
loglogistic,llog_moderada,100,Pmk,2,2,Bg,shape,3.0,300,300,1.0,0.09037676407946815,0.030125588026489385,0.406241500970884,0.13541383365696133,0.3967226071817663,0,0,0,0
loglogistic,llog_moderada,100,Pmk,2,2,Bg,scale,300.0,300,300,1.0,0.6130018724967954,0.002043339574989318,18.62221697956373,0.06207405659854577,18.643222892093565,0,0,0,0
loglogistic,llog_moderada,100,Pmk,2,2,C,shape,3.0,300,300,1.0,0.0903723050429246,0.030124101680974864,0.4062365360063907,0.1354121786687969,0.39671852527371515,0,0,0,0
loglogistic,llog_moderada,100,Pmk,2,2,C,scale,300.0,300,300,1.0,0.612911630655276,0.00204303876885092,18.622260101079224,0.06207420033693074,18.64326908598999,0,0,0,0
loglogistic,llog_moderada,100,Pmk,2,2,D,shape,3.0,300,300,1.0,0.09036934805066066,0.030123116016886886,0.4062371576781613,0.13541238589272045,0.39671983983122844,0,0,0,0
loglogistic,llog_moderada,100,Pmk,2,2,D,scale,300.0,300,300,1.0,0.6128625044377713,0.0020428750147925712,18.622255170058335,0.06207418390019445,18.643265764451385,0,0,0,0
loglogistic,llog_moderada,1000,P3c,3,2,A,shape,3.0,300,298,0.9933333333333333,0.005245340826555811,0.0017484469421852704,0.12135326575998132,0.04045108858666044,0.1214437871383414,0,2,0,0
loglogistic,llog_moderada,1000,P3c,3,2,A,scale,300.0,300,298,0.9933333333333333,0.3989575133127232,0.0013298583777090775,6.173378828639787,0.02057792942879929,6.170836384768434,0,2,0,0
loglogistic,llog_moderada,1000,P3c,3,2,B,shape,3.0,300,300,1.0,0.004024380319195053,0.0013414601063983511,0.11638326247816856,0.038794420826056185,0.11650800486992867,0,0,0,0
loglogistic,llog_moderada,1000,P3c,3,2,B,scale,300.0,300,300,1.0,0.345969682501277,0.0011532322750042567,6.1572470529473975,0.020524156843157993,6.157791071975924,0,0,0,0
loglogistic,llog_moderada,1000,P3c,3,2,Bg,shape,3.0,300,300,1.0,0.005133535084759444,0.0017111783615864813,0.12098422127861248,0.040328073759537494,0.12107722437961119,0,0,0,0
loglogistic,llog_moderada,1000,P3c,3,2,Bg,scale,300.0,300,300,1.0,0.38659964587122886,0.0012886654862374295,6.154406800902749,0.020514689336342498,6.152515089340198,0,0,0,0
loglogistic,llog_moderada,1000,P3c,3,2,C,shape,3.0,300,300,1.0,0.004024100988158086,0.0013413669960526953,0.11638077290278523,0.038793590967595076,0.11650551932331832,0,0,0,0
loglogistic,llog_moderada,1000,P3c,3,2,C,scale,300.0,300,300,1.0,0.3740055693298814,0.0012466852310996047,6.158966522101903,0.020529888407006345,6.157871905876211,0,0,0,0
loglogistic,llog_moderada,1000,P3c,3,2,D,shape,3.0,300,300,1.0,0.0022502504334025453,0.0007500834778008484,0.1165811595015181,0.03886038650050603,0.11675419305400134,0,0,0,0
loglogistic,llog_moderada,1000,P3c,3,2,D,scale,300.0,300,300,1.0,0.39133838376000085,0.0013044612792000028,6.164054977952082,0.02054684992650694,6.16189835562837,0,0,0,0
loglogistic,llog_moderada,1000,P3w,3,2,A,shape,3.0,300,293,0.9766666666666667,0.011394263520247083,0.0037980878400823612,0.10507744417459794,0.03502581472486598,0.10463655182781847,0,7,0,0
loglogistic,llog_moderada,1000,P3w,3,2,A,scale,300.0,300,293,0.9766666666666667,0.48597609287764953,0.001619920309592165,6.145304749042141,0.020484349163473803,6.136539765258575,0,7,0,0
loglogistic,llog_moderada,1000,P3w,3,2,B,shape,3.0,300,300,1.0,0.009980745750868714,0.0033269152502895714,0.09331610751942962,0.031105369173143205,0.09293584277918751,0,0,0,0
loglogistic,llog_moderada,1000,P3w,3,2,B,scale,300.0,300,300,1.0,0.45523169722105195,0.0015174389907368399,6.4329768901135465,0.021443256300378487,6.427570925103635,0,0,0,0
loglogistic,llog_moderada,1000,P3w,3,2,Bg,shape,3.0,300,300,1.0,0.010021127424275189,0.00334037580809173,0.10704648854875401,0.03568216284958467,0.10675446643009469,0,0,0,0
loglogistic,llog_moderada,1000,P3w,3,2,Bg,scale,300.0,300,300,1.0,0.4888924732296118,0.0016296415774320395,6.134971049342012,0.020449903497806707,6.125678224074493,0,0,0,0
loglogistic,llog_moderada,1000,P3w,3,2,C,shape,3.0,300,300,1.0,0.009975958269133667,0.0033253194230445557,0.09331490496539165,0.031104968321797214,0.0929351470138227,0,0,0,0
loglogistic,llog_moderada,1000,P3w,3,2,C,scale,300.0,300,300,1.0,0.5217265264125217,0.0017390884213750724,6.44357653387581,0.0214785884462527,6.433150971150238,0,0,0,0
loglogistic,llog_moderada,1000,P3w,3,2,D,shape,3.0,300,300,1.0,0.013240410996935736,0.004413470332311912,0.09370804646439938,0.031236015488133127,0.09292293434830422,0,0,0,0
loglogistic,llog_moderada,1000,P3w,3,2,D,scale,300.0,300,300,1.0,0.4791856910695742,0.0015972856368985807,6.307657271797717,0.021025524239325723,6.299937993956431,0,0,0,0
loglogistic,llog_moderada,1000,P5,5,2,A,shape,3.0,300,294,0.98,0.010777979724780451,0.0035926599082601505,0.10651391026790255,0.03550463675596752,0.10614788095064717,0,6,0,0
loglogistic,llog_moderada,1000,P5,5,2,A,scale,300.0,300,294,0.98,0.4123167601895261,0.0013743892006317538,5.990011636025663,0.019966705453418877,5.985993002143969,0,6,0,0
loglogistic,llog_moderada,1000,P5,5,2,B,shape,3.0,300,300,1.0,0.008238641175933648,0.002746213725311216,0.08829970964691132,0.02943323654897044,0.08806141545312804,0,0,0,0
loglogistic,llog_moderada,1000,P5,5,2,B,scale,300.0,300,300,1.0,0.3510294409949779,0.0011700981366499262,6.047104646763195,0.02015701548921065,6.046994300810934,0,0,0,0
loglogistic,llog_moderada,1000,P5,5,2,Bg,shape,3.0,300,300,1.0,0.008342180222547402,0.002780726740849134,0.10695231196132504,0.03565077065377501,0.10680463079945472,0,0,0,0
loglogistic,llog_moderada,1000,P5,5,2,Bg,scale,300.0,300,300,1.0,0.42398619093586376,0.0014132873031195458,5.938535864865311,0.019795119549551037,5.933278174373951,0,0,0,0
loglogistic,llog_moderada,1000,P5,5,2,C,shape,3.0,300,300,1.0,0.00816981581684395,0.0027232719389479834,0.08840604888876298,0.029468682962920992,0.08817482400475068,0,0,0,0
loglogistic,llog_moderada,1000,P5,5,2,C,scale,300.0,300,300,1.0,0.44006028453259205,0.0014668676151086402,6.057018736785024,0.02019006245595008,6.051105340615002,0,0,0,0
loglogistic,llog_moderada,1000,P5,5,2,D,shape,3.0,300,300,1.0,0.007172964860557851,0.002390988286852617,0.09147020472615576,0.03049006824205192,0.09134088598539011,0,0,0,0
loglogistic,llog_moderada,1000,P5,5,2,D,scale,300.0,300,300,1.0,0.4004063143079861,0.0013346877143599538,6.016503236000119,0.020055010786667063,6.0131950204064015,0,0,0,0
loglogistic,llog_moderada,1000,Pmk,2,2,A,shape,3.0,300,291,0.97,0.009957420567275221,0.0033191401890917405,0.1130401037672993,0.03768003458909976,0.11279465958702223,0,9,0,0
loglogistic,llog_moderada,1000,Pmk,2,2,A,scale,300.0,300,291,0.97,0.46104369214310736,0.0015368123071436912,6.440437600538423,0.021468125335128076,6.4349805034953595,0,9,0,0
loglogistic,llog_moderada,1000,Pmk,2,2,B,shape,3.0,300,300,1.0,0.004021440136767751,0.0013404800455892503,0.11638771724013548,0.03879590574671183,0.1165125716023846,0,0,0,0
loglogistic,llog_moderada,1000,Pmk,2,2,B,scale,300.0,300,300,1.0,0.3379117896136563,0.001126372632045521,6.459847531909463,0.021532825106364877,6.461782095582677,0,0,0,0
loglogistic,llog_moderada,1000,Pmk,2,2,Bg,shape,3.0,300,300,1.0,0.004029189236356867,0.0013430630787856224,0.11638507560319272,0.03879502520106424,0.11650965535049652,0,0,0,0
loglogistic,llog_moderada,1000,Pmk,2,2,Bg,scale,300.0,300,300,1.0,0.33802756884472274,0.0011267585628157424,6.459857799225448,0.021532859330751494,6.461786318322534,0,0,0,0
loglogistic,llog_moderada,1000,Pmk,2,2,C,shape,3.0,300,300,1.0,0.004023738486060857,0.0013412461620202858,0.1163836184848335,0.0387945394949445,0.1165083839270952,0,0,0,0
loglogistic,llog_moderada,1000,Pmk,2,2,C,scale,300.0,300,300,1.0,0.337898300525751,0.00112632766841917,6.459806203637636,0.02153268734545879,6.461741349249889,0,0,0,0
loglogistic,llog_moderada,1000,Pmk,2,2,D,shape,3.0,300,300,1.0,0.004023225388280149,0.0013410751294267165,0.11638903952175232,0.03879634650725077,0.11651383504744262,0,0,0,0
loglogistic,llog_moderada,1000,Pmk,2,2,D,scale,300.0,300,300,1.0,0.3379162427293636,0.0011263874757645453,6.4599158709252045,0.021533052903084014,6.461850408979181,0,0,0,0
loglogistic,llog_moderada,10000,P3c,3,2,A,shape,3.0,300,298,0.9933333333333333,-0.001940703286437806,-0.0006469010954792687,0.037702107776428406,0.012567369258809469,0.037715460273370076,0,2,0,0
loglogistic,llog_moderada,10000,P3c,3,2,A,scale,300.0,300,298,0.9933333333333333,-0.1724337913132672,-0.0005747793043775573,1.6753374402098151,0.005584458134032717,1.6692430527131765,0,2,0,0
loglogistic,llog_moderada,10000,P3c,3,2,B,shape,3.0,300,300,1.0,-0.0008372628771362578,-0.00027908762571208595,0.03652708690063674,0.012175695633545579,0.036578504959490554,0,0,0,0
loglogistic,llog_moderada,10000,P3c,3,2,B,scale,300.0,300,300,1.0,-0.1734481962554355,-0.000578160654184785,1.6838516945282493,0.005612838981760831,1.6776931882282555,0,0,0,0
loglogistic,llog_moderada,10000,P3c,3,2,Bg,shape,3.0,300,300,1.0,-0.0019222078725360525,-0.0006407359575120175,0.0376398568137397,0.012546618937913234,0.03765355101714743,0,0,0,0
loglogistic,llog_moderada,10000,P3c,3,2,Bg,scale,300.0,300,300,1.0,-0.17961307691098227,-0.0005987102563699409,1.674462817482465,0.00558154272494155,1.6675833764638988,0,0,0,0
loglogistic,llog_moderada,10000,P3c,3,2,C,shape,3.0,300,300,1.0,-0.000839150559666102,-0.000279716853222034,0.03652696536660823,0.012175655122202743,0.03657833978878697,0,0,0,0
loglogistic,llog_moderada,10000,P3c,3,2,C,scale,300.0,300,300,1.0,-0.1705692389761566,-0.0005685641299205221,1.6836242959196028,0.0056120809863986765,1.6777603634956164,0,0,0,0
loglogistic,llog_moderada,10000,P3c,3,2,D,shape,3.0,300,300,1.0,-0.0009919815168975,-0.0003306605056325,0.036528185209538794,0.01217606173651293,0.036575723723879856,0,0,0,0
loglogistic,llog_moderada,10000,P3c,3,2,D,scale,300.0,300,300,1.0,-0.193545116949565,-0.0006451503898318833,1.6696165980222142,0.005565388660074048,1.6611314611433519,0,0,0,0
loglogistic,llog_moderada,10000,P3w,3,2,A,shape,3.0,300,300,1.0,-0.0019128492272915132,-0.0006376164090971711,0.03353472170129759,0.011178240567099198,0.03353606206678048,0,0,0,0
loglogistic,llog_moderada,10000,P3w,3,2,A,scale,300.0,300,300,1.0,-0.1723408150557475,-0.0005744693835191584,1.7198207930315677,0.005732735976771892,1.7140230805559706,0,0,0,0
loglogistic,llog_moderada,10000,P3w,3,2,B,shape,3.0,300,300,1.0,-0.00042915971165147226,-0.00014305323721715743,0.02923614110338171,0.009745380367793903,0.02928183489368813,0,0,0,0
loglogistic,llog_moderada,10000,P3w,3,2,B,scale,300.0,300,300,1.0,-0.12992533472589685,-0.00043308444908632285,1.8744118007041763,0.006248039335680588,1.8730277938149928,0,0,0,0
loglogistic,llog_moderada,10000,P3w,3,2,Bg,shape,3.0,300,300,1.0,-0.0019116503776541727,-0.0006372167925513909,0.033534798748831016,0.011178266249610339,0.033536207956553904,0,0,0,0
loglogistic,llog_moderada,10000,P3w,3,2,Bg,scale,300.0,300,300,1.0,-0.1722093656194943,-0.0005740312187316476,1.7198106605883952,0.005732702201961318,1.7140261359292612,0,0,0,0
loglogistic,llog_moderada,10000,P3w,3,2,C,shape,3.0,300,300,1.0,-0.0004314847195163729,-0.00014382823983879098,0.029234752003502482,0.009744917334500827,0.02928040903894746,0,0,0,0
loglogistic,llog_moderada,10000,P3w,3,2,C,scale,300.0,300,300,1.0,-0.12352761380248012,-0.00041175871267493374,1.8745415856942484,0.006248471952314162,1.8735923371814882,0,0,0,0
loglogistic,llog_moderada,10000,P3w,3,2,D,shape,3.0,300,300,1.0,-0.00012929818863494091,-4.309939621164697e-05,0.029252362283958108,0.009750787427986036,0.029300952211581254,0,0,0,0
loglogistic,llog_moderada,10000,P3w,3,2,D,scale,300.0,300,300,1.0,-0.233221823007284,-0.0007774060766909467,1.7098006536940025,0.005699335512313342,1.6966500113012182,0,0,0,0
loglogistic,llog_moderada,10000,P5,5,2,A,shape,3.0,300,299,0.9966666666666667,-0.0017594066496053884,-0.0005864688832017961,0.033477039428707216,0.011159013142902406,0.03348681902808172,0,1,0,0
loglogistic,llog_moderada,10000,P5,5,2,A,scale,300.0,300,299,0.9966666666666667,-0.13936048944913182,-0.0004645349648304394,1.664637879122246,0.005548792930407487,1.66157499760466,0,1,0,0
loglogistic,llog_moderada,10000,P5,5,2,B,shape,3.0,300,300,1.0,-0.0005610091888486046,-0.00018700306294953487,0.027837897097094163,0.009279299032364722,0.027878746957461308,0,0,0,0
loglogistic,llog_moderada,10000,P5,5,2,B,scale,300.0,300,300,1.0,-0.12899092637809417,-0.00042996975459364727,1.722751887390524,0.005742506291301747,1.7207863780695052,0,0,0,0
loglogistic,llog_moderada,10000,P5,5,2,Bg,shape,3.0,300,300,1.0,-0.0016280917563822328,-0.0005426972521274109,0.03349174251743853,0.011163914172479509,0.03350804027838983,0,0,0,0
loglogistic,llog_moderada,10000,P5,5,2,Bg,scale,300.0,300,300,1.0,-0.14771645912117037,-0.0004923881970705679,1.66886051571023,0.005562868385700767,1.6650876829487589,0,0,0,0
loglogistic,llog_moderada,10000,P5,5,2,C,shape,3.0,300,300,1.0,-0.0005719907433143767,-0.00019066358110479223,0.027840106671667805,0.009280035557222602,0.027880736797305176,0,0,0,0
loglogistic,llog_moderada,10000,P5,5,2,C,scale,300.0,300,300,1.0,-0.12056110627679573,-0.00040187035425598574,1.722276944280533,0.0057409231476017765,1.7209226619699909,0,0,0,0
loglogistic,llog_moderada,10000,P5,5,2,D,shape,3.0,300,300,1.0,-0.000618572915761284,-0.000206190971920428,0.02882636855520129,0.00960878951840043,0.028867884244676897,0,0,0,0
loglogistic,llog_moderada,10000,P5,5,2,D,scale,300.0,300,300,1.0,-0.17814906262327668,-0.0005938302087442555,1.6388391631812307,0.005462797210604102,1.6318496125940694,0,0,0,0
loglogistic,llog_moderada,10000,Pmk,2,2,A,shape,3.0,300,300,1.0,-0.0008330141254431211,-0.00027767137514770707,0.036528851515042524,0.012176283838347507,0.03658037031134624,0,0,0,0
loglogistic,llog_moderada,10000,Pmk,2,2,A,scale,300.0,300,300,1.0,-0.11414200073272696,-0.0003804733357757565,1.8236157474942787,0.0060787191583142625,1.8230811137564975,0,0,0,0
loglogistic,llog_moderada,10000,Pmk,2,2,B,shape,3.0,300,300,1.0,-0.0008357521812984992,-0.00027858406043283307,0.03653126730920046,0.012177089103066821,0.036582728112616,0,0,0,0
loglogistic,llog_moderada,10000,Pmk,2,2,B,scale,300.0,300,300,1.0,-0.11415474018269833,-0.00038051580060899446,1.823583114690195,0.00607861038230065,1.8230475618735744,0,0,0,0
loglogistic,llog_moderada,10000,Pmk,2,2,Bg,shape,3.0,300,300,1.0,-0.0008319957033622316,-0.00027733190112074385,0.03652870503760462,0.012176235012534875,0.036580246806100496,0,0,0,0
loglogistic,llog_moderada,10000,Pmk,2,2,Bg,scale,300.0,300,300,1.0,-0.11407848630238959,-0.00038026162100796533,1.823629608890086,0.006078765362966953,1.8230990143445078,0,0,0,0
loglogistic,llog_moderada,10000,Pmk,2,2,C,shape,3.0,300,300,1.0,-0.0008390960179442963,-0.0002796986726480988,0.036525931989833574,0.012175310663277858,0.03657730566756221,0,0,0,0
loglogistic,llog_moderada,10000,Pmk,2,2,C,scale,300.0,300,300,1.0,-0.11416060752486601,-0.00038053535841622003,1.8235248913288433,0.006078416304429478,1.8229887579716624,0,0,0,0
loglogistic,llog_moderada,10000,Pmk,2,2,D,shape,3.0,300,300,1.0,-0.0008336865369269475,-0.0002778955123089825,0.03652493862364106,0.012174979541213687,0.036576434491156266,0,0,0,0
loglogistic,llog_moderada,10000,Pmk,2,2,D,scale,300.0,300,300,1.0,-0.1141338330171493,-0.00038044611005716433,1.823630381678952,0.006078767938929841,1.8230963142540828,0,0,0,0
