dist,dgp,n,cfg,m,k,objective,parameter,theta_true,R,n_success,conv_rate,bias,rel_bias,rmse,rel_rmse,sd,fail_not_applicable,fail_optimizer,fail_boundary,fail_nonfinite
exponential,exp_m100,100,P3c,3,1,A,rate,0.01,300,296,0.9866666666666667,9.459499084123711e-05,0.009459499084123711,0.0013206318249374994,0.13206318249374993,0.0013194703362150333,0,4,0,0
exponential,exp_m100,100,P3c,3,1,B,rate,0.01,300,300,1.0,0.0002255314820682284,0.02255314820682284,0.0014621715500708074,0.14621715500708074,0.0014470872112936186,0,0,0,0
exponential,exp_m100,100,P3c,3,1,Bg,rate,0.01,300,300,1.0,8.862011895233168e-05,0.008862011895233168,0.0013183343908972178,0.13183343908972178,0.0013175501897134416,0,0,0,0
exponential,exp_m100,100,P3c,3,1,C,rate,0.01,300,300,1.0,8.79049463905629e-05,0.00879049463905629,0.0014007655492605491,0.14007655492605492,0.001400340442742603,0,0,0,0
exponential,exp_m100,100,P3c,3,1,D,rate,0.01,300,300,1.0,5.098343825850511e-05,0.005098343825850511,0.0013371587538598538,0.1337158753859854,0.0013384190077032365,0,0,0,0
exponential,exp_m100,100,P3w,3,1,A,rate,0.01,300,291,0.97,0.0002376815895328479,0.02376815895328479,0.0013295294440914148,0.13295294440914146,0.001310365041753792,0,9,0,0
exponential,exp_m100,100,P3w,3,1,B,rate,0.01,300,300,1.0,0.0003398012883323795,0.03398012883323795,0.0017416937199993716,0.17416937199993715,0.0017110790172902425,0,0,0,0
exponential,exp_m100,100,P3w,3,1,Bg,rate,0.01,300,300,1.0,0.0002462435860414395,0.02462435860414395,0.0013420259157904879,0.1342025915790488,0.0013214455656325192,0,0,0,0
exponential,exp_m100,100,P3w,3,1,C,rate,0.01,300,300,1.0,-1.873851836117421e-05,-0.0018738518361174211,0.0014988064071343487,0.14988064071343488,0.001501193342701234,0,0,0,0
exponential,exp_m100,100,P3w,3,1,D,rate,0.01,300,300,1.0,8.233986435880226e-05,0.008233986435880226,0.0013400011653806603,0.13400011653806604,0.001339703682341921,0,0,0,0
exponential,exp_m100,100,P5,5,1,A,rate,0.01,300,293,0.9766666666666667,0.00018614262878475715,0.018614262878475715,0.001256569134820222,0.12565691348202218,0.00124483158253678,0,7,0,0
exponential,exp_m100,100,P5,5,1,B,rate,0.01,300,300,1.0,0.00033999523034141527,0.03399952303414153,0.001571812192379771,0.1571812192379771,0.0015371639648961897,0,0,0,0
exponential,exp_m100,100,P5,5,1,Bg,rate,0.01,300,300,1.0,0.00019475429092842035,0.019475429092842035,0.001257295873111001,0.1257295873111001,0.001244196028726954,0,0,0,0
exponential,exp_m100,100,P5,5,1,C,rate,0.01,300,300,1.0,2.7175826270511155e-05,0.0027175826270511155,0.0013845019919017398,0.13845019919017398,0.0013865480970614097,0,0,0,0
exponential,exp_m100,100,P5,5,1,D,rate,0.01,300,300,1.0,6.639937631814329e-05,0.0066399376318143286,0.0012562790764069549,0.12562790764069548,0.0012566192264338804,0,0,0,0
exponential,exp_m100,100,Pmk,1,1,A,rate,0.01,300,276,0.92,-7.303166172124842e-06,-0.0007303166172124842,0.001619891276497573,0.1619891276497573,0.0016228173678194872,0,24,0,0
exponential,exp_m100,100,Pmk,1,1,B,rate,0.01,300,300,1.0,5.135086015320943e-05,0.005135086015320943,0.0016038432377641887,0.16038432377641887,0.0016056993664240382,0,0,0,0
exponential,exp_m100,100,Pmk,1,1,Bg,rate,0.01,300,300,1.0,5.1353661839920184e-05,0.005135366183992018,0.0016038511451076272,0.1603851145107627,0.0016057072011416047,0,0,0,0
exponential,exp_m100,100,Pmk,1,1,C,rate,0.01,300,300,1.0,5.13513318915193e-05,0.00513513318915193,0.0016038406305486131,0.1603840630548613,0.0016056967383756835,0,0,0,0
exponential,exp_m100,100,Pmk,1,1,D,rate,0.01,300,300,1.0,5.133464329694186e-05,0.005133464329694186,0.0016038013164625356,0.16038013164625356,0.001605657873825283,0,0,0,0
exponential,exp_m100,1000,P3c,3,1,A,rate,0.01,300,293,0.9766666666666667,1.3943960653298865e-05,0.0013943960653298865,0.0003600011727217216,0.03600011727217216,0.00036034647627027555,0,7,0,0
exponential,exp_m100,1000,P3c,3,1,B,rate,0.01,300,300,1.0,2.1598996341394214e-05,0.0021598996341394214,0.0003749547789982013,0.03749547789982013,0.00037495761586649846,0,0,0,0
exponential,exp_m100,1000,P3c,3,1,Bg,rate,0.01,300,300,1.0,9.570469535574028e-06,0.0009570469535574028,0.00036279232686686085,0.036279232686686085,0.0003632720290682328,0,0,0,0
exponential,exp_m100,1000,P3c,3,1,C,rate,0.01,300,300,1.0,8.952407771047402e-06,0.0008952407771047402,0.0003734091372032357,0.03734091372032357,0.0003739255351377588,0,0,0,0
exponential,exp_m100,1000,P3c,3,1,D,rate,0.01,300,300,1.0,3.7598261634821245e-06,0.00037598261634821245,0.000360770290421607,0.0360770290421607,0.0003613534565490936,0,0,0,0
exponential,exp_m100,1000,P3w,3,1,A,rate,0.01,300,285,0.95,3.2688029836355076e-05,0.0032688029836355076,0.0003939981286916365,0.03939981286916365,0.0003933304669230359,0,15,0,0
exponential,exp_m100,1000,P3w,3,1,B,rate,0.01,300,300,1.0,7.286093734363425e-05,0.007286093734363425,0.0004576237108353326,0.04576237108353326,0.0004525410358836376,0,0,0,0
exponential,exp_m100,1000,P3w,3,1,Bg,rate,0.01,300,300,1.0,3.16589710160492e-05,0.0031658971016049198,0.0003971774199922886,0.03971774199922886,0.000396575153044974,0,0,0,0
exponential,exp_m100,1000,P3w,3,1,C,rate,0.01,300,300,1.0,2.895454315470121e-05,0.002895454315470121,0.00044336751822884396,0.04433675182288439,0.0004431602728236561,0,0,0,0
exponential,exp_m100,1000,P3w,3,1,D,rate,0.01,300,300,1.0,8.12749327556983e-06,0.000812749327556983,0.0003636405037046821,0.036364050370468214,0.0003641571013117412,0,0,0,0
exponential,exp_m100,1000,P5,5,1,A,rate,0.01,300,289,0.9633333333333334,2.4179104062178186e-05,0.0024179104062178186,0.00036730913829799693,0.03673091382979969,0.00036714820220985105,0,11,0,0
exponential,exp_m100,1000,P5,5,1,B,rate,0.01,300,300,1.0,5.872696503582235e-05,0.005872696503582235,0.00039617929330784587,0.03961792933078458,0.00039245711184669475,0,0,0,0
exponential,exp_m100,1000,P5,5,1,Bg,rate,0.01,300,300,1.0,2.5249446503785092e-05,0.002524944650378509,0.00036265296002414296,0.03626529600241429,0.00036237737152980165,0,0,0,0
exponential,exp_m100,1000,P5,5,1,C,rate,0.01,300,300,1.0,2.2798048981011176e-05,0.0022798048981011176,0.00038682067069517357,0.03868206706951736,0.00038679345586249285,0,0,0,0
exponential,exp_m100,1000,P5,5,1,D,rate,0.01,300,300,1.0,8.66661724360264e-06,0.000866661724360264,0.0003377970669588697,0.033779706695886966,0.0003382500927949919,0,0,0,0
exponential,exp_m100,1000,Pmk,1,1,A,rate,0.01,300,256,0.8533333333333334,-1.5928922146649094e-05,-0.0015928922146649094,0.00044869196331505357,0.04486919633150536,0.0004492875027391679,0,44,0,0
exponential,exp_m100,1000,Pmk,1,1,B,rate,0.01,300,300,1.0,-3.46518008460632e-06,-0.000346518008460632,0.0004416479817225835,0.04416479817225835,0.00044237229015495064,0,0,0,0
exponential,exp_m100,1000,Pmk,1,1,Bg,rate,0.01,300,300,1.0,-3.4764808516333373e-06,-0.00034764808516333373,0.00044164376186799455,0.044164376186799456,0.0004423679741568864,0,0,0,0
exponential,exp_m100,1000,Pmk,1,1,C,rate,0.01,300,300,1.0,-3.4605105276117737e-06,-0.00034605105276117737,0.000441648689076018,0.044164868907601795,0.00044237303538708007,0,0,0,0
exponential,exp_m100,1000,Pmk,1,1,D,rate,0.01,300,300,1.0,-3.455216469308922e-06,-0.0003455216469308922,0.0004416539698688812,0.044165396986888115,0.00044237836668527313,0,0,0,0
exponential,exp_m100,10000,P3c,3,1,A,rate,0.01,300,296,0.9866666666666667,5.8923323435315644e-06,0.0005892332343531564,0.00011921911380050146,0.011921911380050146,0.00011927506089109379,0,4,0,0
exponential,exp_m100,10000,P3c,3,1,B,rate,0.01,300,300,1.0,-2.4218793239442343e-06,-0.00024218793239442343,0.0001352559113510006,0.013525591135100061,0.00013546018206721214,0,0,0,0
exponential,exp_m100,10000,P3c,3,1,Bg,rate,0.01,300,300,1.0,4.001404251429211e-06,0.0004001404251429211,0.00011954413904618253,0.011954413904618252,0.00011967678019022178,0,0,0,0
exponential,exp_m100,10000,P3c,3,1,C,rate,0.01,300,300,1.0,-3.685637924357235e-06,-0.0003685637924357235,0.00013542491672120335,0.013542491672120335,0.00013560094467230727,0,0,0,0
exponential,exp_m100,10000,P3c,3,1,D,rate,0.01,300,300,1.0,-5.479408444423323e-07,-5.4794084444233226e-05,0.00012563498644430204,0.012563498644430203,0.0001258437061369056,0,0,0,0
exponential,exp_m100,10000,P3w,3,1,A,rate,0.01,300,283,0.9433333333333334,7.94532370933937e-06,0.0007945323709339369,0.00011866131904571856,0.011866131904571857,0.00011860475324270393,0,17,0,0
exponential,exp_m100,10000,P3w,3,1,B,rate,0.01,300,300,1.0,-2.2093712776991015e-06,-0.00022093712776991015,0.00014595287729678226,0.014595287729678226,0.0001461799907720178,0,0,0,0
exponential,exp_m100,10000,P3w,3,1,Bg,rate,0.01,300,300,1.0,2.1677018380190927e-06,0.00021677018380190927,0.00011938407493423371,0.011938407493423371,0.00011956383281341516,0,0,0,0
exponential,exp_m100,10000,P3w,3,1,C,rate,0.01,300,300,1.0,-5.27403007919737e-06,-0.000527403007919737,0.00014643558685413326,0.014643558685413326,0.00014658509361324386,0,0,0,0
exponential,exp_m100,10000,P3w,3,1,D,rate,0.01,300,300,1.0,-2.1699822108124656e-07,-2.1699822108124656e-05,0.0001235037948926496,0.01235037948926496,0.00012370995963016356,0,0,0,0
exponential,exp_m100,10000,P5,5,1,A,rate,0.01,300,288,0.96,6.204885630982718e-06,0.0006204885630982718,0.00011162640002225151,0.01116264000222515,0.00011164781520907478,0,12,0,0
exponential,exp_m100,10000,P5,5,1,B,rate,0.01,300,300,1.0,-2.7179424867893043e-06,-0.00027179424867893043,0.00013630869451456575,0.013630869451456576,0.00013650929987395476,0,0,0,0
exponential,exp_m100,10000,P5,5,1,Bg,rate,0.01,300,300,1.0,2.7602051877045897e-06,0.00027602051877045897,0.00011252206187839133,0.011252206187839132,0.00011267615273281444,0,0,0,0
exponential,exp_m100,10000,P5,5,1,C,rate,0.01,300,300,1.0,-5.4525525728602725e-06,-0.0005452552572860273,0.00013668446246596625,0.013668446246596624,0.00013680386058497577,0,0,0,0
exponential,exp_m100,10000,P5,5,1,D,rate,0.01,300,300,1.0,-6.175925383114511e-07,-6.175925383114511e-05,0.00011871153218846689,0.011871153218846688,0.00011890827155474575,0,0,0,0
exponential,exp_m100,10000,Pmk,1,1,A,rate,0.01,300,260,0.8666666666666667,1.7571139537566477e-05,0.0017571139537566477,0.0001426439347642326,0.014264393476423259,0.0001418305893959633,0,40,0,0
exponential,exp_m100,10000,Pmk,1,1,B,rate,0.01,300,300,1.0,1.5107399287464518e-07,1.5107399287464518e-05,0.00014615941407000323,0.014615941407000323,0.0001464035455802336,0,0,0,0
exponential,exp_m100,10000,Pmk,1,1,Bg,rate,0.01,300,300,1.0,1.5256478298579512e-07,1.5256478298579512e-05,0.00014616872585461154,0.014616872585461153,0.0001464128713773626,0,0,0,0
exponential,exp_m100,10000,Pmk,1,1,C,rate,0.01,300,300,1.0,1.5588067424701646e-07,1.5588067424701646e-05,0.00014615703413122086,0.014615703413122086,0.00014640115660780802,0,0,0,0
exponential,exp_m100,10000,Pmk,1,1,D,rate,0.01,300,300,1.0,1.7187831651520324e-07,1.7187831651520324e-05,0.00014619584013019304,0.014619584013019304,0.00014644000950501894,0,0,0,0
exponential,exp_m1000,100,P3c,3,1,A,rate,0.001,300,296,0.9866666666666667,1.0577631191725518e-05,0.010577631191725518,0.00011621308531913416,0.11621308531913416,0.00011592668775754174,0,4,0,0
exponential,exp_m1000,100,P3c,3,1,B,rate,0.001,300,300,1.0,2.3637718542600383e-05,0.023637718542600383,0.00012894276441053053,0.12894276441053054,0.0001269694144138094,0,0,0,0
exponential,exp_m1000,100,P3c,3,1,Bg,rate,0.001,300,300,1.0,1.118302497369987e-05,0.01118302497369987,0.00011658622939182952,0.11658622939182951,0.00011624254787309447,0,0,0,0
exponential,exp_m1000,100,P3c,3,1,C,rate,0.001,300,300,1.0,1.0046954302978753e-05,0.010046954302978753,0.00012423659683107223,0.12423659683107223,0.00012403658445128753,0,0,0,0
exponential,exp_m1000,100,P3c,3,1,D,rate,0.001,300,300,1.0,7.998341080839733e-06,0.007998341080839733,0.00011626427681745947,0.11626427681745946,0.000116182629000407,0,0,0,0
exponential,exp_m1000,100,P3w,3,1,A,rate,0.001,300,296,0.9866666666666667,1.815914755096842e-05,0.018159147550968417,0.00012969983132114272,0.1296998313211427,0.00012863979818933242,0,4,0,0
exponential,exp_m1000,100,P3w,3,1,B,rate,0.001,300,300,1.0,4.438872376647169e-05,0.04438872376647169,0.0001627630218954999,0.1627630218954999,0.00015685488201619104,0,0,0,0
exponential,exp_m1000,100,P3w,3,1,Bg,rate,0.001,300,300,1.0,1.8040379000646388e-05,0.018040379000646388,0.00012921411508361663,0.12921411508361663,0.00012816233537869421,0,0,0,0
exponential,exp_m1000,100,P3w,3,1,C,rate,0.001,300,300,1.0,7.251739987893663e-06,0.007251739987893663,0.0001332641728330802,0.1332641728330802,0.00013328905406852177,0,0,0,0
exponential,exp_m1000,100,P3w,3,1,D,rate,0.001,300,300,1.0,1.307383879648621e-05,0.01307383879648621,0.00011294932350799455,0.11294932350799455,0.00011237757851939764,0,0,0,0
exponential,exp_m1000,100,P5,5,1,A,rate,0.001,300,298,0.9933333333333333,1.3879102593893728e-05,0.013879102593893728,0.00011700938730162368,0.11700938730162368,0.00011637876502693938,0,2,0,0
exponential,exp_m1000,100,P5,5,1,B,rate,0.001,300,300,1.0,3.9648008674795674e-05,0.039648008674795676,0.00014276101784681177,0.14276101784681178,0.0001373741210048453,0,0,0,0
exponential,exp_m1000,100,P5,5,1,Bg,rate,0.001,300,300,1.0,1.4352155582174342e-05,0.014352155582174342,0.00011689021726854766,0.11689021726854766,0.00011619959700610528,0,0,0,0
exponential,exp_m1000,100,P5,5,1,C,rate,0.001,300,300,1.0,7.232434321984872e-06,0.007232434321984872,0.0001223348221701885,0.1223348221701885,0.00012232488928116242,0,0,0,0
exponential,exp_m1000,100,P5,5,1,D,rate,0.001,300,300,1.0,9.090273966019585e-06,0.009090273966019585,0.00010838264742667804,0.10838264742667804,0.00010818121726220662,0,0,0,0
exponential,exp_m1000,100,Pmk,1,1,A,rate,0.001,300,256,0.8533333333333334,4.948497670027429e-06,0.004948497670027429,0.00013534362145663264,0.13534362145663265,0.00013551806925885708,0,44,0,0
exponential,exp_m1000,100,Pmk,1,1,B,rate,0.001,300,300,1.0,1.3103595129198295e-05,0.013103595129198295,0.00013844480901205016,0.13844480901205017,0.00013805357741784885,0,0,0,0
exponential,exp_m1000,100,Pmk,1,1,Bg,rate,0.001,300,300,1.0,1.3103792497778325e-05,0.013103792497778325,0.00013844541854328535,0.13844541854328535,0.00013805417192447734,0,0,0,0
exponential,exp_m1000,100,Pmk,1,1,C,rate,0.001,300,300,1.0,1.3103454151542964e-05,0.013103454151542964,0.0001384443739435241,0.1384443739435241,0.00013805315308303045,0,0,0,0
exponential,exp_m1000,100,Pmk,1,1,D,rate,0.001,300,300,1.0,1.3100872451813532e-05,0.013100872451813532,0.000138439279418909,0.13843927941890902,0.00013804827288252313,0,0,0,0
exponential,exp_m1000,1000,P3c,3,1,A,rate,0.001,300,287,0.9566666666666667,-1.7572887791011266e-07,-0.00017572887791011266,3.4994743861188965e-05,0.03499474386118896,3.5055428106210654e-05,0,13,0,0
exponential,exp_m1000,1000,P3c,3,1,B,rate,0.001,300,300,1.0,6.107869557059591e-07,0.0006107869557059591,4.021401367636802e-05,0.04021401367636802,4.027655859801727e-05,0,0,0,0
exponential,exp_m1000,1000,P3c,3,1,Bg,rate,0.001,300,300,1.0,2.9485808058756294e-07,0.00029485808058756294,3.4932037908857616e-05,0.03493203790885761,3.4989157391417445e-05,0,0,0,0
exponential,exp_m1000,1000,P3c,3,1,C,rate,0.001,300,300,1.0,-6.075392268633725e-07,-0.0006075392268633725,4.018992989888183e-05,0.04018992989888183,4.025248110965504e-05,0,0,0,0
exponential,exp_m1000,1000,P3c,3,1,D,rate,0.001,300,300,1.0,-4.451135063232234e-07,-0.0004451135063232234,3.702126198130156e-05,0.03702126198130156,3.708043836065111e-05,0,0,0,0
exponential,exp_m1000,1000,P3w,3,1,A,rate,0.001,300,283,0.9433333333333334,-8.201102654815419e-08,-8.201102654815419e-05,3.81683717308093e-05,0.0381683717308093,3.823589799658555e-05,0,17,0,0
exponential,exp_m1000,1000,P3w,3,1,B,rate,0.001,300,300,1.0,2.8460114820695603e-06,0.0028460114820695603,4.7163258576673015e-05,0.047163258576673014,4.715596953823576e-05,0,0,0,0
exponential,exp_m1000,1000,P3w,3,1,Bg,rate,0.001,300,300,1.0,2.345022918773601e-07,0.0002345022918773601,3.7568989008172664e-05,0.03756898900817266,3.763102786218466e-05,0,0,0,0
exponential,exp_m1000,1000,P3w,3,1,C,rate,0.001,300,300,1.0,-8.541256969428739e-07,-0.0008541256969428739,4.663339971824924e-05,0.046633399718249244,4.6703481195321006e-05,0,0,0,0
exponential,exp_m1000,1000,P3w,3,1,D,rate,0.001,300,300,1.0,-2.992054121374321e-07,-0.0002992054121374321,3.690689759768084e-05,0.03690689759768084,3.6967348420435034e-05,0,0,0,0
exponential,exp_m1000,1000,P5,5,1,A,rate,0.001,300,284,0.9466666666666667,-9.447221118535042e-07,-0.0009447221118535042,3.399019300339771e-05,0.033990193003397715,3.403703888959639e-05,0,16,0,0
exponential,exp_m1000,1000,P5,5,1,B,rate,0.001,300,300,1.0,2.2338668006524447e-06,0.0022338668006524447,4.189922226232307e-05,0.041899222262323066,4.190953785454768e-05,0,0,0,0
exponential,exp_m1000,1000,P5,5,1,Bg,rate,0.001,300,300,1.0,1.1523069953431331e-07,0.00011523069953431331,3.4086864941809383e-05,0.03408686494180938,3.414362371289645e-05,0,0,0,0
exponential,exp_m1000,1000,P5,5,1,C,rate,0.001,300,300,1.0,-9.508602386346619e-07,-0.0009508602386346619,4.166641328283223e-05,0.04166641328283223,4.172516216691329e-05,0,0,0,0
exponential,exp_m1000,1000,P5,5,1,D,rate,0.001,300,300,1.0,-5.004160078564846e-07,-0.0005004160078564846,3.4896472657136845e-05,0.03489647265713684,3.4951185085185735e-05,0,0,0,0
exponential,exp_m1000,1000,Pmk,1,1,A,rate,0.001,300,232,0.7733333333333333,-1.0544367154514608e-06,-0.0010544367154514608,4.759853590981788e-05,0.04759853590981788,4.768974577726548e-05,0,68,0,0
exponential,exp_m1000,1000,Pmk,1,1,B,rate,0.001,300,300,1.0,-8.617997626072724e-09,-8.617997626072724e-06,4.399253784426986e-05,0.04399253784426986,4.406604170805094e-05,0,0,0,0
exponential,exp_m1000,1000,Pmk,1,1,Bg,rate,0.001,300,300,1.0,-9.897068443216403e-09,-9.897068443216403e-06,4.3992288171968745e-05,0.04399228817196874,4.406579134896987e-05,0,0,0,0
exponential,exp_m1000,1000,Pmk,1,1,C,rate,0.001,300,300,1.0,-8.070719065495294e-09,-8.070719065495294e-06,4.399256489601606e-05,0.04399256489601606,4.406606890897629e-05,0,0,0,0
exponential,exp_m1000,1000,Pmk,1,1,D,rate,0.001,300,300,1.0,-7.03009258445908e-09,-7.03009258445908e-06,4.3993596849108755e-05,0.04399359684910875,4.4067102765216025e-05,0,0,0,0
exponential,exp_m1000,10000,P3c,3,1,A,rate,0.001,300,276,0.92,-1.3000386993617264e-06,-0.0013000386993617264,1.2524164956156498e-05,0.012524164956156497,1.2479136274781161e-05,0,24,0,0
exponential,exp_m1000,10000,P3c,3,1,B,rate,0.001,300,300,1.0,-1.1120137829296033e-06,-0.0011120137829296033,1.3832111226816793e-05,0.013832111226816792,1.3810375855681464e-05,0,0,0,0
exponential,exp_m1000,10000,P3c,3,1,Bg,rate,0.001,300,300,1.0,-1.418562105490618e-06,-0.001418562105490618,1.2564409118558786e-05,0.012564409118558785,1.2504931123068923e-05,0,0,0,0
exponential,exp_m1000,10000,P3c,3,1,C,rate,0.001,300,300,1.0,-1.249843318888071e-06,-0.001249843318888071,1.3828830013598073e-05,0.013828830013598073,1.3795245335602166e-05,0,0,0,0
exponential,exp_m1000,10000,P3c,3,1,D,rate,0.001,300,300,1.0,-1.3184487753609923e-06,-0.0013184487753609923,1.293220182872192e-05,0.01293220182872192,1.2886312913341426e-05,0,0,0,0
exponential,exp_m1000,10000,P3w,3,1,A,rate,0.001,300,281,0.9366666666666666,6.402417844187606e-07,0.0006402417844187606,1.2867335039150253e-05,0.012867335039150253,1.2874325337703715e-05,0,19,0,0
exponential,exp_m1000,10000,P3w,3,1,B,rate,0.001,300,300,1.0,-1.5167947103942973e-06,-0.0015167947103942973,1.4918121339768877e-05,0.014918121339768877,1.4865607929433154e-05,0,0,0,0
exponential,exp_m1000,10000,P3w,3,1,Bg,rate,0.001,300,300,1.0,2.9604806543303414e-07,0.00029604806543303414,1.2666780206211234e-05,0.012666780206211233,1.268447855937176e-05,0,0,0,0
exponential,exp_m1000,10000,P3w,3,1,C,rate,0.001,300,300,1.0,-1.8859169606476843e-06,-0.0018859169606476843,1.5035083838936511e-05,0.015035083838936512,1.4941258333778792e-05,0,0,0,0
exponential,exp_m1000,10000,P3w,3,1,D,rate,0.001,300,300,1.0,-8.811181742465323e-07,-0.0008811181742465323,1.2490442805812615e-05,0.012490442805812615,1.2480143114382677e-05,0,0,0,0
exponential,exp_m1000,10000,P5,5,1,A,rate,0.001,300,283,0.9433333333333334,2.3456311262250173e-07,0.00023456311262250173,1.1764961289082863e-05,0.011764961289082863,1.1783460021366124e-05,0,17,0,0
exponential,exp_m1000,10000,P5,5,1,B,rate,0.001,300,300,1.0,-1.3402929240379554e-06,-0.0013402929240379554,1.392274864493757e-05,0.013922748644937569,1.3881240608966892e-05,0,0,0,0
exponential,exp_m1000,10000,P5,5,1,Bg,rate,0.001,300,300,1.0,-1.767252498828878e-07,-0.0001767252498828878,1.1876993454333574e-05,0.011876993454333575,1.189552099599777e-05,0,0,0,0
exponential,exp_m1000,10000,P5,5,1,C,rate,0.001,300,300,1.0,-1.6591346728785268e-06,-0.0016591346728785268,1.3994868863174401e-05,0.0139948688631744,1.3919391443662573e-05,0,0,0,0
exponential,exp_m1000,10000,P5,5,1,D,rate,0.001,300,300,1.0,-1.1520941486920216e-06,-0.0011520941486920216,1.2161179064097166e-05,0.012161179064097166,1.2126712076549969e-05,0,0,0,0
exponential,exp_m1000,10000,Pmk,1,1,A,rate,0.001,300,250,0.8333333333333334,2.617778376795641e-07,0.0002617778376795641,1.3958401105953155e-05,0.013958401105953155,1.3983942088829927e-05,0,50,0,0
exponential,exp_m1000,10000,Pmk,1,1,B,rate,0.001,300,300,1.0,-1.1366320518979046e-06,-0.0011366320518979046,1.4971255784736105e-05,0.014971255784736105,1.495298878471833e-05,0,0,0,0
exponential,exp_m1000,10000,Pmk,1,1,Bg,rate,0.001,300,300,1.0,-1.136527893593961e-06,-0.001136527893593961,1.4972249826219448e-05,0.014972249826219447,1.4953995312015575e-05,0,0,0,0
exponential,exp_m1000,10000,Pmk,1,1,C,rate,0.001,300,300,1.0,-1.1360825635359749e-06,-0.001136082563535975,1.497120604928989e-05,0.01497120604928989,1.4952980720261943e-05,0,0,0,0
exponential,exp_m1000,10000,Pmk,1,1,D,rate,0.001,300,300,1.0,-1.1354386985898066e-06,-0.0011354386985898066,1.4975612624692161e-05,0.01497561262469216,1.4957456472509188e-05,0,0,0,0
gamma,gam_moderada,100,P3c,3,2,A,shape,2.0,300,298,0.9933333333333333,0.1517635532806616,0.0758817766403308,0.5372144237124253,0.26860721185621267,0.5161989214104893,0,2,0,0
gamma,gam_moderada,100,P3c,3,2,A,scale,500.0,300,298,0.9933333333333333,-9.318859710611036,-0.01863771942122207,134.16642876700757,0.26833285753401515,134.0675398865068,0,2,0,0
gamma,gam_moderada,100,P3c,3,2,B,shape,2.0,300,300,1.0,0.12768291332117565,0.06384145666058783,0.5090676179632554,0.2545338089816277,0.49361838533330943,0,0,0,0
gamma,gam_moderada,100,P3c,3,2,B,scale,500.0,300,300,1.0,-6.610209305452315,-0.01322041861090463,128.75990230041046,0.2575198046008209,128.80496874445575,0,0,0,0
gamma,gam_moderada,100,P3c,3,2,Bg,shape,2.0,300,300,1.0,0.15008400781802056,0.07504200390901028,0.5355372190289912,0.2677686095144956,0.5149356912433893,0,0,0,0
gamma,gam_moderada,100,P3c,3,2,Bg,scale,500.0,300,300,1.0,-8.89160417864349,-0.01778320835728698,133.7976477139768,0.26759529542795363,133.7249332329276,0,0,0,0
gamma,gam_moderada,100,P3c,3,2,C,shape,2.0,300,300,1.0,0.12524281276468763,0.06262140638234381,0.5087349628422072,0.2543674814211036,0.4939014365562143,0,0,0,0
gamma,gam_moderada,100,P3c,3,2,C,scale,500.0,300,300,1.0,-4.943516026414784,-0.009887032052829568,129.64688746102883,0.25929377492205763,129.7690658276535,0,0,0,0
gamma,gam_moderada,100,P3c,3,2,D,shape,2.0,300,300,1.0,0.11141632403060164,0.05570816201530082,0.5061363902131628,0.2530681951065814,0.4945459539544951,0,0,0,0
gamma,gam_moderada,100,P3c,3,2,D,scale,500.0,300,300,1.0,-0.3612242097038916,-0.0007224484194077831,130.73484777543607,0.2614696955508721,130.9527855631918,0,0,0,0
gamma,gam_moderada,100,P3w,3,2,A,shape,2.0,300,299,0.9966666666666667,0.17263509150846934,0.08631754575423467,0.46953216163432776,0.23476608081716388,0.43737554402632006,0,1,0,0
gamma,gam_moderada,100,P3w,3,2,A,scale,500.0,300,299,0.9966666666666667,-24.347813049281058,-0.048695626098562116,114.83518107519369,0.22967036215038739,112.41247961594318,0,1,0,0
gamma,gam_moderada,100,P3w,3,2,B,shape,2.0,300,300,1.0,0.1365582085167394,0.0682791042583697,0.402059711562409,0.2010298557812045,0.37879036570666214,0,0,0,0
gamma,gam_moderada,100,P3w,3,2,B,scale,500.0,300,300,1.0,-23.434877517218126,-0.04686975503443625,99.00973112855682,0.19801946225711364,96.35705638380584,0,0,0,0
gamma,gam_moderada,100,P3w,3,2,Bg,shape,2.0,300,300,1.0,0.17163130408353178,0.08581565204176589,0.46880867237261437,0.23440433618630718,0.4369906209057101,0,0,0,0
gamma,gam_moderada,100,P3w,3,2,Bg,scale,500.0,300,300,1.0,-24.034929375239187,-0.048069858750478374,114.71403491472343,0.22942806982944686,112.35528920818024,0,0,0,0
gamma,gam_moderada,100,P3w,3,2,C,shape,2.0,300,300,1.0,0.13217893702621453,0.06608946851310726,0.4009797594773881,0.20048987973869406,0.37920021818127486,0,0,0,0
gamma,gam_moderada,100,P3w,3,2,C,scale,500.0,300,300,1.0,-20.448320972712622,-0.04089664194542524,99.90482308697638,0.19980964617395275,97.9531652750178,0,0,0,0
gamma,gam_moderada,100,P3w,3,2,D,shape,2.0,300,300,1.0,0.16875228724013702,0.08437614362006851,0.41859905374265693,0.20929952687132847,0.3837168601647823,0,0,0,0
gamma,gam_moderada,100,P3w,3,2,D,scale,500.0,300,300,1.0,-28.65620794385285,-0.0573124158877057,97.92120165639228,0.19584240331278457,93.79075558330254,0,0,0,0
gamma,gam_moderada,100,P5,5,2,A,shape,2.0,300,300,1.0,0.15492678311004804,0.07746339155502402,0.44885066187936284,0.22442533093968142,0.4219693539388764,0,0,0,0
gamma,gam_moderada,100,P5,5,2,A,scale,500.0,300,300,1.0,-21.406326740010115,-0.04281265348002023,110.50720466704371,0.22101440933408742,108.595217188163,0,0,0,0
gamma,gam_moderada,100,P5,5,2,B,shape,2.0,300,300,1.0,0.11912338273539191,0.05956169136769596,0.38675909868969766,0.19337954934484883,0.3685716170496492,0,0,0,0
gamma,gam_moderada,100,P5,5,2,B,scale,500.0,300,300,1.0,-20.852876511142824,-0.04170575302228565,95.12636500768467,0.19025273001536933,92.96769781439849,0,0,0,0
gamma,gam_moderada,100,P5,5,2,Bg,shape,2.0,300,300,1.0,0.1549263618823593,0.07746318094117965,0.44885111448280474,0.22442555724140237,0.42196999215657616,0,0,0,0
gamma,gam_moderada,100,P5,5,2,Bg,scale,500.0,300,300,1.0,-21.406240708106964,-0.042812481416213924,110.50736401752854,0.2210147280350571,108.59539690187951,0,0,0,0
gamma,gam_moderada,100,P5,5,2,C,shape,2.0,300,300,1.0,0.12070235712549193,0.060351178562745966,0.38629608999177195,0.19314804499588598,0.36756763097205586,0,0,0,0
gamma,gam_moderada,100,P5,5,2,C,scale,500.0,300,300,1.0,-19.072257683883436,-0.03814451536776687,95.18258184500627,0.19036516369001252,93.40801033550063,0,0,0,0
gamma,gam_moderada,100,P5,5,2,D,shape,2.0,300,300,1.0,0.13136550076282738,0.06568275038141369,0.41134001955917826,0.20567000977958913,0.3904508802224659,0,0,0,0
gamma,gam_moderada,100,P5,5,2,D,scale,500.0,300,300,1.0,-19.159420500606473,-0.038318841001212946,98.8517502545992,0.19770350050919838,97.13927422246276,0,0,0,0
gamma,gam_moderada,100,Pmk,2,2,A,shape,2.0,300,291,0.97,0.12886430999615683,0.06443215499807842,0.5102572588005294,0.2551286294002647,0.4945674870877437,0,9,0,0
gamma,gam_moderada,100,Pmk,2,2,A,scale,500.0,300,291,0.97,-7.72867063159714,-0.01545734126319428,128.21001389820188,0.25642002779640377,128.19731446414147,0,9,0,0
gamma,gam_moderada,100,Pmk,2,2,B,shape,2.0,300,300,1.0,0.12763652598292508,0.06381826299146254,0.5090189368949167,0.25450946844745836,0.49358005048837655,0,0,0,0
gamma,gam_moderada,100,Pmk,2,2,B,scale,500.0,300,300,1.0,-7.052040156977512,-0.014104080313955023,128.25247383137057,0.2565049476627411,128.27241251674886,0,0,0,0
gamma,gam_moderada,100,Pmk,2,2,Bg,shape,2.0,300,300,1.0,0.1276337170379236,0.0638168585189618,0.5090178564912164,0.2545089282456082,0.49357966136078385,0,0,0,0
gamma,gam_moderada,100,Pmk,2,2,Bg,scale,500.0,300,300,1.0,-7.051387479743198,-0.014102774959486397,128.25352886485757,0.25650705772971516,128.27350691453486,0,0,0,0
gamma,gam_moderada,100,Pmk,2,2,C,shape,2.0,300,300,1.0,0.12763706963014654,0.06381853481507327,0.5090180603306512,0.2545090301653256,0.49357900242798053,0,0,0,0
gamma,gam_moderada,100,Pmk,2,2,C,scale,500.0,300,300,1.0,-7.052094637216271,-0.014104189274432542,128.2524112847858,0.25650482256957163,128.27234676553917,0,0,0,0
gamma,gam_moderada,100,Pmk,2,2,D,shape,2.0,300,300,1.0,0.12764625822397724,0.06382312911198862,0.5090154511011205,0.2545077255505602,0.4935739184062144,0,0,0,0
gamma,gam_moderada,100,Pmk,2,2,D,scale,500.0,300,300,1.0,-7.055779705452721,-0.014111559410905443,128.24995956978304,0.2564999191395661,128.26968390242175,0,0,0,0
gamma,gam_moderada,1000,P3c,3,2,A,shape,2.0,300,300,1.0,0.005319336758506488,0.002659668379253244,0.13829368418283847,0.06914684209141923,0.13842224097775357,0,0,0,0
gamma,gam_moderada,1000,P3c,3,2,A,scale,500.0,300,300,1.0,1.8966360479616355,0.003793272095923271,40.528919513755824,0.08105783902751165,40.55216000318375,0,0,0,0
gamma,gam_moderada,1000,P3c,3,2,B,shape,2.0,300,300,1.0,0.0031472016536615577,0.0015736008268307788,0.13554805034521722,0.06777402517260861,0.13573792772921453,0,0,0,0
gamma,gam_moderada,1000,P3c,3,2,B,scale,500.0,300,300,1.0,2.3492058814012466,0.0046984117628024935,40.3988402355911,0.0807976804711822,40.39786482454502,0,0,0,0
gamma,gam_moderada,1000,P3c,3,2,Bg,shape,2.0,300,300,1.0,0.0053184724929593585,0.0026592362464796793,0.13829601337914596,0.06914800668957298,0.1384246091136523,0,0,0,0
gamma,gam_moderada,1000,P3c,3,2,Bg,scale,500.0,300,300,1.0,1.8968548433128376,0.0037937096866256753,40.52969446313368,0.08105938892626736,40.5529268309975,0,0,0,0
gamma,gam_moderada,1000,P3c,3,2,C,shape,2.0,300,300,1.0,0.002948267623657852,0.001474133811828926,0.13554313803630685,0.06777156901815343,0.13573748759478263,0,0,0,0
gamma,gam_moderada,1000,P3c,3,2,C,scale,500.0,300,300,1.0,2.477192366685074,0.004954384733370148,40.42248506220772,0.08084497012441544,40.413922109223016,0,0,0,0
gamma,gam_moderada,1000,P3c,3,2,D,shape,2.0,300,300,1.0,0.0019031805351037434,0.0009515902675518717,0.13427495624633567,0.06713747812316784,0.1344857980546676,0,0,0,0
gamma,gam_moderada,1000,P3c,3,2,D,scale,500.0,300,300,1.0,2.772337879407303,0.0055446757588146055,39.98999632537452,0.07997999265074904,39.960439661147944,0,0,0,0
gamma,gam_moderada,1000,P3w,3,2,A,shape,2.0,300,300,1.0,0.004471688838477039,0.0022358444192385196,0.11203347190373975,0.05601673595186987,0.11213123653302842,0,0,0,0
gamma,gam_moderada,1000,P3w,3,2,A,scale,500.0,300,300,1.0,1.546242554530636,0.003092485109061272,31.993244019024363,0.06398648803804872,32.009250285443805,0,0,0,0
gamma,gam_moderada,1000,P3w,3,2,B,shape,2.0,300,300,1.0,0.008948418681715253,0.004474209340857627,0.10394691957781692,0.05197345978890846,0.10373406905684766,0,0,0,0
gamma,gam_moderada,1000,P3w,3,2,B,scale,500.0,300,300,1.0,-0.03827314485988609,-7.654628971977218e-05,29.088666604805365,0.05817733320961073,29.137244035400748,0,0,0,0
gamma,gam_moderada,1000,P3w,3,2,Bg,shape,2.0,300,300,1.0,0.004472674759820716,0.002236337379910358,0.11203417185801509,0.056017085929007546,0.11213189876274243,0,0,0,0
gamma,gam_moderada,1000,P3w,3,2,Bg,scale,500.0,300,300,1.0,1.5459636476930996,0.003091927295386199,31.993579231476993,0.06398715846295398,32.009599967422105,0,0,0,0
gamma,gam_moderada,1000,P3w,3,2,C,shape,2.0,300,300,1.0,0.008614520603323683,0.004307260301661842,0.10392775672842561,0.051963878364212804,0.10374316427516468,0,0,0,0
gamma,gam_moderada,1000,P3w,3,2,C,scale,500.0,300,300,1.0,0.19250207563743515,0.00038500415127487033,29.123314674148,0.058246629348296,29.17133793784462,0,0,0,0
gamma,gam_moderada,1000,P3w,3,2,D,shape,2.0,300,300,1.0,0.008116517911270549,0.004058258955635274,0.1006256711663533,0.05031283558317665,0.10046537782646552,0,0,0,0
gamma,gam_moderada,1000,P3w,3,2,D,scale,500.0,300,300,1.0,-0.029446838946341813,-5.8893677892683624e-05,28.568711863781903,0.05713742372756381,28.616430550138592,0,0,0,0
gamma,gam_moderada,1000,P5,5,2,A,shape,2.0,300,299,0.9966666666666667,0.001400711203485283,0.0007003556017426416,0.11020818607346561,0.055104093036732804,0.11038402768773237,0,1,0,0
gamma,gam_moderada,1000,P5,5,2,A,scale,500.0,300,299,0.9966666666666667,1.9921348929692613,0.003984269785938523,31.18206876644125,0.0623641375328825,31.170536042886408,0,1,0,0
gamma,gam_moderada,1000,P5,5,2,B,shape,2.0,300,300,1.0,0.006734019780104461,0.0033670098900522305,0.0996940368925758,0.0498470184462879,0.09963253875517829,0,0,0,0
gamma,gam_moderada,1000,P5,5,2,B,scale,500.0,300,300,1.0,0.004531951570527326,9.063903141054651e-06,28.097506433554038,0.056195012867108075,28.144452643942394,0,0,0,0
gamma,gam_moderada,1000,P5,5,2,Bg,shape,2.0,300,300,1.0,0.001517225334675576,0.000758612667337788,0.11004444089474937,0.05502222044737468,0.11021783083164256,0,0,0,0
gamma,gam_moderada,1000,P5,5,2,Bg,scale,500.0,300,300,1.0,1.9764790827088063,0.003952958165417613,31.130273832948752,0.0622605476658975,31.11937549374006,0,0,0,0
gamma,gam_moderada,1000,P5,5,2,C,shape,2.0,300,300,1.0,0.006930798002962479,0.0034653990014812397,0.0996765719983732,0.0498382859991866,0.09960146191249417,0,0,0,0
gamma,gam_moderada,1000,P5,5,2,C,scale,500.0,300,300,1.0,0.1636221958714259,0.0003272443917428518,28.109403470236387,0.05621880694047277,28.15589291039256,0,0,0,0
gamma,gam_moderada,1000,P5,5,2,D,shape,2.0,300,300,1.0,0.004187196192415588,0.002093598096207794,0.10143435127853369,0.050717175639266844,0.10151722759712534,0,0,0,0
gamma,gam_moderada,1000,P5,5,2,D,scale,500.0,300,300,1.0,0.8638193776926073,0.0017276387553852145,29.216691963016707,0.058433383926033415,29.252714569937414,0,0,0,0
gamma,gam_moderada,1000,Pmk,2,2,A,shape,2.0,300,295,0.9833333333333333,0.0056313555278699745,0.0028156777639349873,0.13313778248062977,0.06656889124031488,0.13324466400516338,0,5,0,0
gamma,gam_moderada,1000,Pmk,2,2,A,scale,500.0,300,295,0.9833333333333333,1.3805744327259504,0.002761148865451901,38.90488717488803,0.07780977434977607,38.94645097470192,0,5,0,0
gamma,gam_moderada,1000,Pmk,2,2,B,shape,2.0,300,300,1.0,0.003179781977684648,0.001589890988842324,0.1348226322122006,0.0674113161061003,0.13501033458473827,0,0,0,0
gamma,gam_moderada,1000,Pmk,2,2,B,scale,500.0,300,300,1.0,2.210133555853986,0.004420267111707971,39.86318976635963,0.07972637953271926,39.86837718894119,0,0,0,0
gamma,gam_moderada,1000,Pmk,2,2,Bg,shape,2.0,300,300,1.0,0.003186883040580124,0.001593441520290062,0.13483152786260377,0.06741576393130189,0.13501907959655218,0,0,0,0
gamma,gam_moderada,1000,Pmk,2,2,Bg,scale,500.0,300,300,1.0,2.2084664548262367,0.004416932909652473,39.86562190413607,0.07973124380827214,39.87090982855332,0,0,0,0
gamma,gam_moderada,1000,Pmk,2,2,C,shape,2.0,300,300,1.0,0.003185405673882258,0.001592702836941129,0.13482576077250535,0.06741288038625268,0.13501333623677178,0,0,0,0
gamma,gam_moderada,1000,Pmk,2,2,C,scale,500.0,300,300,1.0,2.208668552773304,0.004417337105546607,39.863556940279224,0.07972711388055845,39.86882700025332,0,0,0,0
gamma,gam_moderada,1000,Pmk,2,2,D,shape,2.0,300,300,1.0,0.0032048026985189715,0.0016024013492594857,0.13483793742124636,0.06741896871062318,0.1350250761091204,0,0,0,0
gamma,gam_moderada,1000,Pmk,2,2,D,scale,500.0,300,300,1.0,2.202530716382512,0.0044050614327650235,39.865478761897045,0.07973095752379408,39.871095665790584,0,0,0,0
gamma,gam_moderada,10000,P3c,3,2,A,shape,2.0,300,298,0.9933333333333333,9.182611840152788e-05,4.591305920076394e-05,0.04358920674304862,0.02179460337152431,0.043662430695564615,0,2,0,0
gamma,gam_moderada,10000,P3c,3,2,A,scale,500.0,300,298,0.9933333333333333,0.0996183726460913,0.0001992367452921826,12.464980153217134,0.024929960306434268,12.485548589997721,0,2,0,0
gamma,gam_moderada,10000,P3c,3,2,B,shape,2.0,300,300,1.0,-0.002847096813243244,-0.001423548406621622,0.04293701180103099,0.021468505900515494,0.04291409738831059,0,0,0,0
gamma,gam_moderada,10000,P3c,3,2,B,scale,500.0,300,300,1.0,0.9405773440367966,0.0018811546880735932,12.360827201686915,0.02472165440337383,12.345582532363249,0,0,0,0
gamma,gam_moderada,10000,P3c,3,2,Bg,shape,2.0,300,300,1.0,-8.375128006332666e-05,-4.187564003166333e-05,0.04351516473955381,0.021757582369776905,0.04358779110191379,0,0,0,0
gamma,gam_moderada,10000,P3c,3,2,Bg,scale,500.0,300,300,1.0,0.17364098364214442,0.00034728196728428886,12.461325029971524,0.024922650059943048,12.480934100919676,0,0,0,0
gamma,gam_moderada,10000,P3c,3,2,C,shape,2.0,300,300,1.0,-0.0028744302682361944,-0.0014372151341180972,0.04293376410178216,0.02146688205089108,0.04290900869675645,0,0,0,0
gamma,gam_moderada,10000,P3c,3,2,C,scale,500.0,300,300,1.0,0.9560140844255898,0.0019120281688511796,12.360936791333645,0.024721873582667288,12.344502876474333,0,0,0,0
gamma,gam_moderada,10000,P3c,3,2,D,shape,2.0,300,300,1.0,-0.002107452093258688,-0.001053726046629344,0.04242405603393894,0.02121202801696947,0.042442475443648355,0,0,0,0
gamma,gam_moderada,10000,P3c,3,2,D,scale,500.0,300,300,1.0,0.7775223952234,0.0015550447904468,12.216774771232776,0.024433549542465554,12.212378365977761,0,0,0,0
gamma,gam_moderada,10000,P3w,3,2,A,shape,2.0,300,299,0.9966666666666667,0.0030778850064256957,0.0015389425032128479,0.03740052144209552,0.01870026072104776,0.03733614595221191,0,1,0,0
gamma,gam_moderada,10000,P3w,3,2,A,scale,500.0,300,299,0.9966666666666667,-0.7602558157584554,-0.0015205116315169108,10.79282953314315,0.0215856590662863,10.78406837404041,0,1,0,0
gamma,gam_moderada,10000,P3w,3,2,B,shape,2.0,300,300,1.0,-5.770891189249561e-05,-2.8854455946247803e-05,0.032865782509117376,0.016432891254558688,0.03292064538543261,0,0,0,0
gamma,gam_moderada,10000,P3w,3,2,B,scale,500.0,300,300,1.0,-0.016328030967542873,-3.265606193508574e-05,9.322226006937937,0.018644452013875875,9.33778767779356,0,0,0,0
gamma,gam_moderada,10000,P3w,3,2,Bg,shape,2.0,300,300,1.0,0.003056075364944899,0.0015280376824724495,0.03734598564548358,0.01867299282274179,0.0372829241786928,0,0,0,0
gamma,gam_moderada,10000,P3w,3,2,Bg,scale,500.0,300,300,1.0,-0.7459495209598117,-0.0014918990419196235,10.778161534810701,0.0215563230696214,10.770282664732946,0,0,0,0
gamma,gam_moderada,10000,P3w,3,2,C,shape,2.0,300,300,1.0,-0.00010129387715518412,-5.064693857759206e-05,0.03286747675211403,0.016433738376057015,0.032922236860022616,0,0,0,0
gamma,gam_moderada,10000,P3w,3,2,C,scale,500.0,300,300,1.0,0.01404432585638915,2.80886517127783e-05,9.326348041003504,0.01865269608200701,9.34192033026568,0,0,0,0
gamma,gam_moderada,10000,P3w,3,2,D,shape,2.0,300,300,1.0,0.001337713870221524,0.000668856935110762,0.03194793792702423,0.015973968963512115,0.03197325271254832,0,0,0,0
gamma,gam_moderada,10000,P3w,3,2,D,scale,500.0,300,300,1.0,-0.21891417877708363,-0.0004378283575541673,9.19540226911821,0.01839080453823642,9.208155800741924,0,0,0,0
gamma,gam_moderada,10000,P5,5,2,A,shape,2.0,300,300,1.0,0.0014604047861106473,0.0007302023930553236,0.03703025251754341,0.018515126258771705,0.0370632671515463,0,0,0,0
gamma,gam_moderada,10000,P5,5,2,A,scale,500.0,300,300,1.0,-0.4116288922261333,-0.0008232577844522666,10.429887044403872,0.020859774088807743,10.439174294323568,0,0,0,0
gamma,gam_moderada,10000,P5,5,2,B,shape,2.0,300,300,1.0,-0.000608675077395926,-0.000304337538697963,0.031631126184643255,0.015815563092321627,0.0316781102221994,0,0,0,0
gamma,gam_moderada,10000,P5,5,2,B,scale,500.0,300,300,1.0,0.043933932148092936,8.786786429618587e-05,8.950141415206549,0.017900282830413096,8.964987702733826,0,0,0,0
gamma,gam_moderada,10000,P5,5,2,Bg,shape,2.0,300,300,1.0,0.001457720302755483,0.0007288601513777415,0.037032999170545894,0.018516499585272947,0.03706612656067478,0,0,0,0
gamma,gam_moderada,10000,P5,5,2,Bg,scale,500.0,300,300,1.0,-0.41100489616877667,-0.0008220097923375534,10.430804058941291,0.020861608117882582,10.440118223456597,0,0,0,0
gamma,gam_moderada,10000,P5,5,2,C,shape,2.0,300,300,1.0,-0.000585781356302606,-0.000292890678151303,0.031627396949162064,0.015813698474581032,0.03167480717142512,0,0,0,0
gamma,gam_moderada,10000,P5,5,2,C,scale,500.0,300,300,1.0,0.06098997971963627,0.00012197995943927253,8.950127851853381,0.017900255703706763,8.964873972233082,0,0,0,0
gamma,gam_moderada,10000,P5,5,2,D,shape,2.0,300,300,1.0,-0.0006361923670352709,-0.00031809618351763547,0.03258032502715499,0.016290162513577493,0.03262853929823259,0,0,0,0
gamma,gam_moderada,10000,P5,5,2,D,scale,500.0,300,300,1.0,0.17962209338293178,0.00035924418676586356,9.249304433608978,0.018498608867217957,9.263011371834208,0,0,0,0
gamma,gam_moderada,10000,Pmk,2,2,A,shape,2.0,300,300,1.0,-0.0024866681307533778,-0.0012433340653766889,0.04263517511561428,0.02131758755780714,0.04263371220997062,0,0,0,0
gamma,gam_moderada,10000,Pmk,2,2,A,scale,500.0,300,300,1.0,0.6469253751696442,0.0012938507503392883,12.192419201443354,0.02438483840288671,12.195587236215397,0,0,0,0
gamma,gam_moderada,10000,Pmk,2,2,B,shape,2.0,300,300,1.0,-0.002480222761287676,-0.001240111380643838,0.04264201236208205,0.021321006181041026,0.04264094919797201,0,0,0,0
gamma,gam_moderada,10000,Pmk,2,2,B,scale,500.0,300,300,1.0,0.6449405815108094,0.0012898811630216187,12.19378689584562,0.02438757379169124,12.19706461099142,0,0,0,0
gamma,gam_moderada,10000,Pmk,2,2,Bg,shape,2.0,300,300,1.0,-0.0024820983965363475,-0.0012410491982681737,0.042644646982718214,0.021322323491359107,0.042643483199215515,0,0,0,0
gamma,gam_moderada,10000,Pmk,2,2,Bg,scale,500.0,300,300,1.0,0.6458973808547626,0.001291794761709525,12.194548859817099,0.024389097719634198,12.197778121645255,0,0,0,0
gamma,gam_moderada,10000,Pmk,2,2,C,shape,2.0,300,300,1.0,-0.0024917741441541352,-0.0012458870720770676,0.042638562831419494,0.021319281415709747,0.04263681227703656,0,0,0,0
gamma,gam_moderada,10000,Pmk,2,2,C,scale,500.0,300,300,1.0,0.6485086825538247,0.0012970173651076493,12.19348796117148,0.02438697592234296,12.196574926909264,0,0,0,0
gamma,gam_moderada,10000,Pmk,2,2,D,shape,2.0,300,300,1.0,-0.0024734733106781537,-0.0012367366553390768,0.04264597068369739,0.021322985341848694,0.042645314178787544,0,0,0,0
gamma,gam_moderada,10000,Pmk,2,2,D,scale,500.0,300,300,1.0,0.6433932822769179,0.0012867865645538358,12.19549624234418,0.024390992484688363,12.198861192587009,0,0,0,0
gamma,gam_asimetrica,100,P3c,3,2,A,shape,0.6,300,299,0.9966666666666667,0.03882575390508636,0.0647095898418106,0.12647321785123666,0.21078869641872777,0.12056804401126178,0,1,0,0
gamma,gam_asimetrica,100,P3c,3,2,A,scale,1500.0,300,299,0.9966666666666667,-43.411114165869776,-0.02894074277724652,472.78073836310233,0.3151871589087349,471.5727413640181,0,1,0,0
gamma,gam_asimetrica,100,P3c,3,2,B,shape,0.6,300,300,1.0,0.030202572408278172,0.05033762068046362,0.10151214839193136,0.16918691398655228,0.09707694888291583,0,0,0,0
gamma,gam_asimetrica,100,P3c,3,2,B,scale,1500.0,300,300,1.0,-56.379015751822635,-0.03758601050121509,416.0327157180168,0.2773551438120112,412.8836034897319,0,0,0,0
gamma,gam_asimetrica,100,P3c,3,2,Bg,shape,0.6,300,300,1.0,0.039290255457539724,0.06548375909589954,0.12668134577518683,0.21113557629197807,0.12063560429480302,0,0,0,0
gamma,gam_asimetrica,100,P3c,3,2,Bg,scale,1500.0,300,300,1.0,-45.31694034149791,-0.03021129356099861,473.3309776210108,0.31555398508067384,471.9438801883522,0,0,0,0
gamma,gam_asimetrica,100,P3c,3,2,C,shape,0.6,300,300,1.0,0.028421588450881052,0.04736931408480176,0.10055451501964938,0.1675908583660823,0.09661541766474997,0,0,0,0
gamma,gam_asimetrica,100,P3c,3,2,C,scale,1500.0,300,300,1.0,-40.34959840146212,-0.02689973226764141,420.54101019141433,0.2803606734609429,419.30024263436036,0,0,0,0
gamma,gam_asimetrica,100,P3c,3,2,D,shape,0.6,300,300,1.0,0.02534286338654035,0.042238105644233914,0.09680170714038693,0.16133617856731156,0.09358152302763417,0,0,0,0
gamma,gam_asimetrica,100,P3c,3,2,D,scale,1500.0,300,300,1.0,-31.562359335617202,-0.021041572890411468,408.0822678907199,0.2720548452604799,407.5396710156051,0,0,0,0
gamma,gam_asimetrica,100,P3w,3,2,A,shape,0.6,300,299,0.9966666666666667,0.04428499213194137,0.07380832021990229,0.1462246856184655,0.24370780936410916,0.1395910728269992,0,1,0,0
gamma,gam_asimetrica,100,P3w,3,2,A,scale,1500.0,300,299,0.9966666666666667,-47.370550543728996,-0.031580367029152664,449.9312763874451,0.29995418425829673,448.1807414179722,0,1,0,0
gamma,gam_asimetrica,100,P3w,3,2,B,shape,0.6,300,300,1.0,0.03554897999395712,0.05924829998992853,0.11050888091659174,0.18418146819431958,0.10480982674396691,0,0,0,0
gamma,gam_asimetrica,100,P3w,3,2,B,scale,1500.0,300,300,1.0,-87.90742034658683,-0.05860494689772455,366.8626680201765,0.244575112013451,356.7699332236374,0,0,0,0
gamma,gam_asimetrica,100,P3w,3,2,Bg,shape,0.6,300,300,1.0,0.043653898380201395,0.07275649730033566,0.14622280085493886,0.24370466809156477,0.13978762431792371,0,0,0,0
gamma,gam_asimetrica,100,P3w,3,2,Bg,scale,1500.0,300,300,1.0,-45.9904343997614,-0.03066028959984093,449.68081864356043,0.2997872124290403,448.07024196970866,0,0,0,0
gamma,gam_asimetrica,100,P3w,3,2,C,shape,0.6,300,300,1.0,0.03228844220120841,0.05381407033534735,0.10797995003927204,0.17996658339878674,0.10321160251484256,0,0,0,0
gamma,gam_asimetrica,100,P3w,3,2,C,scale,1500.0,300,300,1.0,-54.65768788186847,-0.036438458587912316,368.92466388508836,0.24594977592339223,365.462932861578,0,0,0,0
gamma,gam_asimetrica,100,P3w,3,2,D,shape,0.6,300,300,1.0,0.036943424752916676,0.061572374588194465,0.10238044048798177,0.17063406747996962,0.09564219462846886,0,0,0,0
gamma,gam_asimetrica,100,P3w,3,2,D,scale,1500.0,300,300,1.0,-79.40022530725992,-0.05293348353817328,349.15405865253086,0.23276937243502058,340.5742164114977,0,0,0,0
gamma,gam_asimetrica,100,P5,5,2,A,shape,0.6,300,300,1.0,0.03674159640871677,0.06123599401452795,0.16056639064736178,0.26761065107893633,0.15656734016245313,0,0,0,0
gamma,gam_asimetrica,100,P5,5,2,A,scale,1500.0,300,300,1.0,0.7748218617182374,0.0005165479078121583,544.3192920449513,0.36287952802996754,545.2282127911925,0,0,0,0
gamma,gam_asimetrica,100,P5,5,2,B,shape,0.6,300,300,1.0,0.028299740273570073,0.04716623378928346,0.0992999005810395,0.1654998343017325,0.09534093876470162,0,0,0,0
gamma,gam_asimetrica,100,P5,5,2,B,scale,1500.0,300,300,1.0,-83.55033299307911,-0.05570022199538607,351.74220477436364,0.2344948031829091,342.24605429702507,0,0,0,0
gamma,gam_asimetrica,100,P5,5,2,Bg,shape,0.6,300,300,1.0,0.036741673847086154,0.06123612307847692,0.16056683116307022,0.2676113852717837,0.15656777520755147,0,0,0,0
gamma,gam_asimetrica,100,P5,5,2,Bg,scale,1500.0,300,300,1.0,0.7748651222620992,0.0005165767481747328,544.3201019135458,0.3628800679423639,545.229023952089,0,0,0,0
gamma,gam_asimetrica,100,P5,5,2,C,shape,0.6,300,300,1.0,0.0298758658828836,0.049793109804806,0.09962863687632831,0.16604772812721386,0.09520246647185313,0,0,0,0
gamma,gam_asimetrica,100,P5,5,2,C,scale,1500.0,300,300,1.0,-60.165956194548244,-0.040110637463032166,354.4884944204565,0.236325662946971,349.9290186862761,0,0,0,0
gamma,gam_asimetrica,100,P5,5,2,D,shape,0.6,300,300,1.0,0.029305607175407755,0.04884267862567959,0.08670339320411415,0.14450565534019025,0.08173695337081259,0,0,0,0
gamma,gam_asimetrica,100,P5,5,2,D,scale,1500.0,300,300,1.0,-73.29956627620163,-0.04886637751746775,328.05416048472205,0.21870277365648136,320.2946581224791,0,0,0,0
gamma,gam_asimetrica,100,Pmk,2,2,A,shape,0.6,300,289,0.9633333333333334,0.027899147723906337,0.0464985795398439,0.09986420859201296,0.16644034765335494,0.09605427139525557,0,11,0,0
gamma,gam_asimetrica,100,Pmk,2,2,A,scale,1500.0,300,289,0.9633333333333334,-43.63085420740754,-0.02908723613827169,405.7641313629479,0.27050942090863195,404.11131060378364,0,11,0,0
gamma,gam_asimetrica,100,Pmk,2,2,B,shape,0.6,300,300,1.0,0.028688634948450753,0.04781439158075126,0.09917347626385851,0.16528912710643087,0.0950919672026729,0,0,0,0
gamma,gam_asimetrica,100,Pmk,2,2,B,scale,1500.0,300,300,1.0,-50.88928743527845,-0.03392619162351897,403.54712118122166,0.26903141412081444,400.994448753452,0,0,0,0
gamma,gam_asimetrica,100,Pmk,2,2,Bg,shape,0.6,300,300,1.0,0.028693856772708193,0.047823094621180326,0.09917627303276244,0.1652937883879374,0.095093312997106,0,0,0,0
gamma,gam_asimetrica,100,Pmk,2,2,Bg,scale,1500.0,300,300,1.0,-50.90416359821688,-0.03393610906547792,403.54179937837745,0.2690278662522516,400.9871806396839,0,0,0,0
gamma,gam_asimetrica,100,Pmk,2,2,C,shape,0.6,300,300,1.0,0.0286887174217485,0.0478145290362475,0.09917360789637567,0.16528934649395946,0.09509207997932906,0,0,0,0
gamma,gam_asimetrica,100,Pmk,2,2,C,scale,1500.0,300,300,1.0,-50.88912232292046,-0.03392608154861364,403.5471622295635,0.2690314414863757,400.9945112253358,0,0,0,0
gamma,gam_asimetrica,100,Pmk,2,2,D,shape,0.6,300,300,1.0,0.028694547986969354,0.04782424664494893,0.09917209330973427,0.16528682218289045,0.09508872994454379,0,0,0,0
gamma,gam_asimetrica,100,Pmk,2,2,D,scale,1500.0,300,300,1.0,-50.92078692113,-0.03394719128075333,403.52933708584214,0.2690195580572281,400.9724792451206,0,0,0,0
gamma,gam_asimetrica,1000,P3c,3,2,A,shape,0.6,300,300,1.0,-0.0025903193479568376,-0.004317198913261397,0.042170746452895466,0.07028457742149245,0.04216144439391594,0,0,0,0
gamma,gam_asimetrica,1000,P3c,3,2,A,scale,1500.0,300,300,1.0,19.074499419433323,0.012716332946288883,157.11808619107168,0.1047453907940478,156.21652223641988,0,0,0,0
gamma,gam_asimetrica,1000,P3c,3,2,B,shape,0.6,300,300,1.0,-0.002330318193687342,-0.0038838636561455697,0.03624067158399461,0.06040111930665769,0.036226100099281115,0,0,0,0
gamma,gam_asimetrica,1000,P3c,3,2,B,scale,1500.0,300,300,1.0,14.02025082004684,0.009346833880031227,143.7948265468213,0.09586321769788086,143.3488087795003,0,0,0,0
gamma,gam_asimetrica,1000,P3c,3,2,Bg,shape,0.6,300,300,1.0,-0.0025894509139584576,-0.004315751523264097,0.042172210793676654,0.07028701798946109,0.04216296747873114,0,0,0,0
gamma,gam_asimetrica,1000,P3c,3,2,Bg,scale,1500.0,300,300,1.0,19.071827948739383,0.012714551965826255,157.12160136834524,0.1047477342455635,156.2203967790791,0,0,0,0
gamma,gam_asimetrica,1000,P3c,3,2,C,shape,0.6,300,300,1.0,-0.0024937818661994182,-0.004156303110332364,0.03626174045980481,0.06043623409967469,0.03623633230762217,0,0,0,0
gamma,gam_asimetrica,1000,P3c,3,2,C,scale,1500.0,300,300,1.0,15.752596730673304,0.010501731153782203,144.32101423363378,0.09621400948908919,143.69843997472418,0,0,0,0
gamma,gam_asimetrica,1000,P3c,3,2,D,shape,0.6,300,300,1.0,-0.003060892056175768,-0.005101486760292947,0.035850933264456535,0.05975155544076089,0.035779710003194055,0,0,0,0
gamma,gam_asimetrica,1000,P3c,3,2,D,scale,1500.0,300,300,1.0,17.607759501599276,0.011738506334399518,139.98718035254615,0.09332478690169743,139.1074419399157,0,0,0,0
gamma,gam_asimetrica,1000,P3w,3,2,A,shape,0.6,300,299,0.9966666666666667,-0.00201787722250768,-0.0033631287041794673,0.04184739011078233,0.06974565018463723,0.04186878420056059,0,1,0,0
gamma,gam_asimetrica,1000,P3w,3,2,A,scale,1500.0,300,299,0.9966666666666667,14.279560758579919,0.009519707172386612,134.00669784614604,0.08933779856409736,133.46709714984857,0,1,0,0
gamma,gam_asimetrica,1000,P3w,3,2,B,shape,0.6,300,300,1.0,-0.0009493817155625806,-0.0015823028592709676,0.02967288020583635,0.04945480034306059,0.029707242015406667,0,0,0,0
gamma,gam_asimetrica,1000,P3w,3,2,B,scale,1500.0,300,300,1.0,3.75168679948888,0.0025011245329925867,111.25937424475674,0.07417291616317116,111.3818939106823,0,0,0,0
gamma,gam_asimetrica,1000,P3w,3,2,Bg,shape,0.6,300,300,1.0,-0.0019360595855675289,-0.0032267659759458818,0.04179793579216186,0.06966322632026976,0.041822835968662986,0,0,0,0
gamma,gam_asimetrica,1000,P3w,3,2,Bg,scale,1500.0,300,300,1.0,13.719219329729867,0.009146146219819911,134.0755585788075,0.089383705719205,133.59464883191893,0,0,0,0
gamma,gam_asimetrica,1000,P3w,3,2,C,shape,0.6,300,300,1.0,-0.0012120646395594736,-0.002020107732599123,0.029633163600233884,0.04938860600038981,0.029657836093353526,0,0,0,0
gamma,gam_asimetrica,1000,P3w,3,2,C,scale,1500.0,300,300,1.0,7.077000469899531,0.004718000313266354,111.11311560800715,0.0740754104053381,111.07278877303901,0,0,0,0
gamma,gam_asimetrica,1000,P3w,3,2,D,shape,0.6,300,300,1.0,-0.0015195094791101704,-0.002532515798516951,0.028084365168583533,0.04680727528097255,0.02809008426435393,0,0,0,0
gamma,gam_asimetrica,1000,P3w,3,2,D,scale,1500.0,300,300,1.0,6.4567245452408315,0.004304483030160554,103.83916243419338,0.06922610828946225,103.8113916999025,0,0,0,0
gamma,gam_asimetrica,1000,P5,5,2,A,shape,0.6,300,300,1.0,-0.0017154393787771616,-0.0028590656312952696,0.047807952772527626,0.07967992128754604,0.04785699449867413,0,0,0,0
gamma,gam_asimetrica,1000,P5,5,2,A,scale,1500.0,300,300,1.0,15.897075091706029,0.010598050061137352,145.91647890386977,0.09727765260257985,145.29028198528403,0,0,0,0
gamma,gam_asimetrica,1000,P5,5,2,B,shape,0.6,300,300,1.0,-0.0017428737878834033,-0.002904789646472339,0.02899761495879682,0.04832935826466137,0.028993553618512826,0,0,0,0
gamma,gam_asimetrica,1000,P5,5,2,B,scale,1500.0,300,300,1.0,5.045799482347547,0.0033638663215650316,109.40473727382935,0.07293649151588624,109.470921807013,0,0,0,0
gamma,gam_asimetrica,1000,P5,5,2,Bg,shape,0.6,300,300,1.0,-0.0017151060673455953,-0.002858510112242659,0.047808897997907475,0.07968149666317913,0.04785795389960724,0,0,0,0
gamma,gam_asimetrica,1000,P5,5,2,Bg,scale,1500.0,300,300,1.0,15.89648763553214,0.010597658423688093,145.91862356293552,0.09727908237529034,145.292507581152,0,0,0,0
gamma,gam_asimetrica,1000,P5,5,2,C,shape,0.6,300,300,1.0,-0.0015967438844107784,-0.0026612398073512975,0.028915080533362232,0.048191800888937056,0.028919198201780537,0,0,0,0
gamma,gam_asimetrica,1000,P5,5,2,C,scale,1500.0,300,300,1.0,7.627477818627767,0.005084985212418512,109.68498174463413,0.07312332116308942,109.6022764321561,0,0,0,0
gamma,gam_asimetrica,1000,P5,5,2,D,shape,0.6,300,300,1.0,-0.002369974409864972,-0.003949957349774954,0.02886264971627161,0.04810441619378602,0.02881324545504993,0,0,0,0
gamma,gam_asimetrica,1000,P5,5,2,D,scale,1500.0,300,300,1.0,10.188448533227074,0.006792299022151383,106.54231893193595,0.07102821262129064,106.23124854346682,0,0,0,0
gamma,gam_asimetrica,1000,Pmk,2,2,A,shape,0.6,300,294,0.98,-0.0022652753144667415,-0.003775458857444569,0.036032339030659465,0.060053898384432446,0.036022376778411705,0,6,0,0
gamma,gam_asimetrica,1000,Pmk,2,2,A,scale,1500.0,300,294,0.98,14.573020030453335,0.00971534668696889,139.8138286296998,0.09320921908646654,139.28935833758774,0,6,0,0
gamma,gam_asimetrica,1000,Pmk,2,2,B,shape,0.6,300,300,1.0,-0.0025740920990269256,-0.00429015349837821,0.03593139826297995,0.05988566377163325,0.03589895841175296,0,0,0,0
gamma,gam_asimetrica,1000,Pmk,2,2,B,scale,1500.0,300,300,1.0,15.870490365137357,0.01058032691009157,139.08858235125962,0.09272572156750641,138.41105450583757,0,0,0,0
gamma,gam_asimetrica,1000,Pmk,2,2,Bg,shape,0.6,300,300,1.0,-0.0025699693968609383,-0.004283282328101564,0.03593185286384809,0.05988642143974682,0.03589971130479536,0,0,0,0
gamma,gam_asimetrica,1000,Pmk,2,2,Bg,scale,1500.0,300,300,1.0,15.85855476595566,0.01057236984397044,139.08849809677176,0.09272566539784784,138.4123421704192,0,0,0,0
gamma,gam_asimetrica,1000,Pmk,2,2,C,shape,0.6,300,300,1.0,-0.002574254405211307,-0.004290424008685512,0.035931494222554906,0.05988582370425818,0.035899043102032,0,0,0,0
gamma,gam_asimetrica,1000,Pmk,2,2,C,scale,1500.0,300,300,1.0,15.871765562452083,0.010581177041634722,139.08916421156093,0.09272610947437396,138.41149445883778,0,0,0,0
gamma,gam_asimetrica,1000,Pmk,2,2,D,shape,0.6,300,300,1.0,-0.0025740265245723926,-0.004290044207620655,0.0359285294004809,0.059880882334134834,0.03589608207068616,0,0,0,0
gamma,gam_asimetrica,1000,Pmk,2,2,D,scale,1500.0,300,300,1.0,15.866325813372441,0.010577550542248295,139.07624426748745,0.09271749617832496,138.3990936451769,0,0,0,0
gamma,gam_asimetrica,10000,P3c,3,2,A,shape,0.6,300,297,0.99,0.0007400272036311994,0.0012333786727186657,0.013615013867191914,0.02269168977865319,0.013617832334287287,0,3,0,0
gamma,gam_asimetrica,10000,P3c,3,2,A,scale,1500.0,300,297,0.99,-0.5775830019872501,-0.0003850553346581667,49.78926696308228,0.03319284464205485,49.86994363284866,0,3,0,0
gamma,gam_asimetrica,10000,P3c,3,2,B,shape,0.6,300,300,1.0,8.354931119569642e-05,0.00013924885199282738,0.01077331484793176,0.017955524746552935,0.010790990869164593,0,0,0,0
gamma,gam_asimetrica,10000,P3c,3,2,B,scale,1500.0,300,300,1.0,1.2907042748690856,0.0008604695165793904,43.28912504894715,0.0288594166992981,43.34217627352488,0,0,0,0
gamma,gam_asimetrica,10000,P3c,3,2,Bg,shape,0.6,300,300,1.0,0.000786268363289655,0.0013104472721494251,0.0135660696146513,0.022610116024418835,0.01356589369545219,0,0,0,0
gamma,gam_asimetrica,10000,P3c,3,2,Bg,scale,1500.0,300,300,1.0,-0.6454990049005573,-0.0004303326699337049,49.67364680652424,0.03311576453768283,49.75244251842469,0,0,0,0
gamma,gam_asimetrica,10000,P3c,3,2,C,shape,0.6,300,300,1.0,6.372069915949741e-05,0.00010620116526582901,0.010774835833321712,0.017958059722202855,0.010792650179660877,0,0,0,0
gamma,gam_asimetrica,10000,P3c,3,2,C,scale,1500.0,300,300,1.0,1.4973898591456418,0.0009982599060970945,43.333366285716544,0.028888910857144363,43.37984740789487,0,0,0,0
gamma,gam_asimetrica,10000,P3c,3,2,D,shape,0.6,300,300,1.0,0.00018929327555661235,0.0003154887925943539,0.010663632307261627,0.017772720512102713,0.010679766543251973,0,0,0,0
gamma,gam_asimetrica,10000,P3c,3,2,D,scale,1500.0,300,300,1.0,1.046291442326492,0.0006975276282176614,42.08546898846753,0.02805697932564502,42.14275755387228,0,0,0,0
gamma,gam_asimetrica,10000,P3w,3,2,A,shape,0.6,300,298,0.9933333333333333,0.0009841612006097344,0.0016402686676828908,0.013150445608618434,0.02191740934769739,0.013135625426564457,0,2,0,0
gamma,gam_asimetrica,10000,P3w,3,2,A,scale,1500.0,300,298,0.9933333333333333,-1.493614639087582,-0.0009957430927250547,40.01615101107918,0.02667743400738612,40.05553023442998,0,2,0,0
gamma,gam_asimetrica,10000,P3w,3,2,B,shape,0.6,300,300,1.0,0.0002716318621114322,0.00045271977018572035,0.00935810140181126,0.015596835669685434,0.009369787673593703,0,0,0,0
gamma,gam_asimetrica,10000,P3w,3,2,B,scale,1500.0,300,300,1.0,0.034468149499389256,2.297876633292617e-05,34.00201280002239,0.02266800853334826,34.058807391569225,0,0,0,0
gamma,gam_asimetrica,10000,P3w,3,2,Bg,shape,0.6,300,300,1.0,0.0009919504805513402,0.0016532508009189004,0.013146309798573992,0.021910516330956652,0.013130735557658877,0,0,0,0
gamma,gam_asimetrica,10000,P3w,3,2,Bg,scale,1500.0,300,300,1.0,-1.424144809960353,-0.0009494298733069021,39.9496237810236,0.0266330825206824,39.99093858658118,0,0,0,0
gamma,gam_asimetrica,10000,P3w,3,2,C,shape,0.6,300,300,1.0,0.00024438955032279885,0.00040731591720466476,0.00935952000480452,0.015599200008007533,0.00937196176684617,0,0,0,0
gamma,gam_asimetrica,10000,P3w,3,2,C,scale,1500.0,300,300,1.0,0.3903045221029515,0.000260203014735301,34.07349631990109,0.022715664213267393,34.1281886134584,0,0,0,0
gamma,gam_asimetrica,10000,P3w,3,2,D,shape,0.6,300,300,1.0,0.0005079141262864795,0.0008465235438107992,0.00862675658552512,0.014377927642541869,0.00862618044422951,0,0,0,0
gamma,gam_asimetrica,10000,P3w,3,2,D,scale,1500.0,300,300,1.0,-0.3824765643553292,-0.00025498437623688614,30.784874376229585,0.020523249584153056,30.833931088860496,0,0,0,0
gamma,gam_asimetrica,10000,P5,5,2,A,shape,0.6,300,299,0.9966666666666667,0.0007231330780645973,0.0012052217967743288,0.013962890222104745,0.023271483703507907,0.013967528881419665,0,1,0,0
gamma,gam_asimetrica,10000,P5,5,2,A,scale,1500.0,300,299,0.9966666666666667,-0.8068744963145491,-0.0005379163308763661,41.042310827653985,0.027361540551769325,41.10317062080219,0,1,0,0
gamma,gam_asimetrica,10000,P5,5,2,B,shape,0.6,300,300,1.0,0.00019200155273801922,0.0003200025878966987,0.008887784619976403,0.01481297436662734,0.008900557131194323,0,0,0,0
gamma,gam_asimetrica,10000,P5,5,2,B,scale,1500.0,300,300,1.0,-0.038681261143665324,-2.5787507429110217e-05,33.77920465812504,0.02251946977208336,33.835622286982655,0,0,0,0
gamma,gam_asimetrica,10000,P5,5,2,Bg,shape,0.6,300,300,1.0,0.0007502829362547869,0.001250471560424645,0.01395103972712821,0.023251732878547017,0.013954126407487074,0,0,0,0
gamma,gam_asimetrica,10000,P5,5,2,Bg,scale,1500.0,300,300,1.0,-0.8499103547571849,-0.0005666069031714566,40.98469932492771,0.02732313288328514,41.04435032321894,0,0,0,0
gamma,gam_asimetrica,10000,P5,5,2,C,shape,0.6,300,300,1.0,0.0002127180503989079,0.00035453008399817987,0.008886107169964661,0.014810178616607769,0.008898403806384046,0,0,0,0
gamma,gam_asimetrica,10000,P5,5,2,C,scale,1500.0,300,300,1.0,0.2219150630983222,0.00014794337539888148,33.81240175661041,0.022541601171073608,33.86816758413261,0,0,0,0
gamma,gam_asimetrica,10000,P5,5,2,D,shape,0.6,300,300,1.0,0.0002798656640522479,0.0004664427734204132,0.008383540186783528,0.013972566977972547,0.00839286732967608,0,0,0,0
gamma,gam_asimetrica,10000,P5,5,2,D,scale,1500.0,300,300,1.0,0.0762828286678996,5.0855219111933065e-05,31.282827557246026,0.020855218371497352,31.335003148462516,0,0,0,0
gamma,gam_asimetrica,10000,Pmk,2,2,A,shape,0.6,300,300,1.0,0.00012080915582657337,0.00020134859304428895,0.01066008310460098,0.017766805174334967,0.010677208728516492,0,0,0,0
gamma,gam_asimetrica,10000,Pmk,2,2,A,scale,1500.0,300,300,1.0,0.6871743176016025,0.00045811621173440166,42.07264582461232,0.02804843054974155,42.13732111691722,0,0,0,0
gamma,gam_asimetrica,10000,Pmk,2,2,B,shape,0.6,300,300,1.0,0.00012127483281221263,0.00020212472135368772,0.01066017629817024,0.017766960496950403,0.010677296787042694,0,0,0,0
gamma,gam_asimetrica,10000,Pmk,2,2,B,scale,1500.0,300,300,1.0,0.684657450198074,0.00045643830013204935,42.07262096889983,0.02804841397926655,42.13733732322085,0,0,0,0
gamma,gam_asimetrica,10000,Pmk,2,2,Bg,shape,0.6,300,300,1.0,0.0001182746161699777,0.00019712436028329616,0.010667982517751152,0.017779970862918586,0.010685150298610393,0,0,0,0
gamma,gam_asimetrica,10000,Pmk,2,2,Bg,scale,1500.0,300,300,1.0,0.6953997816438005,0.0004635998544292003,42.10908694979146,0.028072724633194306,42.17369271730303,0,0,0,0
gamma,gam_asimetrica,10000,Pmk,2,2,C,shape,0.6,300,300,1.0,0.00012088138130839088,0.00020146896884731813,0.01066031058491761,0.01776718430819602,0.010677435783382339,0,0,0,0
gamma,gam_asimetrica,10000,Pmk,2,2,C,scale,1500.0,300,300,1.0,0.6870197133246165,0.000458013142216411,42.0740172589401,0.028049344839293402,42.13869755531076,0,0,0,0
gamma,gam_asimetrica,10000,Pmk,2,2,D,shape,0.6,300,300,1.0,0.0001273582256314798,0.0002122637093857997,0.010660505358591373,0.017767508930985623,0.01067755535429652,0,0,0,0
gamma,gam_asimetrica,10000,Pmk,2,2,D,scale,1500.0,300,300,1.0,0.6598988575885869,0.0004399325717257246,42.077914013217125,0.028051942675478083,42.14303619262885,0,0,0,0
gamma,gam_casi_sim,100,P3c,3,2,A,shape,5.0,300,299,0.9966666666666667,0.28313790904360925,0.05662758180872185,1.2626520630430995,0.2525304126086199,1.2325599810799919,0,1,0,0
gamma,gam_casi_sim,100,P3c,3,2,A,scale,200.0,300,299,0.9966666666666667,-0.9423439399838287,-0.004711719699919143,44.563493486628964,0.22281746743314482,44.62822055943417,0,1,0,0
gamma,gam_casi_sim,100,P3c,3,2,B,shape,5.0,300,300,1.0,0.2674876368120884,0.05349752736241768,1.2451331528649419,0.24902663057298838,1.2180939106241935,0,0,0,0
gamma,gam_casi_sim,100,P3c,3,2,B,scale,200.0,300,300,1.0,-0.49451346598843315,-0.0024725673299421658,45.01886840418054,0.2250943420209027,45.09136732067134,0,0,0,0
gamma,gam_casi_sim,100,P3c,3,2,Bg,shape,5.0,300,300,1.0,0.28109686329649364,0.05621937265929873,1.2606885775990935,0.2521377155198187,1.231004257265201,0,0,0,0
gamma,gam_casi_sim,100,P3c,3,2,Bg,scale,200.0,300,300,1.0,-0.8825817053430001,-0.004412908526715001,44.499619804203824,0.22249809902101914,44.5652039555235,0,0,0,0
gamma,gam_casi_sim,100,P3c,3,2,C,shape,5.0,300,300,1.0,0.2652497009695969,0.05304994019391938,1.2447959450649388,0.24895918901298777,1.2182391238430408,0,0,0,0
gamma,gam_casi_sim,100,P3c,3,2,C,scale,200.0,300,300,1.0,-0.2805355324121592,-0.0014026776620607961,45.134540517766666,0.22567270258883332,45.209080031441395,0,0,0,0
gamma,gam_casi_sim,100,P3c,3,2,D,shape,5.0,300,300,1.0,0.22135170338003451,0.0442703406760069,1.2288719347624384,0.24577438695248768,1.2107916322444776,0,0,0,0
gamma,gam_casi_sim,100,P3c,3,2,D,scale,200.0,300,300,1.0,1.5455927455556093,0.007727963727778047,45.37528152897753,0.22687640764488765,45.42472162469601,0,0,0,0
gamma,gam_casi_sim,100,P3w,3,2,A,shape,5.0,300,300,1.0,0.31212427146379884,0.06242485429275977,1.0264039466795507,0.20528078933591015,0.9794289686366062,0,0,0,0
gamma,gam_casi_sim,100,P3w,3,2,A,scale,200.0,300,300,1.0,-5.806277288866795,-0.029031386444333975,35.92289325314171,0.17961446626570854,35.50978107830056,0,0,0,0
gamma,gam_casi_sim,100,P3w,3,2,B,shape,5.0,300,300,1.0,0.2976330363983406,0.05952660727966812,1.010128444124056,0.20202568882481117,0.9668972801910897,0,0,0,0
gamma,gam_casi_sim,100,P3w,3,2,B,scale,200.0,300,300,1.0,-6.0195648177257794,-0.030097824088628898,33.63491074383629,0.16817455371918147,33.147164411345074,0,0,0,0
gamma,gam_casi_sim,100,P3w,3,2,Bg,shape,5.0,300,300,1.0,0.31212424372767256,0.062424848745534514,1.0264069779365579,0.20528139558731157,0.9794321647697564,0,0,0,0
gamma,gam_casi_sim,100,P3w,3,2,Bg,scale,200.0,300,300,1.0,-5.806256932091742,-0.02903128466045871,35.92299260543593,0.17961496302717964,35.50988526227414,0,0,0,0
gamma,gam_casi_sim,100,P3w,3,2,C,shape,5.0,300,300,1.0,0.2929584811393946,0.05859169622787892,1.0079555918915575,0.2015911183783115,0.9660541767738318,0,0,0,0
gamma,gam_casi_sim,100,P3w,3,2,C,scale,200.0,300,300,1.0,-5.624013573993892,-0.02812006786996946,33.66007111035736,0.1683003555517868,33.24235811507183,0,0,0,0
gamma,gam_casi_sim,100,P3w,3,2,D,shape,5.0,300,300,1.0,0.3650091797106594,0.07300183594213187,1.0572139056691991,0.21144278113383982,0.993862204401798,0,0,0,0
gamma,gam_casi_sim,100,P3w,3,2,D,scale,200.0,300,300,1.0,-8.058419553617227,-0.040292097768086135,34.178188783737156,0.17089094391868578,33.27010865528451,0,0,0,0
gamma,gam_casi_sim,100,P5,5,2,A,shape,5.0,300,300,1.0,0.2777616095674693,0.055552321913493866,0.9763451389980919,0.19526902779961838,0.9375651515532396,0,0,0,0
gamma,gam_casi_sim,100,P5,5,2,A,scale,200.0,300,300,1.0,-5.0137620929474735,-0.025068810464737367,34.46566770840295,0.17232833854201474,34.15601290627393,0,0,0,0
gamma,gam_casi_sim,100,P5,5,2,B,shape,5.0,300,300,1.0,0.25911990701123955,0.05182398140224791,0.9521027283652892,0.19042054567305783,0.9176947703108959,0,0,0,0
gamma,gam_casi_sim,100,P5,5,2,B,scale,200.0,300,300,1.0,-5.093881030055684,-0.02546940515027842,32.69121622304474,0.1634560811152237,32.345873192244035,0,0,0,0
gamma,gam_casi_sim,100,P5,5,2,Bg,shape,5.0,300,300,1.0,0.2777577501412729,0.055551550028254584,0.9763497364811304,0.1952699472962261,0.9375711024077754,0,0,0,0
gamma,gam_casi_sim,100,P5,5,2,Bg,scale,200.0,300,300,1.0,-5.013546220983443,-0.025067731104917213,34.46596981084083,0.17232984905420415,34.15635055989474,0,0,0,0
gamma,gam_casi_sim,100,P5,5,2,C,shape,5.0,300,300,1.0,0.2619038941535967,0.05238077883071934,0.952059655627619,0.1904119311255238,0.9168565999383236,0,0,0,0
gamma,gam_casi_sim,100,P5,5,2,C,scale,200.0,300,300,1.0,-4.930641608079583,-0.024653208040397914,32.680449874262266,0.16340224937131131,32.36033397076078,0,0,0,0
gamma,gam_casi_sim,100,P5,5,2,D,shape,5.0,300,300,1.0,0.268521827512501,0.0537043655025002,0.9787385455534947,0.19574770911069894,0.9427554267591335,0,0,0,0
gamma,gam_casi_sim,100,P5,5,2,D,scale,200.0,300,300,1.0,-4.555644349874058,-0.02277822174937029,34.596405093704014,0.17298202546852007,34.352452410084005,0,0,0,0
gamma,gam_casi_sim,100,Pmk,2,2,A,shape,5.0,300,289,0.9633333333333334,0.25929520661846883,0.05185904132369377,1.221072459961642,0.24421449199232842,1.1952939565506042,0,11,0,0
gamma,gam_casi_sim,100,Pmk,2,2,A,scale,200.0,300,289,0.9633333333333334,-0.4341938184727496,-0.002170969092363748,44.49840158189428,0.22249200790947138,44.57346675525919,0,11,0,0
gamma,gam_casi_sim,100,Pmk,2,2,B,shape,5.0,300,300,1.0,0.2666831419261344,0.05333662838522688,1.243705716907251,0.2487411433814502,1.2168070554175372,0,0,0,0
gamma,gam_casi_sim,100,Pmk,2,2,B,scale,200.0,300,300,1.0,-0.5861898978521651,-0.002930949489260826,44.480819562016684,0.2224040978100834,44.55127094470261,0,0,0,0
gamma,gam_casi_sim,100,Pmk,2,2,Bg,shape,5.0,300,300,1.0,0.2666542834254022,0.05333085668508044,1.2437056194327065,0.2487411238865413,1.2168133010606728,0,0,0,0
gamma,gam_casi_sim,100,Pmk,2,2,Bg,scale,200.0,300,300,1.0,-0.5847473531351852,-0.002923736765675926,44.48150724321662,0.22240753621608308,44.551978854976966,0,0,0,0
gamma,gam_casi_sim,100,Pmk,2,2,C,shape,5.0,300,300,1.0,0.2666633163430818,0.05333266326861637,1.243721166728882,0.24874423334577642,1.2168272589869693,0,0,0,0
gamma,gam_casi_sim,100,Pmk,2,2,C,scale,200.0,300,300,1.0,-0.584662406338964,-0.0029233120316948203,44.48240126175399,0.22241200630876995,44.55287556322428,0,0,0,0
gamma,gam_casi_sim,100,Pmk,2,2,D,shape,5.0,300,300,1.0,0.26673627083800255,0.053347254167600514,1.2437976280337806,0.24875952560675613,1.2168896290211746,0,0,0,0
gamma,gam_casi_sim,100,Pmk,2,2,D,scale,200.0,300,300,1.0,-0.5869567886706477,-0.0029347839433532387,44.48315570243552,0.2224157785121776,44.55360106134857,0,0,0,0
gamma,gam_casi_sim,1000,P3c,3,2,A,shape,5.0,300,298,0.9933333333333333,0.02484681785439591,0.004969363570879182,0.3693630997866127,0.07387261995732254,0.36914633100700756,0,2,0,0
gamma,gam_casi_sim,1000,P3c,3,2,A,scale,200.0,300,298,0.9933333333333333,0.1392011293105213,0.0006960056465526066,15.233790096890276,0.07616895048445138,15.258777587714762,0,2,0,0
gamma,gam_casi_sim,1000,P3c,3,2,B,shape,5.0,300,300,1.0,0.02207659564183384,0.004415319128366768,0.3609958145530331,0.07219916291060662,0.3609221773596652,0,0,0,0
gamma,gam_casi_sim,1000,P3c,3,2,B,scale,200.0,300,300,1.0,0.17870390229421673,0.0008935195114710836,14.979922702472095,0.07489961351236048,15.003884081991231,0,0,0,0
gamma,gam_casi_sim,1000,P3c,3,2,Bg,shape,5.0,300,300,1.0,0.02307302148493129,0.004614604296986258,0.36877080374471644,0.07375416074894328,0.3686632383605328,0,0,0,0
gamma,gam_casi_sim,1000,P3c,3,2,Bg,scale,200.0,300,300,1.0,0.1926453464767235,0.0009632267323836175,15.205939516535945,0.07602969758267973,15.230123875461528,0,0,0,0
gamma,gam_casi_sim,1000,P3c,3,2,C,shape,5.0,300,300,1.0,0.021837805826682377,0.004367561165336475,0.36094335318061493,0.07218867063612298,0.36088410730449016,0,0,0,0
gamma,gam_casi_sim,1000,P3c,3,2,C,scale,200.0,300,300,1.0,0.20019944687919633,0.0010009972343959816,14.980341926315562,0.07490170963157781,15.004031712718128,0,0,0,0
gamma,gam_casi_sim,1000,P3c,3,2,D,shape,5.0,300,300,1.0,0.016899354661132016,0.003379870932226403,0.3613545517906811,0.07227091035813622,0.3615622788911169,0,0,0,0
gamma,gam_casi_sim,1000,P3c,3,2,D,scale,200.0,300,300,1.0,0.41621069617448825,0.002081053480872441,14.986265563775227,0.07493132781887614,15.005514845894261,0,0,0,0
gamma,gam_casi_sim,1000,P3w,3,2,A,shape,5.0,300,299,0.9966666666666667,0.03878997601941769,0.007757995203883539,0.31203594182795286,0.062407188365590574,0.3101345684278366,0,1,0,0
gamma,gam_casi_sim,1000,P3w,3,2,A,scale,200.0,300,299,0.9966666666666667,-0.7122746922336489,-0.0035613734611682447,12.991891493682203,0.06495945746841102,12.99409918925492,0,1,0,0
gamma,gam_casi_sim,1000,P3w,3,2,B,shape,5.0,300,300,1.0,0.044539992355041136,0.008907998471008228,0.3002542624235588,0.06005085248471176,0.29742846224210034,0,0,0,0
gamma,gam_casi_sim,1000,P3w,3,2,B,scale,200.0,300,300,1.0,-1.0294377577153853,-0.0051471887885769264,12.258513188310042,0.06129256594155021,12.235621695902717,0,0,0,0
gamma,gam_casi_sim,1000,P3w,3,2,Bg,shape,5.0,300,300,1.0,0.03887548230070337,0.007775096460140673,0.3115433272127046,0.06230866544254092,0.3096247728134534,0,0,0,0
gamma,gam_casi_sim,1000,P3w,3,2,Bg,scale,200.0,300,300,1.0,-0.698600783780762,-0.00349300391890381,12.971783196680702,0.06485891598340351,12.974600202497088,0,0,0,0
gamma,gam_casi_sim,1000,P3w,3,2,C,shape,5.0,300,300,1.0,0.04404231331491282,0.008808462662982564,0.30015982161705296,0.06003196432341059,0.2974071786582219,0,0,0,0
gamma,gam_casi_sim,1000,P3w,3,2,C,scale,200.0,300,300,1.0,-0.9850585310647659,-0.0049252926553238294,12.256993489169687,0.06128496744584844,12.237759528532386,0,0,0,0
gamma,gam_casi_sim,1000,P3w,3,2,D,shape,5.0,300,300,1.0,0.04650262820307027,0.009300525640614055,0.2999955652033094,0.059999113040661876,0.2968646269502443,0,0,0,0
gamma,gam_casi_sim,1000,P3w,3,2,D,scale,200.0,300,300,1.0,-1.1556183514311442,-0.005778091757155721,12.256156442205778,0.061280782211028895,12.221940779449845,0,0,0,0
gamma,gam_casi_sim,1000,P5,5,2,A,shape,5.0,300,300,1.0,0.03128642463512854,0.006257284927025708,0.29467315690862245,0.05893463138172449,0.293497128180518,0,0,0,0
gamma,gam_casi_sim,1000,P5,5,2,A,scale,200.0,300,300,1.0,-0.5112099525887288,-0.002556049762943644,12.268572532744546,0.06134286266372273,12.2783983726535,0,0,0,0
gamma,gam_casi_sim,1000,P5,5,2,B,shape,5.0,300,300,1.0,0.03719544858411439,0.007439089716822877,0.287431774551177,0.057486354910235404,0.2854911691309751,0,0,0,0
gamma,gam_casi_sim,1000,P5,5,2,B,scale,200.0,300,300,1.0,-0.8387377765634199,-0.004193688882817099,11.82651209373708,0.0591325604686854,11.816443417073705,0,0,0,0
gamma,gam_casi_sim,1000,P5,5,2,Bg,shape,5.0,300,300,1.0,0.031276106319035435,0.006255221263807087,0.29467372459207963,0.058934744918415924,0.2934988034568302,0,0,0,0
gamma,gam_casi_sim,1000,P5,5,2,Bg,scale,200.0,300,300,1.0,-0.5108240677937204,-0.002554120338968602,12.268548120274739,0.061342740601373694,12.278390012085831,0,0,0,0
gamma,gam_casi_sim,1000,P5,5,2,C,shape,5.0,300,300,1.0,0.03737524305915496,0.007475048611830992,0.2874726269187683,0.05749452538375366,0.2855088793150554,0,0,0,0
gamma,gam_casi_sim,1000,P5,5,2,C,scale,200.0,300,300,1.0,-0.814601689329038,-0.00407300844664519,11.827232644627836,0.05913616322313918,11.818860958898643,0,0,0,0
gamma,gam_casi_sim,1000,P5,5,2,D,shape,5.0,300,300,1.0,0.029957242959496533,0.005991448591899306,0.2903880679145007,0.058077613582900145,0.28932130288381863,0,0,0,0
gamma,gam_casi_sim,1000,P5,5,2,D,scale,200.0,300,300,1.0,-0.5240128349309998,-0.002620064174654999,11.956272578137089,0.05978136289068545,11.964741869546959,0,0,0,0
gamma,gam_casi_sim,1000,Pmk,2,2,A,shape,5.0,300,286,0.9533333333333334,0.022764395030696605,0.004552879006139321,0.36351357340800683,0.07270271468160136,0.3634360172267736,0,14,0,0
gamma,gam_casi_sim,1000,Pmk,2,2,A,scale,200.0,300,286,0.9533333333333334,0.11666236056348112,0.0005833118028174055,15.098582314461703,0.07549291157230852,15.124596355450016,0,14,0,0
gamma,gam_casi_sim,1000,Pmk,2,2,B,shape,5.0,300,300,1.0,0.02181786576473055,0.00436357315294611,0.36085198506064786,0.07217039701212957,0.3607936289134886,0,0,0,0
gamma,gam_casi_sim,1000,Pmk,2,2,B,scale,200.0,300,300,1.0,0.19420489957215636,0.0009710244978607818,14.967650625928039,0.0748382531296402,14.991397189135986,0,0,0,0
gamma,gam_casi_sim,1000,Pmk,2,2,Bg,shape,5.0,300,300,1.0,0.021854468105859226,0.0043708936211718456,0.3608689869666912,0.07217379739333823,0.3608084678604081,0,0,0,0
gamma,gam_casi_sim,1000,Pmk,2,2,Bg,scale,200.0,300,300,1.0,0.19266390784818554,0.0009633195392409278,14.968546036455368,0.07484273018227684,14.992314120008505,0,0,0,0
gamma,gam_casi_sim,1000,Pmk,2,2,C,shape,5.0,300,300,1.0,0.02186448400524288,0.004372896801048576,0.3608678248888898,0.07217356497777797,0.3608066928581847,0,0,0,0
gamma,gam_casi_sim,1000,Pmk,2,2,C,scale,200.0,300,300,1.0,0.19238823531074445,0.0009619411765537223,14.96862571828806,0.0748431285914403,14.99239749350047,0,0,0,0
gamma,gam_casi_sim,1000,Pmk,2,2,D,shape,5.0,300,300,1.0,0.021833326185357826,0.004366665237071565,0.36094622945985655,0.07218924589197132,0.3608872656254395,0,0,0,0
gamma,gam_casi_sim,1000,Pmk,2,2,D,scale,200.0,300,300,1.0,0.19417423762655517,0.0009708711881327758,14.972024512080301,0.0748601225604015,14.995779150487966,0,0,0,0
gamma,gam_casi_sim,10000,P3c,3,2,A,shape,5.0,300,297,0.99,0.011133321448146383,0.0022266642896292765,0.11423378452092225,0.022846756904184452,0.11388184049251453,0,3,0,0
gamma,gam_casi_sim,10000,P3c,3,2,A,scale,200.0,300,297,0.99,-0.2852060441045694,-0.001426030220522847,4.7432796213178765,0.023716398106589383,4.742688414773477,0,3,0,0
gamma,gam_casi_sim,10000,P3c,3,2,B,shape,5.0,300,300,1.0,0.010132911669876954,0.0020265823339753906,0.11050567594921733,0.022101135189843465,0.11022398229208095,0,0,0,0
gamma,gam_casi_sim,10000,P3c,3,2,B,scale,200.0,300,300,1.0,-0.2525260679572341,-0.0012626303397861704,4.585607795802322,0.022928038979011613,4.5862995162513815,0,0,0,0
gamma,gam_casi_sim,10000,P3c,3,2,Bg,shape,5.0,300,300,1.0,0.010308858341738336,0.002061771668347667,0.11392979811782714,0.022785959623565426,0.11365202277034697,0,0,0,0
gamma,gam_casi_sim,10000,P3c,3,2,Bg,scale,200.0,300,300,1.0,-0.25154079466176427,-0.0012577039733088213,4.730383054402097,0.023651915272010483,4.73158296215491,0,0,0,0
gamma,gam_casi_sim,10000,P3c,3,2,C,shape,5.0,300,300,1.0,0.010033785850293242,0.0020067571700586482,0.11047956653823038,0.022095913307646077,0.11020681878635775,0,0,0,0
gamma,gam_casi_sim,10000,P3c,3,2,C,scale,200.0,300,300,1.0,-0.24707045667165062,-0.001235352283358253,4.58261176884131,0.02291305884420655,4.583592245492547,0,0,0,0
gamma,gam_casi_sim,10000,P3c,3,2,D,shape,5.0,300,300,1.0,0.009530140742729287,0.0019060281485458574,0.11084169570241985,0.02216833914048397,0.11061574964946594,0,0,0,0
gamma,gam_casi_sim,10000,P3c,3,2,D,scale,200.0,300,300,1.0,-0.22438636716981364,-0.0011219318358490682,4.594749314349048,0.02297374657174524,4.596934999675711,0,0,0,0
gamma,gam_casi_sim,10000,P3w,3,2,A,shape,5.0,300,298,0.9933333333333333,0.0026434457180570803,0.0005286891436114161,0.09255441300759532,0.018510882601519063,0.09267227665329307,0,2,0,0
gamma,gam_casi_sim,10000,P3w,3,2,A,scale,200.0,300,298,0.9933333333333333,-0.012626026030005733,-6.313013015002867e-05,3.8845703574681245,0.01942285178734062,3.8910839889037576,0,2,0,0
gamma,gam_casi_sim,10000,P3w,3,2,B,shape,5.0,300,300,1.0,-0.0013863588376015201,-0.00027727176752030404,0.08439616475971519,0.01687923295194304,0.08452577115068392,0,0,0,0
gamma,gam_casi_sim,10000,P3w,3,2,B,scale,200.0,300,300,1.0,0.1304453358763169,0.0006522266793815845,3.456707257798497,0.017283536288992485,3.460016589043049,0,0,0,0
gamma,gam_casi_sim,10000,P3w,3,2,Bg,shape,5.0,300,300,1.0,0.0021009433101433217,0.00042018866202866436,0.09273498420253432,0.01854699684050686,0.09286608835741861,0,0,0,0
gamma,gam_casi_sim,10000,P3w,3,2,Bg,scale,200.0,300,300,1.0,0.006424176242774138,3.212088121387069e-05,3.887949082972888,0.01943974541486444,3.8944399267278853,0,0,0,0
gamma,gam_casi_sim,10000,P3w,3,2,C,shape,5.0,300,300,1.0,-0.0014219784716393846,-0.00028439569432787694,0.08438901781676783,0.016877803563353565,0.08451801754421144,0,0,0,0
gamma,gam_casi_sim,10000,P3w,3,2,C,scale,200.0,300,300,1.0,0.13431806376655686,0.0006715903188327843,3.4571095531110068,0.017285547765555034,3.4602711900929606,0,0,0,0
gamma,gam_casi_sim,10000,P3w,3,2,D,shape,5.0,300,300,1.0,0.0007119911612596397,0.00014239823225192794,0.08603134098841687,0.017206268197683373,0.08617213484414128,0,0,0,0
gamma,gam_casi_sim,10000,P3w,3,2,D,scale,200.0,300,300,1.0,0.08247903477447949,0.00041239517387239746,3.487573383953528,0.01743786691976764,3.4924235220653457,0,0,0,0
gamma,gam_casi_sim,10000,P5,5,2,A,shape,5.0,300,299,0.9966666666666667,0.004332822181309481,0.0008665644362618963,0.08843832921222104,0.01768766584244421,0.08848021151026389,0,1,0,0
gamma,gam_casi_sim,10000,P5,5,2,A,scale,200.0,300,299,0.9966666666666667,-0.06644338558271556,-0.0003322169279135778,3.689535774207115,0.018447678871035576,3.695121757942624,0,1,0,0
gamma,gam_casi_sim,10000,P5,5,2,B,shape,5.0,300,300,1.0,0.0004994003348306464,9.988006696612928e-05,0.08113569075910701,0.0162271381518214,0.08126971639921217,0,0,0,0
gamma,gam_casi_sim,10000,P5,5,2,B,scale,200.0,300,300,1.0,0.06926532830416932,0.0003463266415208466,3.3414094616834964,0.01670704730841748,3.3462732485212268,0,0,0,0
gamma,gam_casi_sim,10000,P5,5,2,Bg,shape,5.0,300,300,1.0,0.004247636880751138,0.0008495273761502276,0.08829855476006075,0.017659710952012152,0.0883436908482265,0,0,0,0
gamma,gam_casi_sim,10000,P5,5,2,Bg,scale,200.0,300,300,1.0,-0.06981411772801493,-0.00034907058864007466,3.6839222159524083,0.018419611079762043,3.6894147892464724,0,0,0,0
gamma,gam_casi_sim,10000,P5,5,2,C,shape,5.0,300,300,1.0,0.0005044645789640256,0.00010089291579280512,0.08114412566090673,0.016228825132181345,0.08127813417567188,0,0,0,0
gamma,gam_casi_sim,10000,P5,5,2,C,scale,200.0,300,300,1.0,0.07248448013095299,0.00036242240065476495,3.341161992878681,0.016705809964393404,3.3459568967107156,0,0,0,0
gamma,gam_casi_sim,10000,P5,5,2,D,shape,5.0,300,300,1.0,0.004630726786531092,0.0009261453573062184,0.08530897940483738,0.017061795880967477,0.0853255324712077,0,0,0,0
gamma,gam_casi_sim,10000,P5,5,2,D,scale,200.0,300,300,1.0,-0.07380527066365516,-0.00036902635331827584,3.5007574975059295,0.01750378748752965,3.5058273283043846,0,0,0,0
gamma,gam_casi_sim,10000,Pmk,2,2,A,shape,5.0,300,287,0.9566666666666667,0.010729713910375693,0.0021459427820751387,0.11201690626440435,0.02240338125288087,0.11169660410889128,0,13,0,0
gamma,gam_casi_sim,10000,Pmk,2,2,A,scale,200.0,300,287,0.9566666666666667,-0.29446895024369724,-0.0014723447512184863,4.66766826221975,0.02333834131109875,4.666507325672062,0,13,0,0
gamma,gam_casi_sim,10000,Pmk,2,2,B,shape,5.0,300,300,1.0,0.010157712098827432,0.002031542419765486,0.11057127997129916,0.022114255994259834,0.11028768479511654,0,0,0,0
gamma,gam_casi_sim,10000,Pmk,2,2,B,scale,200.0,300,300,1.0,-0.25293563845099243,-0.0012646781922549621,4.608694093155114,0.023043470465775567,4.609436823864156,0,0,0,0
gamma,gam_casi_sim,10000,Pmk,2,2,Bg,shape,5.0,300,300,1.0,0.010148147904078364,0.0020296295808156727,0.11054160951369282,0.022108321902738565,0.11025872216764304,0,0,0,0
gamma,gam_casi_sim,10000,Pmk,2,2,Bg,scale,200.0,300,300,1.0,-0.2525621653691701,-0.0012628108268458505,4.6079590817166425,0.02303979540858321,4.608720023199469,0,0,0,0
gamma,gam_casi_sim,10000,Pmk,2,2,C,shape,5.0,300,300,1.0,0.01009924706258225,0.00201984941251645,0.11056159566153916,0.02211231913230783,0.1102833306566789,0,0,0,0
gamma,gam_casi_sim,10000,Pmk,2,2,C,scale,200.0,300,300,1.0,-0.25041502756133127,-0.0012520751378066563,4.607944838452242,0.023039724192261208,4.608823290377911,0,0,0,0
gamma,gam_casi_sim,10000,Pmk,2,2,D,shape,5.0,300,300,1.0,0.010174281511267758,0.0020348563022535514,0.11054805604389084,0.02210961120877817,0.11026279049330565,0,0,0,0
gamma,gam_casi_sim,10000,Pmk,2,2,D,scale,200.0,300,300,1.0,-0.2536666395552061,-0.0012683331977760303,4.608039264652003,0.023040196323260015,4.608739600248025,0,0,0,0
weibull,wei_moderada,100,P3c,3,2,A,shape,1.5,300,295,0.9833333333333333,0.04886569353080139,0.03257712902053426,0.19612185241964367,0.13074790161309577,0.19025938142475693,0,5,0,0
weibull,wei_moderada,100,P3c,3,2,A,scale,600.0,300,295,0.9833333333333333,-3.5009502065411198,-0.0058349170109018664,48.947644162691624,0.08157940693781937,48.90524257663566,0,5,0,0
weibull,wei_moderada,100,P3c,3,2,B,shape,1.5,300,300,1.0,0.03794142156814506,0.02529428104543004,0.1936672396908657,0.1291114931272438,0.19023163558178557,0,0,0,0
weibull,wei_moderada,100,P3c,3,2,B,scale,600.0,300,300,1.0,-4.069121945216239,-0.006781869908693731,48.69199174395081,0.08115331957325135,48.60274060760188,0,0,0,0
weibull,wei_moderada,100,P3c,3,2,Bg,shape,1.5,300,300,1.0,0.0483652525214926,0.03224350168099507,0.1959175403717549,0.13061169358116995,0.1901710679646614,0,0,0,0
weibull,wei_moderada,100,P3c,3,2,Bg,scale,600.0,300,300,1.0,-3.2019720164583987,-0.005336620027430665,48.804705000397206,0.08134117500066201,48.78092387222392,0,0,0,0
weibull,wei_moderada,100,P3c,3,2,C,shape,1.5,300,300,1.0,0.03706362167611199,0.024709081117407994,0.19350549286513966,0.1290036619100931,0.1902401150875538,0,0,0,0
weibull,wei_moderada,100,P3c,3,2,C,scale,600.0,300,300,1.0,-2.934479504011847,-0.004890799173353078,48.699550219227106,0.08116591703204518,48.69228017620538,0,0,0,0
weibull,wei_moderada,100,P3c,3,2,D,shape,1.5,300,300,1.0,0.03326496323150452,0.022176642154336346,0.188634418872158,0.12575627924810534,0.18598841857471438,0,0,0,0
weibull,wei_moderada,100,P3c,3,2,D,scale,600.0,300,300,1.0,-1.8644944713346376,-0.003107490785557729,48.78740615622909,0.08131234359371514,48.83322235087286,0,0,0,0
weibull,wei_moderada,100,P3w,3,2,A,shape,1.5,300,300,1.0,0.05159132895191809,0.03439421930127873,0.16395477729706784,0.1093031848647119,0.1558861939376736,0,0,0,0
weibull,wei_moderada,100,P3w,3,2,A,scale,600.0,300,300,1.0,-2.329555804161714,-0.00388259300693619,45.88583361630567,0.07647638936050945,45.90323066011115,0,0,0,0
weibull,wei_moderada,100,P3w,3,2,B,shape,1.5,300,300,1.0,0.04687004567775732,0.03124669711850488,0.1816380758405764,0.12109205056038426,0.1757799325735177,0,0,0,0
weibull,wei_moderada,100,P3w,3,2,B,scale,600.0,300,300,1.0,-5.364121997071038,-0.00894020332845173,46.13110355439132,0.07688517259065221,45.894727333357075,0,0,0,0
weibull,wei_moderada,100,P3w,3,2,Bg,shape,1.5,300,300,1.0,0.05159134752917738,0.03439423168611825,0.16395532272623425,0.10930354848415617,0.15588676334766416,0,0,0,0
weibull,wei_moderada,100,P3w,3,2,Bg,scale,600.0,300,300,1.0,-2.329543674628553,-0.0038825727910475885,45.885858386783156,0.07647643064463859,45.903256121635614,0,0,0,0
weibull,wei_moderada,100,P3w,3,2,C,shape,1.5,300,300,1.0,0.04514448074864097,0.03009632049909398,0.18067620242501212,0.12045080161667475,0.17523762933927095,0,0,0,0
weibull,wei_moderada,100,P3w,3,2,C,scale,600.0,300,300,1.0,-3.1131046262008795,-0.005188507710334799,45.82463710579449,0.07637439517632415,45.795159141552105,0,0,0,0
weibull,wei_moderada,100,P3w,3,2,D,shape,1.5,300,300,1.0,0.05900573020543476,0.03933715347028984,0.16374687028295895,0.1091645801886393,0.15300128312921074,0,0,0,0
weibull,wei_moderada,100,P3w,3,2,D,scale,600.0,300,300,1.0,-1.5251296124927194,-0.0025418826874878658,47.197885230015395,0.07866314205002566,47.25205680983637,0,0,0,0
weibull,wei_moderada,100,P5,5,2,A,shape,1.5,300,299,0.9966666666666667,0.043946637536668165,0.029297758357778775,0.15292096193077404,0.10194730795384936,0.14671572957112572,0,1,0,0
weibull,wei_moderada,100,P5,5,2,A,scale,600.0,300,299,0.9966666666666667,-3.4773179089665973,-0.005795529848277662,45.60744400722868,0.07601240667871446,45.55092347249413,0,1,0,0
weibull,wei_moderada,100,P5,5,2,B,shape,1.5,300,300,1.0,0.03827715571262358,0.02551810380841572,0.16721859651715343,0.11147906434476895,0.16305071857496012,0,0,0,0
weibull,wei_moderada,100,P5,5,2,B,scale,600.0,300,300,1.0,-6.990603071436112,-0.011651005119060188,45.68786881934358,0.0761464480322393,45.225331337645734,0,0,0,0
weibull,wei_moderada,100,P5,5,2,Bg,shape,1.5,300,300,1.0,0.043132992626358835,0.028755328417572557,0.15310338434987966,0.10206892289991977,0.14714742878876708,0,0,0,0
weibull,wei_moderada,100,P5,5,2,Bg,scale,600.0,300,300,1.0,-3.534394018868511,-0.005890656698114185,45.546941289320884,0.0759115688155348,45.485474028061105,0,0,0,0
weibull,wei_moderada,100,P5,5,2,C,shape,1.5,300,300,1.0,0.04077657326342554,0.027184382175617028,0.16771852505003704,0.11181235003335803,0.16295794659681137,0,0,0,0
weibull,wei_moderada,100,P5,5,2,C,scale,600.0,300,300,1.0,-4.254404169018358,-0.007090673615030596,45.366418834220376,0.07561069805703396,45.24195824262365,0,0,0,0
weibull,wei_moderada,100,P5,5,2,D,shape,1.5,300,300,1.0,0.04144525360786511,0.02763016907191007,0.1516916978548906,0.10112779856992705,0.14616386375699617,0,0,0,0
weibull,wei_moderada,100,P5,5,2,D,scale,600.0,300,300,1.0,-3.260148515769515,-0.005433580859615859,46.288161549686095,0.0771469359161435,46.25035837849,0,0,0,0
weibull,wei_moderada,100,Pmk,2,2,A,shape,1.5,300,290,0.9666666666666667,0.03666900076435575,0.024446000509570503,0.1905826626014388,0.1270551084009592,0.18734503948142076,0,10,0,0
weibull,wei_moderada,100,Pmk,2,2,A,scale,600.0,300,290,0.9666666666666667,-5.833958393021135,-0.009723263988368558,51.02339570845448,0.08503899284742414,50.77639540064585,0,10,0,0
weibull,wei_moderada,100,Pmk,2,2,B,shape,1.5,300,300,1.0,0.03785001240846997,0.025233341605646647,0.19225223027196436,0.12816815351464292,0.18880444999969867,0,0,0,0
weibull,wei_moderada,100,Pmk,2,2,B,scale,600.0,300,300,1.0,-4.857782875535918,-0.008096304792559864,50.88879434887126,0.08481465724811876,50.74104368454117,0,0,0,0
weibull,wei_moderada,100,Pmk,2,2,Bg,shape,1.5,300,300,1.0,0.037851543904340534,0.02523436260289369,0.1922523153043377,0.1281682102028918,0.1888042288191738,0,0,0,0
weibull,wei_moderada,100,Pmk,2,2,Bg,scale,600.0,300,300,1.0,-4.857864181322498,-0.008096440302204163,50.88882589982911,0.08481470983304851,50.741067623153135,0,0,0,0
weibull,wei_moderada,100,Pmk,2,2,C,shape,1.5,300,300,1.0,0.0378511592331332,0.025234106155422136,0.192252115914352,0.12816807727623467,0.18880410248536564,0,0,0,0
weibull,wei_moderada,100,Pmk,2,2,C,scale,600.0,300,300,1.0,-4.8581536341528135,-0.008096922723588022,50.88884486238308,0.08481474143730514,50.74105889929837,0,0,0,0
weibull,wei_moderada,100,Pmk,2,2,D,shape,1.5,300,300,1.0,0.037852865054837315,0.025235243369891542,0.19225086107257172,0.12816724071504781,0.18880247731891145,0,0,0,0
weibull,wei_moderada,100,Pmk,2,2,D,scale,600.0,300,300,1.0,-4.858821675829859,-0.008098036126383098,50.88856721831769,0.08481427869719615,50.740715335565994,0,0,0,0
weibull,wei_moderada,1000,P3c,3,2,A,shape,1.5,300,300,1.0,0.009305769456315893,0.006203846304210596,0.0648837671813865,0.043255844787591,0.06432026289751115,0,0,0,0
weibull,wei_moderada,1000,P3c,3,2,A,scale,600.0,300,300,1.0,1.4715624811132102,0.0024526041351886838,14.878493228932712,0.024797488714887853,14.830279450824296,0,0,0,0
weibull,wei_moderada,1000,P3c,3,2,B,shape,1.5,300,300,1.0,0.009529257316624795,0.0063528382110831965,0.06392451138886196,0.04261634092590797,0.06331587012218494,0,0,0,0
weibull,wei_moderada,1000,P3c,3,2,B,scale,600.0,300,300,1.0,1.3323226082520705,0.0022205376804201177,14.91125156425101,0.02485208594041835,14.876425414852326,0,0,0,0
weibull,wei_moderada,1000,P3c,3,2,Bg,shape,1.5,300,300,1.0,0.009305695525984481,0.006203797017322987,0.06488484090376043,0.043256560602506954,0.06432136038068052,0,0,0,0
weibull,wei_moderada,1000,P3c,3,2,Bg,scale,600.0,300,300,1.0,1.4716222691329222,0.0024527037818882036,14.878481572495867,0.02479746928749311,14.830261764833056,0,0,0,0
weibull,wei_moderada,1000,P3c,3,2,C,shape,1.5,300,300,1.0,0.009445407258324323,0.0062969381722162154,0.06390453081364793,0.04260302054243195,0.06330823893692292,0,0,0,0
weibull,wei_moderada,1000,P3c,3,2,C,scale,600.0,300,300,1.0,1.4412199644463044,0.002402033274077174,14.924976698814255,0.024874961164690425,14.880049306552989,0,0,0,0
weibull,wei_moderada,1000,P3c,3,2,D,shape,1.5,300,300,1.0,0.008499122970979434,0.0056660819806529554,0.0630453260139385,0.042030217342625666,0.0625741944171168,0,0,0,0
weibull,wei_moderada,1000,P3c,3,2,D,scale,600.0,300,300,1.0,1.5322248233177334,0.002553708038862889,14.962405903949628,0.02493734317324938,14.908613843944323,0,0,0,0
weibull,wei_moderada,1000,P3w,3,2,A,shape,1.5,300,297,0.99,0.007369970768842604,0.004913313845895069,0.050845256474408386,0.03389683764960559,0.050393194525716625,0,3,0,0
weibull,wei_moderada,1000,P3w,3,2,A,scale,600.0,300,297,0.99,1.6590417880684072,0.0027650696467806787,14.58593972432233,0.024309899540537215,14.515738632524826,0,3,0,0
weibull,wei_moderada,1000,P3w,3,2,B,shape,1.5,300,300,1.0,0.008452999596065602,0.005635333064043735,0.05266468449379136,0.03510978966252757,0.05206873310554897,0,0,0,0
weibull,wei_moderada,1000,P3w,3,2,B,scale,600.0,300,300,1.0,1.4105619484554381,0.0023509365807590638,14.620447424512625,0.024367412374187707,14.576558283323648,0,0,0,0
weibull,wei_moderada,1000,P3w,3,2,Bg,shape,1.5,300,300,1.0,0.007255693412942188,0.004837128941961459,0.050673115009749185,0.03378207667316612,0.050234761557955136,0,0,0,0
weibull,wei_moderada,1000,P3w,3,2,Bg,scale,600.0,300,300,1.0,1.6279734830070538,0.0027132891383450895,14.536086733376544,0.02422681122229424,14.468771117515189,0,0,0,0
weibull,wei_moderada,1000,P3w,3,2,C,shape,1.5,300,300,1.0,0.008276911948865484,0.005517941299243656,0.05262221243297121,0.03508147495531414,0.052054030040041166,0,0,0,0
weibull,wei_moderada,1000,P3w,3,2,C,scale,600.0,300,300,1.0,1.66129993728714,0.0027688332288119,14.64488583330553,0.024408143055509215,14.574664079571912,0,0,0,0
weibull,wei_moderada,1000,P3w,3,2,D,shape,1.5,300,300,1.0,0.008531872376233984,0.005687914917489323,0.04739734916612319,0.03159823277741546,0.04670102583933112,0,0,0,0
weibull,wei_moderada,1000,P3w,3,2,D,scale,600.0,300,300,1.0,1.5964745519826238,0.0026607909199710396,14.91442505175343,0.024857375086255715,14.853510231025728,0,0,0,0
weibull,wei_moderada,1000,P5,5,2,A,shape,1.5,300,297,0.99,0.007748059508851934,0.00516537300590129,0.04857949669262019,0.03238633112841346,0.04803857953433945,0,3,0,0
weibull,wei_moderada,1000,P5,5,2,A,scale,600.0,300,297,0.99,1.597459699955266,0.0026624328332587764,13.909749124577045,0.02318291520762841,13.841035887633948,0,3,0,0
weibull,wei_moderada,1000,P5,5,2,B,shape,1.5,300,300,1.0,0.007936470619529956,0.0052909804130199705,0.05039505141048926,0.03359670094032617,0.049849341321678564,0,0,0,0
weibull,wei_moderada,1000,P5,5,2,B,scale,600.0,300,300,1.0,1.2663235706259002,0.0021105392843765005,13.86100050995648,0.02310166751659413,13.826097170256054,0,0,0,0
weibull,wei_moderada,1000,P5,5,2,Bg,shape,1.5,300,300,1.0,0.0072348054055808575,0.004823203603720572,0.04868196968757317,0.032454646458382114,0.04822180944786904,0,0,0,0
weibull,wei_moderada,1000,P5,5,2,Bg,scale,600.0,300,300,1.0,1.5937981351340795,0.002656330225223466,13.915845758529743,0.02319307626421624,13.847372908528888,0,0,0,0
weibull,wei_moderada,1000,P5,5,2,C,shape,1.5,300,300,1.0,0.008199514721764833,0.005466343147843222,0.05036874700806138,0.033579164672040925,0.0497799032009771,0,0,0,0
weibull,wei_moderada,1000,P5,5,2,C,scale,600.0,300,300,1.0,1.5722085751407349,0.002620347625234558,13.89902735514337,0.023165045591905617,13.832893820652838,0,0,0,0
weibull,wei_moderada,1000,P5,5,2,D,shape,1.5,300,300,1.0,0.008289815386206989,0.00552654359080466,0.04852851238207939,0.032352341588052926,0.04789511403097787,0,0,0,0
weibull,wei_moderada,1000,P5,5,2,D,scale,600.0,300,300,1.0,1.5208169209192874,0.0025346948681988124,14.12217791872722,0.0235369631978787,14.063509497722844,0,0,0,0
weibull,wei_moderada,1000,Pmk,2,2,A,shape,1.5,300,290,0.9666666666666667,0.00924323163972196,0.006162154426481307,0.062401456034127764,0.04160097068941851,0.0618197589763607,0,10,0,0
weibull,wei_moderada,1000,Pmk,2,2,A,scale,600.0,300,290,0.9666666666666667,0.9422405968998646,0.0015704009948331076,15.145104763304786,0.025241841272174645,15.14189523354767,0,10,0,0
weibull,wei_moderada,1000,Pmk,2,2,B,shape,1.5,300,300,1.0,0.00939582383010662,0.006263882553404414,0.06356179104328603,0.04237452736219069,0.06296853629972451,0,0,0,0
weibull,wei_moderada,1000,Pmk,2,2,B,scale,600.0,300,300,1.0,1.4884521033585543,0.0024807535055975903,15.29247718708636,0.025487461978477267,15.245297608908064,0,0,0,0
weibull,wei_moderada,1000,Pmk,2,2,Bg,shape,1.5,300,300,1.0,0.009397501621172255,0.006265001080781503,0.06356354910121743,0.04237569940081162,0.06297006565173294,0,0,0,0
weibull,wei_moderada,1000,Pmk,2,2,Bg,scale,600.0,300,300,1.0,1.488535235690506,0.0024808920594841764,15.292470761820116,0.025487451269700194,15.245282998320954,0,0,0,0
weibull,wei_moderada,1000,Pmk,2,2,C,shape,1.5,300,300,1.0,0.009396579161723428,0.006264386107815619,0.06356216918479514,0.04237477945653009,0.06296880619305546,0,0,0,0
weibull,wei_moderada,1000,Pmk,2,2,C,scale,600.0,300,300,1.0,1.4882953705451882,0.0024804922842419806,15.292458007107934,0.025487430011846557,15.245293657986203,0,0,0,0
weibull,wei_moderada,1000,Pmk,2,2,D,shape,1.5,300,300,1.0,0.009400250246085706,0.006266833497390471,0.06356095557465119,0.04237397038310079,0.06296702727581785,0,0,0,0
weibull,wei_moderada,1000,Pmk,2,2,D,scale,600.0,300,300,1.0,1.4881318639935444,0.002480219773322574,15.292622490513262,0.025487704150855436,15.245475216425179,0,0,0,0
weibull,wei_moderada,10000,P3c,3,2,A,shape,1.5,300,296,0.9866666666666667,0.001331238689066483,0.0008874924593776553,0.018652716648332596,0.012435144432221731,0.018636658426661172,0,4,0,0
weibull,wei_moderada,10000,P3c,3,2,A,scale,600.0,300,296,0.9866666666666667,-0.10545744766488951,-0.00017576241277481586,4.695292869637508,0.007825488116062514,4.702057804865195,0,4,0,0
weibull,wei_moderada,10000,P3c,3,2,B,shape,1.5,300,300,1.0,0.0016099957092106099,0.0010733304728070732,0.019207098040585836,0.012804732027057224,0.019171480934652898,0,0,0,0
weibull,wei_moderada,10000,P3c,3,2,B,scale,600.0,300,300,1.0,-0.14839078470174627,-0.00024731797450291043,4.702232471896822,0.007837054119828036,4.7077432544631135,0,0,0,0
weibull,wei_moderada,10000,P3c,3,2,Bg,shape,1.5,300,300,1.0,0.001165748242658582,0.0007771654951057213,0.01861674988191351,0.01241116658794234,0.018611260136811407,0,0,0,0
weibull,wei_moderada,10000,P3c,3,2,Bg,scale,600.0,300,300,1.0,-0.1164581480779816,-0.00019409691346330269,4.68643616356509,0.00781072693927515,4.692816835094114,0,0,0,0
weibull,wei_moderada,10000,P3c,3,2,C,shape,1.5,300,300,1.0,0.0016045084337836801,0.0010696722891891202,0.019206832417411165,0.012804554944940776,0.01917167549626829,0,0,0,0
weibull,wei_moderada,10000,P3c,3,2,C,scale,600.0,300,300,1.0,-0.13891726678662053,-0.0002315287779777009,4.700319245374421,0.007833865408957369,4.706116030770592,0,0,0,0
weibull,wei_moderada,10000,P3c,3,2,D,shape,1.5,300,300,1.0,0.0012920973677827963,0.0008613982451885308,0.018542964716046963,0.012361976477364643,0.01852879955355223,0,0,0,0
weibull,wei_moderada,10000,P3c,3,2,D,scale,600.0,300,300,1.0,-0.13473293103379547,-0.00022455488505632577,4.705275866158567,0.007842126443597613,4.71120503234632,0,0,0,0
weibull,wei_moderada,10000,P3w,3,2,A,shape,1.5,300,285,0.95,-0.00073352695513762,-0.0004890179700917466,0.015241999226837069,0.01016133281789138,0.015251118224015344,0,15,0,0
weibull,wei_moderada,10000,P3w,3,2,A,scale,600.0,300,285,0.95,-0.08732508817411144,-0.00014554181362351907,4.597492335896763,0.007662487226494604,4.604748536766909,0,15,0,0
weibull,wei_moderada,10000,P3w,3,2,B,shape,1.5,300,300,1.0,-0.00012366451070922047,-8.244300713948031e-05,0.015693876331434715,0.010462584220956478,0.015719610318230364,0,0,0,0
weibull,wei_moderada,10000,P3w,3,2,B,scale,600.0,300,300,1.0,-0.05951352890906492,-9.918921484844153e-05,4.645022949996244,0.007741704916660408,4.652402157163026,0,0,0,0
weibull,wei_moderada,10000,P3w,3,2,Bg,shape,1.5,300,300,1.0,-0.00046152284475331484,-0.0003076818965022099,0.015487895167203856,0.010325263444802571,0.015506883573689475,0,0,0,0
weibull,wei_moderada,10000,P3w,3,2,Bg,scale,600.0,300,300,1.0,-0.05321639961721303,-8.869399936202171e-05,4.5835982407635765,0.007639330401272628,4.59094727011751,0,0,0,0
weibull,wei_moderada,10000,P3w,3,2,C,shape,1.5,300,300,1.0,-0.0001388440870058183,-9.256272467054553e-05,0.015694170280210154,0.01046278018680677,0.01571977760009313,0,0,0,0
weibull,wei_moderada,10000,P3w,3,2,C,scale,600.0,300,300,1.0,-0.03713256307048596,-6.188760511747659e-05,4.645888258316297,0.007743147097193827,4.65350217468741,0,0,0,0
weibull,wei_moderada,10000,P3w,3,2,D,shape,1.5,300,300,1.0,-0.00027859338754909757,-0.00018572892503273172,0.014344333571290781,0.009562889047527187,0.014365590554125148,0,0,0,0
weibull,wei_moderada,10000,P3w,3,2,D,scale,600.0,300,300,1.0,-0.07239332533310971,-0.00012065554222184952,4.65518963805534,0.0077586493967589,4.66240386553864,0,0,0,0
weibull,wei_moderada,10000,P5,5,2,A,shape,1.5,300,293,0.9766666666666667,-8.548177493650222e-05,-5.6987849957668146e-05,0.015048031873061828,0.010032021248707884,0.015073533816659752,0,7,0,0
weibull,wei_moderada,10000,P5,5,2,A,scale,600.0,300,293,0.9766666666666667,-0.016732908713379402,-2.788818118896567e-05,4.436644397184228,0.00739440732864038,4.4442032894762145,0,7,0,0
weibull,wei_moderada,10000,P5,5,2,B,shape,1.5,300,300,1.0,0.0001291886142837928,8.612574285586187e-05,0.014868662397304491,0.009912441598202993,0.01489294344092995,0,0,0,0
weibull,wei_moderada,10000,P5,5,2,B,scale,600.0,300,300,1.0,-0.04045985786626716,-6.74330964437786e-05,4.419415528819421,0.007365692548032369,4.4266141680651065,0,0,0,0
weibull,wei_moderada,10000,P5,5,2,Bg,shape,1.5,300,300,1.0,-0.00011275797436582913,-7.517198291055276e-05,0.014965344613396474,0.009976896408930984,0.014989923874483415,0,0,0,0
weibull,wei_moderada,10000,P5,5,2,Bg,scale,600.0,300,300,1.0,-0.0338913550988309,-5.6485591831384836e-05,4.409567772818101,0.007349279621363502,4.416805015045226,0,0,0,0
weibull,wei_moderada,10000,P5,5,2,C,shape,1.5,300,300,1.0,0.0001542594119476881,0.00010283960796512541,0.014864072696664107,0.009909381797776071,0.014888106445885622,0,0,0,0
weibull,wei_moderada,10000,P5,5,2,C,scale,600.0,300,300,1.0,-0.011449429579101889,-1.908238263183648e-05,4.420455230755313,0.007367425384592188,4.427826273621429,0,0,0,0
weibull,wei_moderada,10000,P5,5,2,D,shape,1.5,300,300,1.0,0.0005171502109118098,0.00034476680727453984,0.014228433363788174,0.009485622242525448,0.014242789819880515,0,0,0,0
weibull,wei_moderada,10000,P5,5,2,D,scale,600.0,300,300,1.0,-0.0656928165917634,-0.000109488027652939,4.458359360967769,0.007430598934946282,4.465323769515395,0,0,0,0
weibull,wei_moderada,10000,Pmk,2,2,A,shape,1.5,300,290,0.9666666666666667,0.0015744314840833162,0.0010496209893888775,0.01918287687094302,0.012788584580628681,0.019151204923726142,0,10,0,0
weibull,wei_moderada,10000,Pmk,2,2,A,scale,600.0,300,290,0.9666666666666667,0.019702478492831688,3.283746415471948e-05,4.803274483398242,0.008005457472330405,4.81153699188264,0,10,0,0
weibull,wei_moderada,10000,Pmk,2,2,B,shape,1.5,300,300,1.0,0.0015528197370622276,0.0010352131580414852,0.0190171683971146,0.012678112264743066,0.018985334369246994,0,0,0,0
weibull,wei_moderada,10000,Pmk,2,2,B,scale,600.0,300,300,1.0,-0.05373084416532947,-8.955140694221579e-05,4.8055994224328415,0.008009332370721402,4.813327943489556,0,0,0,0
weibull,wei_moderada,10000,Pmk,2,2,Bg,shape,1.5,300,300,1.0,0.0015547938179119036,0.001036529211941269,0.01901730838766673,0.01267820559177782,0.018985312960005864,0,0,0,0
weibull,wei_moderada,10000,Pmk,2,2,Bg,scale,600.0,300,300,1.0,-0.05367042058753668,-8.945070097922781e-05,4.805561308107033,0.008009268846845056,4.813290439478861,0,0,0,0
weibull,wei_moderada,10000,Pmk,2,2,C,shape,1.5,300,300,1.0,0.0015541420749853874,0.001036094716656925,0.019016399694563615,0.012677599796375743,0.01898445323511531,0,0,0,0
weibull,wei_moderada,10000,Pmk,2,2,C,scale,600.0,300,300,1.0,-0.05378458675420461,-8.964097792367435e-05,4.80565085511543,0.00800941809185905,4.813378863102844,0,0,0,0
weibull,wei_moderada,10000,Pmk,2,2,D,shape,1.5,300,300,1.0,0.0015609450227911381,0.0010406300151940921,0.01902137342995241,0.012680915619968274,0.018988892135825365,0,0,0,0
weibull,wei_moderada,10000,Pmk,2,2,D,scale,600.0,300,300,1.0,-0.054757155924676226,-9.126192654112704e-05,4.805629933444103,0.008009383222406838,4.813346902704492,0,0,0,0
weibull,wei_hazard_dec,100,P3c,3,2,A,shape,0.7,300,299,0.9966666666666667,0.02747841128388917,0.03925487326269882,0.11014460174187668,0.15734943105982385,0.1068407566774912,0,1,0,0
weibull,wei_hazard_dec,100,P3c,3,2,A,scale,500.0,300,299,0.9966666666666667,-2.570466689392333,-0.005140933378784666,80.36659225878525,0.1607331845175705,80.46013590121852,0,1,0,0
weibull,wei_hazard_dec,100,P3c,3,2,B,shape,0.7,300,300,1.0,0.029817518064259585,0.04259645437751369,0.09963425286057465,0.14233464694367806,0.09522671395012157,0,0,0,0
weibull,wei_hazard_dec,100,P3c,3,2,B,scale,500.0,300,300,1.0,-5.529574217921663,-0.011059148435843326,80.40794606009227,0.16081589212018454,80.35162023768162,0,0,0,0
weibull,wei_hazard_dec,100,P3c,3,2,Bg,shape,0.7,300,300,1.0,0.027261582977006205,0.03894511853858029,0.109981421816399,0.15711631688057,0.10672716710851016,0,0,0,0
weibull,wei_hazard_dec,100,P3c,3,2,Bg,scale,500.0,300,300,1.0,-2.326779066612062,-0.004653558133224124,80.33566048504714,0.1606713209700943,80.43613003366863,0,0,0,0
weibull,wei_hazard_dec,100,P3c,3,2,C,shape,0.7,300,300,1.0,0.029047690285968653,0.04149670040852665,0.09934049473225749,0.14191499247465356,0.09515749442468557,0,0,0,0
weibull,wei_hazard_dec,100,P3c,3,2,C,scale,500.0,300,300,1.0,-2.179555104746271,-0.004359110209492542,80.4507500479558,0.1609015000959116,80.55559198979788,0,0,0,0
weibull,wei_hazard_dec,100,P3c,3,2,D,shape,0.7,300,300,1.0,0.024544453009909928,0.035063504299871324,0.09620513113824171,0.1374359016260596,0.0931769116967741,0,0,0,0
weibull,wei_hazard_dec,100,P3c,3,2,D,scale,500.0,300,300,1.0,-0.8739008780215727,-0.0017478017560431454,80.6906987926569,0.1613813975853138,80.82078010775919,0,0,0,0
weibull,wei_hazard_dec,100,P3w,3,2,A,shape,0.7,300,295,0.9833333333333333,0.018816547505326908,0.026880782150467013,0.08938122168681555,0.12768745955259364,0.08752662175020848,0,5,0,0
weibull,wei_hazard_dec,100,P3w,3,2,A,scale,500.0,300,295,0.9833333333333333,-0.7699045716952355,-0.001539809143390471,83.9070426060657,0.1678140852121314,84.04608224397121,0,5,0,0
weibull,wei_hazard_dec,100,P3w,3,2,B,shape,0.7,300,300,1.0,0.03064768477877111,0.043782406826815876,0.08043027678777916,0.11490039541111309,0.07448652888370932,0,0,0,0
weibull,wei_hazard_dec,100,P3w,3,2,B,scale,500.0,300,300,1.0,-3.514599224563483,-0.007029198449126966,84.22685006577602,0.16845370013155203,84.29409734445903,0,0,0,0
weibull,wei_hazard_dec,100,P3w,3,2,Bg,shape,0.7,300,300,1.0,0.01855445113302423,0.02650635876146319,0.08918460645057535,0.12740658064367907,0.08737892552736774,0,0,0,0
weibull,wei_hazard_dec,100,P3w,3,2,Bg,scale,500.0,300,300,1.0,-0.8696835897941355,-0.001739367179588271,84.03205007266621,0.1680641001453324,84.16794659478154,0,0,0,0
weibull,wei_hazard_dec,100,P3w,3,2,C,shape,0.7,300,300,1.0,0.02884258355763325,0.04120369079661893,0.07923111964876481,0.11318731378394974,0.07391812130125369,0,0,0,0
weibull,wei_hazard_dec,100,P3w,3,2,C,scale,500.0,300,300,1.0,3.844906897118676,0.007689813794237352,84.35454708612639,0.16870909417225277,84.40767237388194,0,0,0,0
weibull,wei_hazard_dec,100,P3w,3,2,D,shape,0.7,300,300,1.0,0.02661304545877574,0.038018636369679636,0.07316509296109242,0.10452156137298917,0.06826720547886866,0,0,0,0
weibull,wei_hazard_dec,100,P3w,3,2,D,scale,500.0,300,300,1.0,0.4298236476963666,0.0008596472953927332,83.36903333687275,0.1667380666737455,83.50722019024956,0,0,0,0
weibull,wei_hazard_dec,100,P5,5,2,A,shape,0.7,300,297,0.99,0.017626554775833414,0.02518079253690488,0.1054544579300401,0.15064922561434302,0.10414637466643487,0,3,0,0
weibull,wei_hazard_dec,100,P5,5,2,A,scale,500.0,300,297,0.99,-5.112867680063232,-0.010225735360126465,85.40644964400926,0.17081289928801852,85.39715853059776,0,3,0,0
weibull,wei_hazard_dec,100,P5,5,2,B,shape,0.7,300,300,1.0,0.02491967379334603,0.035599533990494335,0.07502082502390651,0.10717260717700931,0.07087933629070507,0,0,0,0
weibull,wei_hazard_dec,100,P5,5,2,B,scale,500.0,300,300,1.0,-8.601817747539485,-0.01720363549507897,78.40133621520981,0.15680267243041962,78.05823817461486,0,0,0,0
weibull,wei_hazard_dec,100,P5,5,2,Bg,shape,0.7,300,300,1.0,0.01649478173654173,0.02356397390934533,0.10565035347378464,0.1509290763911209,0.10452913708434673,0,0,0,0
weibull,wei_hazard_dec,100,P5,5,2,Bg,scale,500.0,300,300,1.0,-5.35830785017248,-0.01071661570034496,85.3241835323037,0.17064836706460743,85.29805013574592,0,0,0,0
weibull,wei_hazard_dec,100,P5,5,2,C,shape,0.7,300,300,1.0,0.0273851465989865,0.039121637998552145,0.07537064549134072,0.10767235070191532,0.07033689556074954,0,0,0,0
weibull,wei_hazard_dec,100,P5,5,2,C,scale,500.0,300,300,1.0,0.7504640046158784,0.0015009280092317567,78.22804397939593,0.15645608795879187,78.3551451054859,0,0,0,0
weibull,wei_hazard_dec,100,P5,5,2,D,shape,0.7,300,300,1.0,0.024842881570875663,0.035489830815536666,0.0735042350927358,0.10500605013247973,0.0692943685315836,0,0,0,0
weibull,wei_hazard_dec,100,P5,5,2,D,scale,500.0,300,300,1.0,-1.0560712177864957,-0.0021121424355729913,77.87338898959791,0.15574677797919584,77.99633015748226,0,0,0,0
weibull,wei_hazard_dec,100,Pmk,2,2,A,shape,0.7,300,294,0.98,0.028020669711444568,0.04002952815920653,0.09827419895015728,0.14039171278593898,0.09435540453575159,0,6,0,0
weibull,wei_hazard_dec,100,Pmk,2,2,A,scale,500.0,300,294,0.98,-0.7041537902265418,-0.0014083075804530835,81.24230104525687,0.16248460209051374,81.37776486636184,0,6,0,0
weibull,wei_hazard_dec,100,Pmk,2,2,B,shape,0.7,300,300,1.0,0.02870535595662982,0.04100765136661403,0.09863245749910989,0.14090351071301413,0.09452060460042733,0,0,0,0
weibull,wei_hazard_dec,100,Pmk,2,2,B,scale,500.0,300,300,1.0,-0.7942945245067676,-0.0015885890490135353,82.11035808819817,0.16422071617639633,82.24370345162356,0,0,0,0
weibull,wei_hazard_dec,100,Pmk,2,2,Bg,shape,0.7,300,300,1.0,0.028704777397169368,0.0410068248530991,0.09863142709229333,0.1409020387032762,0.09451970206489288,0,0,0,0
weibull,wei_hazard_dec,100,Pmk,2,2,Bg,scale,500.0,300,300,1.0,-0.7942683498268366,-0.001588536699653673,82.1107214051991,0.1642214428103982,82.24406764632975,0,0,0,0
weibull,wei_hazard_dec,100,Pmk,2,2,C,shape,0.7,300,300,1.0,0.02870557907595983,0.04100797010851405,0.09863288620386512,0.14090412314837875,0.09452098546422827,0,0,0,0
weibull,wei_hazard_dec,100,Pmk,2,2,C,scale,500.0,300,300,1.0,-0.7944382896409365,-0.001588876579281873,82.11043056155133,0.16422086112310266,82.24377465623958,0,0,0,0
weibull,wei_hazard_dec,100,Pmk,2,2,D,shape,0.7,300,300,1.0,0.028705681763152135,0.04100811680450305,0.09863012098875427,0.14090017284107753,0.09451805901007691,0,0,0,0
weibull,wei_hazard_dec,100,Pmk,2,2,D,scale,500.0,300,300,1.0,-0.7948633765142858,-0.0015897267530285716,82.10963838365515,0.1642192767673103,82.24297699656884,0,0,0,0
weibull,wei_hazard_dec,1000,P3c,3,2,A,shape,0.7,300,294,0.98,-0.0001289236341839306,-0.00018417662026275802,0.033668895475928065,0.048098422108468666,0.033726054732546744,0,6,0,0
weibull,wei_hazard_dec,1000,P3c,3,2,A,scale,500.0,300,294,0.98,0.935982309759936,0.001871964619519872,26.00250123059823,0.052005002461196465,26.029956368550035,0,6,0,0
weibull,wei_hazard_dec,1000,P3c,3,2,B,shape,0.7,300,300,1.0,0.0011973631062608403,0.001710518723229772,0.026530038942550984,0.03790005563221569,0.026547287673655037,0,0,0,0
weibull,wei_hazard_dec,1000,P3c,3,2,B,scale,500.0,300,300,1.0,0.5449434641874973,0.0010898869283749945,25.853600090071996,0.05170720018014399,25.891044039262304,0,0,0,0
weibull,wei_hazard_dec,1000,P3c,3,2,Bg,shape,0.7,300,300,1.0,-9.921206450513864e-05,-0.00014173152072162663,0.033547366594200115,0.04792480942028588,0.03360327209300356,0,0,0,0
weibull,wei_hazard_dec,1000,P3c,3,2,Bg,scale,500.0,300,300,1.0,0.9177167571762652,0.0018354335143525304,25.84193145465766,0.05168386290931532,25.868781638731992,0,0,0,0
weibull,wei_hazard_dec,1000,P3c,3,2,C,shape,0.7,300,300,1.0,0.0011149452886012323,0.0015927789837160463,0.02652164538365722,0.03788806483379603,0.026542473771414873,0,0,0,0
weibull,wei_hazard_dec,1000,P3c,3,2,C,scale,500.0,300,300,1.0,0.9462807895456535,0.001892561579091307,25.843582033499867,0.05168716406699973,25.869403519429618,0,0,0,0
weibull,wei_hazard_dec,1000,P3c,3,2,D,shape,0.7,300,300,1.0,0.0003939160246385631,0.0005627371780550902,0.026500060955771936,0.037857229936817054,0.026541405668779938,0,0,0,0
weibull,wei_hazard_dec,1000,P3c,3,2,D,scale,500.0,300,300,1.0,1.071190433635877,0.002142380867271754,25.859988750931777,0.05171997750186355,25.880964374931242,0,0,0,0
weibull,wei_hazard_dec,1000,P3w,3,2,A,shape,0.7,300,291,0.97,0.0006691157005538351,0.0009558795722197645,0.02906502979005649,0.041521471128652135,0.029107382526926396,0,9,0,0
weibull,wei_hazard_dec,1000,P3w,3,2,A,scale,500.0,300,291,0.97,0.058405902633523965,0.00011681180526704793,26.12386144891609,0.05224772289783218,26.168798425107678,0,9,0,0
weibull,wei_hazard_dec,1000,P3w,3,2,B,shape,0.7,300,300,1.0,0.0020985004026404797,0.002997857718057828,0.02308592033737827,0.03297988619625467,0.02302875940535498,0,0,0,0
weibull,wei_hazard_dec,1000,P3w,3,2,B,scale,500.0,300,300,1.0,-0.36635357351389075,-0.0007327071470277815,25.75528694930726,0.05151057389861452,25.795709974281667,0,0,0,0
weibull,wei_hazard_dec,1000,P3w,3,2,Bg,shape,0.7,300,300,1.0,0.00107818446498964,0.0015402635214137714,0.029032350528540283,0.041474786469343265,0.029060798259104015,0,0,0,0
weibull,wei_hazard_dec,1000,P3w,3,2,Bg,scale,500.0,300,300,1.0,0.027949762501634723,5.589952500326944e-05,26.191477655755715,0.05238295531151143,26.235224615737287,0,0,0,0
weibull,wei_hazard_dec,1000,P3w,3,2,C,shape,0.7,300,300,1.0,0.0019343286729871512,0.0027633266756959306,0.023057819020794096,0.03293974145827728,0.023014930240181527,0,0,0,0
weibull,wei_hazard_dec,1000,P3w,3,2,C,scale,500.0,300,300,1.0,0.5092304961798391,0.001018460992359678,25.657461566747063,0.051314923133494124,25.69526884768307,0,0,0,0
weibull,wei_hazard_dec,1000,P3w,3,2,D,shape,0.7,300,300,1.0,0.0017924498589665383,0.0025606426556664835,0.021491697935013047,0.03070242562144721,0.02145260476344828,0,0,0,0
weibull,wei_hazard_dec,1000,P3w,3,2,D,scale,500.0,300,300,1.0,0.18136303633394846,0.00036272607266789694,25.808348962868404,0.05161669792573681,25.850832393232245,0,0,0,0
weibull,wei_hazard_dec,1000,P5,5,2,A,shape,0.7,300,297,0.99,0.0022356909274081627,0.0031938441820116613,0.034235101417658634,0.048907287739512334,0.034219681045874036,0,3,0,0
weibull,wei_hazard_dec,1000,P5,5,2,A,scale,500.0,300,297,0.99,0.8944316294014811,0.0017888632588029623,27.426409278147194,0.05485281855629439,27.458085479802097,0,3,0,0
weibull,wei_hazard_dec,1000,P5,5,2,B,shape,0.7,300,300,1.0,0.0014017832971560118,0.002002547567365731,0.021826667136738497,0.031180953052483567,0.021818000650696064,0,0,0,0
weibull,wei_hazard_dec,1000,P5,5,2,B,scale,500.0,300,300,1.0,-0.2804413040777831,-0.0005608826081555662,24.600554707335682,0.049201109414671367,24.64005721005192,0,0,0,0
weibull,wei_hazard_dec,1000,P5,5,2,Bg,shape,0.7,300,300,1.0,0.0023255497196520425,0.003322213885217204,0.03409183773670109,0.048702625338144415,0.0340692569088524,0,0,0,0
weibull,wei_hazard_dec,1000,P5,5,2,Bg,scale,500.0,300,300,1.0,0.9570283115800748,0.0019140566231601497,27.379831557543866,0.05475966311508773,27.408820070477837,0,0,0,0
weibull,wei_hazard_dec,1000,P5,5,2,C,shape,0.7,300,300,1.0,0.0016106326598031018,0.002300903799718717,0.021780763265395568,0.031115376093422242,0.021757423156240567,0,0,0,0
weibull,wei_hazard_dec,1000,P5,5,2,C,scale,500.0,300,300,1.0,0.758766423230611,0.0015175328464612221,24.531217142331993,0.04906243428466399,24.560448014809936,0,0,0,0
weibull,wei_hazard_dec,1000,P5,5,2,D,shape,0.7,300,300,1.0,0.0011601389466174838,0.0016573413523106914,0.021069543917236002,0.03009934845319429,0.021072730206741087,0,0,0,0
weibull,wei_hazard_dec,1000,P5,5,2,D,scale,500.0,300,300,1.0,0.7484035733509131,0.0014968071467018262,24.65768011113208,0.04931536022226416,24.687499996446835,0,0,0,0
weibull,wei_hazard_dec,1000,Pmk,2,2,A,shape,0.7,300,296,0.9866666666666667,0.0007688481499119604,0.0010983544998742292,0.026459227210987268,0.037798896015696096,0.026492843602230195,0,4,0,0
weibull,wei_hazard_dec,1000,Pmk,2,2,A,scale,500.0,300,296,0.9866666666666667,1.3339656221198197,0.0026679312442396395,26.816482450747042,0.053632964901494086,26.828640335110833,0,4,0,0
weibull,wei_hazard_dec,1000,Pmk,2,2,B,shape,0.7,300,300,1.0,0.0010321684034977352,0.0014745262907110504,0.026416448822348428,0.037737784031926326,0.02644038027590291,0,0,0,0
weibull,wei_hazard_dec,1000,Pmk,2,2,B,scale,500.0,300,300,1.0,1.5412819326416525,0.003082563865283305,26.943093579847698,0.0538861871596954,26.943916886386017,0,0,0,0
weibull,wei_hazard_dec,1000,Pmk,2,2,Bg,shape,0.7,300,300,1.0,0.0010330581120341353,0.0014757973029059077,0.026417866775967434,0.03773980967995348,0.0264417668226919,0,0,0,0
weibull,wei_hazard_dec,1000,Pmk,2,2,Bg,scale,500.0,300,300,1.0,1.5417799316220453,0.0030835598632440904,26.943327597858733,0.05388665519571747,26.944123093026384,0,0,0,0
weibull,wei_hazard_dec,1000,Pmk,2,2,C,shape,0.7,300,300,1.0,0.0010320999032518152,0.0014744284332168789,0.026416493049640246,0.03773784721377178,0.026440427293881037,0,0,0,0
weibull,wei_hazard_dec,1000,Pmk,2,2,C,scale,500.0,300,300,1.0,1.541299224468446,0.003082598448936892,26.943129665403657,0.05388625933080731,26.943952099060418,0,0,0,0
weibull,wei_hazard_dec,1000,Pmk,2,2,D,shape,0.7,300,300,1.0,0.0010356527307398,0.0014795039010568572,0.02641643249274581,0.03773776070392259,0.026440227201115277,0,0,0,0
weibull,wei_hazard_dec,1000,Pmk,2,2,D,scale,500.0,300,300,1.0,1.5380759890957734,0.003076151978191547,26.942280337488253,0.0538845606749765,26.943284766628313,0,0,0,0
weibull,wei_hazard_dec,10000,P3c,3,2,A,shape,0.7,300,295,0.9833333333333333,-0.0003608398331776952,-0.000515485475968136,0.010212733174932048,0.014589618821331498,0.010223699539335536,0,5,0,0
weibull,wei_hazard_dec,10000,P3c,3,2,A,scale,500.0,300,295,0.9833333333333333,0.23704585290369096,0.00047409170580738194,8.087206738051682,0.016174413476103364,8.09746811354095,0,5,0,0
weibull,wei_hazard_dec,10000,P3c,3,2,B,shape,0.7,300,300,1.0,-6.210048426102954e-05,-8.87149775157565e-05,0.009554739983798336,0.013649628548283338,0.009570502324171518,0,0,0,0
weibull,wei_hazard_dec,10000,P3c,3,2,B,scale,500.0,300,300,1.0,0.13718660117319814,0.00027437320234639627,8.040653646781813,0.016081307293563624,8.052915978481696,0,0,0,0
weibull,wei_hazard_dec,10000,P3c,3,2,Bg,shape,0.7,300,300,1.0,-0.00031818683899376143,-0.0004545526271339449,0.01014437269076725,0.014491960986810357,0.010156322697073936,0,0,0,0
weibull,wei_hazard_dec,10000,P3c,3,2,Bg,scale,500.0,300,300,1.0,0.1787729662578954,0.0003575459325157908,8.032271645135012,0.016064543290270024,8.043699294202913,0,0,0,0
weibull,wei_hazard_dec,10000,P3c,3,2,C,shape,0.7,300,300,1.0,-7.006203002890565e-05,-0.00010008861432700808,0.009553916952525832,0.013648452789322618,0.009569622739636708,0,0,0,0
weibull,wei_hazard_dec,10000,P3c,3,2,C,scale,500.0,300,300,1.0,0.1773113039294003,0.00035462260785880064,8.038925529989687,0.016077851059979373,8.050398380941052,0,0,0,0
weibull,wei_hazard_dec,10000,P3c,3,2,D,shape,0.7,300,300,1.0,-0.00017309998356829226,-0.0002472856908118461,0.00913668846864299,0.013052412098061414,0.009150311830243348,0,0,0,0
weibull,wei_hazard_dec,10000,P3c,3,2,D,scale,500.0,300,300,1.0,0.18279832578377864,0.0003655966515675573,8.059906798360817,0.016119813596721634,8.071296993309122,0,0,0,0
weibull,wei_hazard_dec,10000,P3w,3,2,A,shape,0.7,300,290,0.9666666666666667,0.00014695349322912943,0.0002099335617558992,0.0084857676979368,0.012122525282766859,0.008499161539617196,0,10,0,0
weibull,wei_hazard_dec,10000,P3w,3,2,A,scale,500.0,300,290,0.9666666666666667,-0.01348682509609489,-2.697365019218978e-05,8.189762219023343,0.016379524438046685,8.203907997736813,0,10,0,0
weibull,wei_hazard_dec,10000,P3w,3,2,B,shape,0.7,300,300,1.0,0.0005485924979150569,0.0007837035684500813,0.007478081147798769,0.010682973068283957,0.007470392658972174,0,0,0,0
weibull,wei_hazard_dec,10000,P3w,3,2,B,scale,500.0,300,300,1.0,0.01004345597698375,2.0086911953967502e-05,7.815639213553866,0.015631278427107733,7.828691470860206,0,0,0,0
weibull,wei_hazard_dec,10000,P3w,3,2,Bg,shape,0.7,300,300,1.0,0.00012324881014835753,0.0001760697287833679,0.008486641309687525,0.012123773299553608,0.008499924677027572,0,0,0,0
weibull,wei_hazard_dec,10000,P3w,3,2,Bg,scale,500.0,300,300,1.0,-0.05639371217966982,-0.00011278742435933964,8.200005354265933,0.016400010708531865,8.213512047823942,0,0,0,0
weibull,wei_hazard_dec,10000,P3w,3,2,C,shape,0.7,300,300,1.0,0.0005320548338144659,0.0007600783340206657,0.007475836747401502,0.010679766782002147,0.0074693388464860495,0,0,0,0
weibull,wei_hazard_dec,10000,P3w,3,2,C,scale,500.0,300,300,1.0,0.10031711242589836,0.0002006342248517967,7.812886467823028,0.015625772935646057,7.825295453367134,0,0,0,0
weibull,wei_hazard_dec,10000,P3w,3,2,D,shape,0.7,300,300,1.0,0.0003795718950357907,0.0005422455643368439,0.006471550267314561,0.009245071810449373,0.006471203620130397,0,0,0,0
weibull,wei_hazard_dec,10000,P3w,3,2,D,scale,500.0,300,300,1.0,-0.026141847147471253,-5.228369429494251e-05,8.037929116761148,0.016075858233522297,8.051316668111191,0,0,0,0
weibull,wei_hazard_dec,10000,P5,5,2,A,shape,0.7,300,297,0.99,0.0004505299723847056,0.0006436142462638652,0.010320932206371806,0.014744188866245438,0.0103284969395054,0,3,0,0
weibull,wei_hazard_dec,10000,P5,5,2,A,scale,500.0,300,297,0.99,0.15211003251380362,0.0003042200650276072,8.493770468718052,0.016987540937436103,8.506741522932415,0,3,0,0
weibull,wei_hazard_dec,10000,P5,5,2,B,shape,0.7,300,300,1.0,0.0003619072357512465,0.0005170103367874951,0.007126612926131133,0.010180875608758761,0.007129309817919019,0,0,0,0
weibull,wei_hazard_dec,10000,P5,5,2,B,scale,500.0,300,300,1.0,-0.006818502297562645,-1.363700459512529e-05,7.420368821950913,0.014840737643901827,7.432763969697841,0,0,0,0
weibull,wei_hazard_dec,10000,P5,5,2,Bg,shape,0.7,300,300,1.0,0.0004760964382360955,0.0006801377689087079,0.010319435470315347,0.01474205067187907,0.010325670867813035,0,0,0,0
weibull,wei_hazard_dec,10000,P5,5,2,Bg,scale,500.0,300,300,1.0,0.24577027317855027,0.0004915405463571006,8.511093148873485,0.01702218629774697,8.521758707362658,0,0,0,0
weibull,wei_hazard_dec,10000,P5,5,2,C,shape,0.7,300,300,1.0,0.0003940827460287011,0.000562975351469573,0.00713315474463005,0.010190221063757216,0.007134160747091317,0,0,0,0
weibull,wei_hazard_dec,10000,P5,5,2,C,scale,500.0,300,300,1.0,0.10625635260385025,0.0002125127052077005,7.417140898058552,0.014834281796117104,7.428771376866432,0,0,0,0
weibull,wei_hazard_dec,10000,P5,5,2,D,shape,0.7,300,300,1.0,0.00013558222817322552,0.00019368889739032217,0.006884259080363309,0.009834655829090442,0.006894424135403265,0,0,0,0
weibull,wei_hazard_dec,10000,P5,5,2,D,scale,500.0,300,300,1.0,0.10738881127173272,0.00021477762254346543,7.570730432610329,0.015141460865220658,7.582616997331897,0,0,0,0
weibull,wei_hazard_dec,10000,Pmk,2,2,A,shape,0.7,300,297,0.99,-0.00014430788537822536,-0.00020615412196889338,0.009453179234823793,0.01350454176403399,0.009468030586859388,0,3,0,0
weibull,wei_hazard_dec,10000,Pmk,2,2,A,scale,500.0,300,297,0.99,0.32788531878168214,0.0006557706375633643,8.087731627567136,0.016175463255134272,8.094721450495953,0,3,0,0
weibull,wei_hazard_dec,10000,Pmk,2,2,B,shape,0.7,300,300,1.0,-8.510111783299745e-05,-0.00012157302547571065,0.009444136347633417,0.013491623353762026,0.009459531963527456,0,0,0,0
weibull,wei_hazard_dec,10000,Pmk,2,2,B,scale,500.0,300,300,1.0,0.2668703724420425,0.000533740744884085,8.123763054125105,0.01624752610825021,8.132944669297846,0,0,0,0
weibull,wei_hazard_dec,10000,Pmk,2,2,Bg,shape,0.7,300,300,1.0,-8.211499622789997e-05,-0.00011730713746842853,0.009443901127040522,0.013491287324343603,0.00945932282207448,0,0,0,0
weibull,wei_hazard_dec,10000,Pmk,2,2,Bg,scale,500.0,300,300,1.0,0.26802468725207973,0.0005360493745041595,8.123848050653741,0.016247696101307482,8.132991768150474,0,0,0,0
weibull,wei_hazard_dec,10000,Pmk,2,2,C,shape,0.7,300,300,1.0,-8.506361993287914e-05,-0.00012151945704697022,0.009444179571035135,0.013491685101478764,0.009459575599302418,0,0,0,0
weibull,wei_hazard_dec,10000,Pmk,2,2,C,scale,500.0,300,300,1.0,0.26675186758393465,0.0005335037351678693,8.123765329105897,0.016247530658211794,8.132950850006345,0,0,0,0
weibull,wei_hazard_dec,10000,Pmk,2,2,D,shape,0.7,300,300,1.0,-8.415846166331953e-05,-0.00012022637380474219,0.009442584733436364,0.01348940676205195,0.009457986156784597,0,0,0,0
weibull,wei_hazard_dec,10000,Pmk,2,2,D,scale,500.0,300,300,1.0,0.26488176199063673,0.0005297635239812735,8.122853597416945,0.01624570719483389,8.132098435651436,0,0,0,0
weibull,wei_ligera,100,P3c,3,2,A,shape,2.5,300,299,0.9966666666666667,0.06894008833194887,0.027576035332779546,0.34471863475900416,0.13788745390360166,0.33832087450698783,0,1,0,0
weibull,wei_ligera,100,P3c,3,2,A,scale,800.0,300,299,0.9966666666666667,-1.8899743854860844,-0.0023624679818576057,39.10759899029638,0.04888449873787048,39.12738859431777,0,1,0,0
weibull,wei_ligera,100,P3c,3,2,B,shape,2.5,300,300,1.0,0.07926553934451253,0.03170621573780501,0.3566074481575938,0.14264297926303754,0.34826734966598927,0,0,0,0
weibull,wei_ligera,100,P3c,3,2,B,scale,800.0,300,300,1.0,-2.9115605433652263,-0.003639450679206533,39.17272376189217,0.04896590470236521,39.129641769523026,0,0,0,0
weibull,wei_ligera,100,P3c,3,2,Bg,shape,2.5,300,300,1.0,0.0676800297274025,0.027072011890961,0.3446075005818582,0.13784300023274326,0.3384606255043008,0,0,0,0
weibull,wei_ligera,100,P3c,3,2,Bg,scale,800.0,300,300,1.0,-1.9291533881031455,-0.002411441735128932,39.05031972892823,0.048812899661160286,39.06780622303091,0,0,0,0
weibull,wei_ligera,100,P3c,3,2,C,shape,2.5,300,300,1.0,0.07834682225937906,0.031338728903751625,0.35627535469786553,0.1425101418791462,0.3481348830500444,0,0,0,0
weibull,wei_ligera,100,P3c,3,2,C,scale,800.0,300,300,1.0,-2.3704105751360203,-0.0029630132189200254,39.20235372111213,0.049002942151390165,39.19600464649389,0,0,0,0
weibull,wei_ligera,100,P3c,3,2,D,shape,2.5,300,300,1.0,0.05328055856868641,0.021312223427474564,0.3387482171633474,0.13549928686533896,0.3350907679807192,0,0,0,0
weibull,wei_ligera,100,P3c,3,2,D,scale,800.0,300,300,1.0,-1.6768244663829819,-0.0020960305829787274,39.3317373501096,0.049164671687636996,39.36163466666987,0,0,0,0
weibull,wei_ligera,100,P3w,3,2,A,shape,2.5,300,295,0.9833333333333333,0.053337978818897014,0.021335191527558806,0.2562995207561125,0.102519808302445,0.25111404017470423,0,5,0,0
weibull,wei_ligera,100,P3w,3,2,A,scale,800.0,300,295,0.9833333333333333,-0.9718210905704154,-0.0012147763632130192,39.33629682234796,0.04917037102793495,39.39111162138082,0,5,0,0
weibull,wei_ligera,100,P3w,3,2,B,shape,2.5,300,300,1.0,0.07307938262289637,0.029231753049158548,0.29493965936770616,0.11797586374708247,0.2862199843386977,0,0,0,0
weibull,wei_ligera,100,P3w,3,2,B,scale,800.0,300,300,1.0,-2.6845946198152433,-0.0033557432747690543,38.99283604994223,0.04874104506242778,38.9653076330908,0,0,0,0
weibull,wei_ligera,100,P3w,3,2,Bg,shape,2.5,300,300,1.0,0.05241981824280861,0.020967927297123445,0.2580365757790525,0.103214630311621,0.25307811482329184,0,0,0,0
weibull,wei_ligera,100,P3w,3,2,Bg,scale,800.0,300,300,1.0,-1.0427467368319867,-0.0013034334210399834,39.1607229394184,0.048950903674272996,39.212245976170536,0,0,0,0
weibull,wei_ligera,100,P3w,3,2,C,shape,2.5,300,300,1.0,0.07116349751987228,0.02846539900794891,0.29382118172736804,0.11752847269094721,0.2855493621890292,0,0,0,0
weibull,wei_ligera,100,P3w,3,2,C,scale,800.0,300,300,1.0,-1.482603944449238,-0.0018532549305615474,39.0742675811627,0.04884283447645338,39.1113700874216,0,0,0,0
weibull,wei_ligera,100,P3w,3,2,D,shape,2.5,300,300,1.0,0.06694370004255656,0.026777480017022626,0.26453812917083724,0.1058152516683349,0.2563552669365422,0,0,0,0
weibull,wei_ligera,100,P3w,3,2,D,scale,800.0,300,300,1.0,-2.868639321959563,-0.003585799152449454,38.98710645237675,0.04873388306547094,38.946391995506985,0,0,0,0
weibull,wei_ligera,100,P5,5,2,A,shape,2.5,300,300,1.0,0.05328605563828415,0.02131442225531366,0.2490814853211443,0.09963259412845772,0.24372152800895086,0,0,0,0
weibull,wei_ligera,100,P5,5,2,A,scale,800.0,300,300,1.0,-0.8007006153331986,-0.0010008757691664983,37.23811815402501,0.04654764769253126,37.29171349189528,0,0,0,0
weibull,wei_ligera,100,P5,5,2,B,shape,2.5,300,300,1.0,0.06466327772955793,0.025865311091823173,0.2823675093815225,0.112947003752609,0.2753229861270103,0,0,0,0
weibull,wei_ligera,100,P5,5,2,B,scale,800.0,300,300,1.0,-2.7878698955609025,-0.0034848373694511283,37.07740761772782,0.046346759522159775,37.03422357968911,0,0,0,0
weibull,wei_ligera,100,P5,5,2,Bg,shape,2.5,300,300,1.0,0.053286053132315825,0.02131442125292633,0.24908160332382157,0.09963264132952862,0.24372164955981948,0,0,0,0
weibull,wei_ligera,100,P5,5,2,Bg,scale,800.0,300,300,1.0,-0.8006831464538209,-0.0010008539330672761,37.238125343774364,0.046547656679717955,37.291721071652375,0,0,0,0
weibull,wei_ligera,100,P5,5,2,C,shape,2.5,300,300,1.0,0.06675836979467586,0.026703347917870345,0.2812792706148344,0.11251170824593375,0.2736988338401451,0,0,0,0
weibull,wei_ligera,100,P5,5,2,C,scale,800.0,300,300,1.0,-1.390529943976162,-0.0017381624299702026,37.01871329405048,0.046273391617563095,37.05439679030899,0,0,0,0
weibull,wei_ligera,100,P5,5,2,D,shape,2.5,300,300,1.0,0.0595737283643305,0.0238294913457322,0.264378241238829,0.10575129649553161,0.2580091491908702,0,0,0,0
weibull,wei_ligera,100,P5,5,2,D,scale,800.0,300,300,1.0,-1.9788276614910956,-0.0024735345768638695,37.373414435884925,0.04671676804485616,37.3833482999617,0,0,0,0
weibull,wei_ligera,100,Pmk,2,2,A,shape,2.5,300,290,0.9666666666666667,0.08102194699474996,0.03240877879789998,0.35362957464184414,0.14145182985673765,0.3448178037952603,0,10,0,0
weibull,wei_ligera,100,Pmk,2,2,A,scale,800.0,300,290,0.9666666666666667,-0.8303045523473429,-0.0010378806904341787,40.09838467929935,0.050122980849124185,40.15908692860447,0,10,0,0
weibull,wei_ligera,100,Pmk,2,2,B,shape,2.5,300,300,1.0,0.07577261798271273,0.030309047193085092,0.3522931941097513,0.14091727764390052,0.3446228198188513,0,0,0,0
weibull,wei_ligera,100,Pmk,2,2,B,scale,800.0,300,300,1.0,-0.7859883427431669,-0.0009824854284289585,39.9192076815185,0.04989900960189812,39.97815495773527,0,0,0,0
weibull,wei_ligera,100,Pmk,2,2,Bg,shape,2.5,300,300,1.0,0.07577775841954937,0.030311103367819746,0.35229606792319473,0.14091842716927788,0.34462463337591565,0,0,0,0
weibull,wei_ligera,100,Pmk,2,2,Bg,scale,800.0,300,300,1.0,-0.786250631252642,-0.0009828132890658025,39.91923435943979,0.04989904294929974,39.978176510596896,0,0,0,0
weibull,wei_ligera,100,Pmk,2,2,C,shape,2.5,300,300,1.0,0.0757715517635682,0.03030862070542728,0.35228756754548934,0.14091502701819575,0.34461728400052477,0,0,0,0
weibull,wei_ligera,100,Pmk,2,2,C,scale,800.0,300,300,1.0,-0.7861957280564411,-0.0009827446600705514,39.91927166357994,0.04989908957947493,39.97821496766983,0,0,0,0
weibull,wei_ligera,100,Pmk,2,2,D,shape,2.5,300,300,1.0,0.07578202972625459,0.030312811890501834,0.3522980486741783,0.14091921946967131,0.3446257226313788,0,0,0,0
weibull,wei_ligera,100,Pmk,2,2,D,scale,800.0,300,300,1.0,-0.7865924179011472,-0.000983240522376434,39.91943064957366,0.04989928831196708,39.97836642101824,0,0,0,0
weibull,wei_ligera,1000,P3c,3,2,A,shape,2.5,300,299,0.9966666666666667,0.0032053514599343913,0.0012821405839737565,0.10370599217754582,0.04148239687101833,0.10383021928452954,0,1,0,0
weibull,wei_ligera,1000,P3c,3,2,A,scale,800.0,300,299,0.9966666666666667,-0.6392674138027132,-0.0007990842672533915,11.556261678084278,0.014445327097605347,11.557910481869204,0,1,0,0
weibull,wei_ligera,1000,P3c,3,2,B,shape,2.5,300,300,1.0,0.0018158926385405394,0.0007263570554162157,0.10575054392489597,0.04230021756995839,0.10591161870916378,0,0,0,0
weibull,wei_ligera,1000,P3c,3,2,B,scale,800.0,300,300,1.0,-0.5899512843676575,-0.000737439105459572,11.621562692211626,0.014526953365264533,11.625971828666533,0,0,0,0
weibull,wei_ligera,1000,P3c,3,2,Bg,shape,2.5,300,300,1.0,0.0031920203640503075,0.001276808145620123,0.10353368650187686,0.041413474600750746,0.10365737512622018,0,0,0,0
weibull,wei_ligera,1000,P3c,3,2,Bg,scale,800.0,300,300,1.0,-0.5819568845196272,-0.000727446105649534,11.576484597302514,0.014470605746628142,11.581165736467451,0,0,0,0
weibull,wei_ligera,1000,P3c,3,2,C,shape,2.5,300,300,1.0,0.0017349691489783048,0.000693987659591322,0.10574922872264635,0.04229969148905854,0.10591166220704022,0,0,0,0
weibull,wei_ligera,1000,P3c,3,2,C,scale,800.0,300,300,1.0,-0.5405178325559064,-0.0006756472906948829,11.613907309663935,0.014517384137079918,11.620706498972941,0,0,0,0
weibull,wei_ligera,1000,P3c,3,2,D,shape,2.5,300,300,1.0,0.0017061864378549174,0.000682474575141967,0.10358783998362074,0.041435135993448294,0.10374684354457747,0,0,0,0
weibull,wei_ligera,1000,P3c,3,2,D,scale,800.0,300,300,1.0,-0.45716849158861805,-0.0005714606144857726,11.62240820509412,0.01452801025636765,11.632817555105568,0,0,0,0
weibull,wei_ligera,1000,P3w,3,2,A,shape,2.5,300,299,0.9966666666666667,0.00640734196605397,0.002562936786421588,0.07660839729100875,0.0306433589164035,0.07646795966359424,0,1,0,0
weibull,wei_ligera,1000,P3w,3,2,A,scale,800.0,300,299,0.9966666666666667,-0.6942774026124425,-0.0008678467532655531,11.635049061102205,0.014543811326377755,11.63378719163009,0,1,0,0
weibull,wei_ligera,1000,P3w,3,2,B,shape,2.5,300,300,1.0,0.005212941925523573,0.0020851767702094294,0.08575958235634247,0.034303832942536985,0.08574402600609861,0,0,0,0
weibull,wei_ligera,1000,P3w,3,2,B,scale,800.0,300,300,1.0,-0.8104753185717755,-0.0010130941482147193,11.620895274382448,0.01452611909297806,11.611967794320568,0,0,0,0
weibull,wei_ligera,1000,P3w,3,2,Bg,shape,2.5,300,300,1.0,0.0062652534193961,0.0025061013677584397,0.07650900609890474,0.030603602439561894,0.07637945196697588,0,0,0,0
weibull,wei_ligera,1000,P3w,3,2,Bg,scale,800.0,300,300,1.0,-0.6637336908735278,-0.0008296671135919098,11.625869930965496,0.01453233741370687,11.626301167415429,0,0,0,0
weibull,wei_ligera,1000,P3w,3,2,C,shape,2.5,300,300,1.0,0.0050468487123898065,0.0020187394849559225,0.08572534123424962,0.034290136493699844,0.08571963778588464,0,0,0,0
weibull,wei_ligera,1000,P3w,3,2,C,scale,800.0,300,300,1.0,-0.6960119418619115,-0.0008700149273273894,11.611726796895068,0.014514658496118835,11.61021490828537,0,0,0,0
weibull,wei_ligera,1000,P3w,3,2,D,shape,2.5,300,300,1.0,0.008052635889848503,0.0032210543559394013,0.07722814041859279,0.030891256167437115,0.07693549872644637,0,0,0,0
weibull,wei_ligera,1000,P3w,3,2,D,scale,800.0,300,300,1.0,-0.5087619071508698,-0.0006359523839385873,11.766173550803966,0.014707716938504957,11.77481019805153,0,0,0,0
weibull,wei_ligera,1000,P5,5,2,A,shape,2.5,300,298,0.9933333333333333,0.004310464518193058,0.0017241858072772232,0.07437018856513869,0.029748075426055474,0.07437005396325629,0,2,0,0
weibull,wei_ligera,1000,P5,5,2,A,scale,800.0,300,298,0.9933333333333333,-0.7473249289035948,-0.0009341561611294935,11.127480105229056,0.01390935013153632,11.121031588203179,0,2,0,0
weibull,wei_ligera,1000,P5,5,2,B,shape,2.5,300,300,1.0,0.0036267901819262427,0.001450716072770497,0.08141417302813997,0.03256566921125599,0.08146924628225177,0,0,0,0
weibull,wei_ligera,1000,P5,5,2,B,scale,800.0,300,300,1.0,-0.9298829549206857,-0.001162353693650857,11.144666366896455,0.013930832958620569,11.124361142210466,0,0,0,0
weibull,wei_ligera,1000,P5,5,2,Bg,shape,2.5,300,300,1.0,0.00447263131458886,0.001789052525835544,0.07416175699144534,0.029664702796578134,0.07415045111472357,0,0,0,0
weibull,wei_ligera,1000,P5,5,2,Bg,scale,800.0,300,300,1.0,-0.7477632073764653,-0.0009347040092205816,11.116229216619395,0.013895286520774243,11.109581970261676,0,0,0,0
weibull,wei_ligera,1000,P5,5,2,C,shape,2.5,300,300,1.0,0.003909557993233115,0.001563823197293246,0.08144859942391326,0.0325794397695653,0.08149064643217901,0,0,0,0
weibull,wei_ligera,1000,P5,5,2,C,scale,800.0,300,300,1.0,-0.7882976563003012,-0.0009853720703753765,11.119183398671423,0.013898979248339279,11.109736589225163,0,0,0,0
weibull,wei_ligera,1000,P5,5,2,D,shape,2.5,300,300,1.0,0.004098201818437008,0.0016392807273748033,0.07851665797367742,0.03140666318947097,0.07854064189519015,0,0,0,0
weibull,wei_ligera,1000,P5,5,2,D,scale,800.0,300,300,1.0,-0.649469978037132,-0.000811837472546415,11.13576652529165,0.013919708156614563,11.135385379287602,0,0,0,0
weibull,wei_ligera,1000,Pmk,2,2,A,shape,2.5,300,293,0.9766666666666667,0.001750053488007719,0.0007000213952030876,0.10458557258443386,0.04183422903377355,0.10474983631173136,0,7,0,0
weibull,wei_ligera,1000,Pmk,2,2,A,scale,800.0,300,293,0.9766666666666667,-0.8087753598360905,-0.0010109691997951132,11.96436657459443,0.014955458218243038,11.95742179897303,0,7,0,0
weibull,wei_ligera,1000,Pmk,2,2,B,shape,2.5,300,300,1.0,0.0019439706464177142,0.0007775882585670857,0.10500702004315023,0.04200280801726009,0.10516444474216644,0,0,0,0
weibull,wei_ligera,1000,Pmk,2,2,B,scale,800.0,300,300,1.0,-0.7840225903140663,-0.0009800282378925828,11.909299880908051,0.014886624851135065,11.903320082841967,0,0,0,0
weibull,wei_ligera,1000,Pmk,2,2,Bg,shape,2.5,300,300,1.0,0.0019453546524945686,0.0007781418609978275,0.10501035421427991,0.04200414168571197,0.10516775937929246,0,0,0,0
weibull,wei_ligera,1000,Pmk,2,2,Bg,scale,800.0,300,300,1.0,-0.7840842118818045,-0.0009801052648522558,11.90949798863743,0.014886872485796787,11.90351488056123,0,0,0,0
weibull,wei_ligera,1000,Pmk,2,2,C,shape,2.5,300,300,1.0,0.0019454128399774007,0.0007781651359909603,0.10500616635425566,0.04200246654170227,0.10516356272198528,0,0,0,0
weibull,wei_ligera,1000,Pmk,2,2,C,scale,800.0,300,300,1.0,-0.7843450125502613,-0.0009804312656878267,11.909577521384081,0.014886971901730101,11.903577480260846,0,0,0,0
weibull,wei_ligera,1000,Pmk,2,2,D,shape,2.5,300,300,1.0,0.0019478918899493713,0.0007791567559797486,0.10501237688284282,0.04200495075313713,0.10516973865549685,0,0,0,0
weibull,wei_ligera,1000,Pmk,2,2,D,scale,800.0,300,300,1.0,-0.7844664063200071,-0.000980583007900009,11.90962901072244,0.01488703626340305,11.903621141681182,0,0,0,0
weibull,wei_ligera,10000,P3c,3,2,A,shape,2.5,300,293,0.9766666666666667,-0.0017426493185350722,-0.0006970597274140288,0.030482417975013318,0.012192967190005326,0.030484630465816398,0,7,0,0
weibull,wei_ligera,10000,P3c,3,2,A,scale,800.0,300,293,0.9766666666666667,-0.4318386987673648,-0.000539798373459206,3.850215799390287,0.004812769749237858,3.8324673607326085,0,7,0,0
weibull,wei_ligera,10000,P3c,3,2,B,shape,2.5,300,300,1.0,-0.0024433566172561427,-0.0009773426469024571,0.03260092809918044,0.013040371239672176,0.03256355537248915,0,0,0,0
weibull,wei_ligera,10000,P3c,3,2,B,scale,800.0,300,300,1.0,-0.3745343948542086,-0.00046816799356776074,3.8823235226395734,0.004852904403299467,3.8706718093500885,0,0,0,0
weibull,wei_ligera,10000,P3c,3,2,Bg,shape,2.5,300,300,1.0,-0.002164902054337947,-0.0008659608217351789,0.030767678274571098,0.01230707130982844,0.030742700014527835,0,0,0,0
weibull,wei_ligera,10000,P3c,3,2,Bg,scale,800.0,300,300,1.0,-0.37832816144168646,-0.00047291020180210806,3.8400487583286154,0.004800060947910769,3.8277514556139196,0,0,0,0
weibull,wei_ligera,10000,P3c,3,2,C,shape,2.5,300,300,1.0,-0.0024537516136136084,-0.0009815006454454434,0.03259376600752672,0.013037506403010688,0.03255557664683759,0,0,0,0
weibull,wei_ligera,10000,P3c,3,2,C,scale,800.0,300,300,1.0,-0.36883049960522385,-0.0004610381245065298,3.88276910912734,0.004853461386409175,3.871669679139629,0,0,0,0
weibull,wei_ligera,10000,P3c,3,2,D,shape,2.5,300,300,1.0,-0.002371980903187687,-0.0009487923612750748,0.03089178414632595,0.01235671365853038,0.030852047969047204,0,0,0,0
weibull,wei_ligera,10000,P3c,3,2,D,scale,800.0,300,300,1.0,-0.35747742621640555,-0.0004468467827705069,3.897552839859869,0.004871941049824836,3.8876093404376806,0,0,0,0
weibull,wei_ligera,10000,P3w,3,2,A,shape,2.5,300,297,0.99,-0.0021511998931460496,-0.0008604799572584198,0.024261694940651564,0.009704677976260626,0.02420692381844913,0,3,0,0
weibull,wei_ligera,10000,P3w,3,2,A,scale,800.0,300,297,0.99,-0.1374666009479597,-0.00017183325118494964,3.728632732920852,0.004660790916151065,3.7323866007184487,0,3,0,0
weibull,wei_ligera,10000,P3w,3,2,B,shape,2.5,300,300,1.0,-0.00164343225293484,-0.000657372901173936,0.027032165194275783,0.010812866077710313,0.027027245367613147,0,0,0,0
weibull,wei_ligera,10000,P3w,3,2,B,scale,800.0,300,300,1.0,-0.17316068835089027,-0.00021645086043861283,3.709172656478782,0.004636465820598477,3.711319191164878,0,0,0,0
weibull,wei_ligera,10000,P3w,3,2,Bg,shape,2.5,300,300,1.0,-0.002294045101681963,-0.0009176180406727852,0.02422068666594408,0.009688274666377632,0.02415208957995601,0,0,0,0
weibull,wei_ligera,10000,P3w,3,2,Bg,scale,800.0,300,300,1.0,-0.153572925969911,-0.00019196615746238876,3.714617895227126,0.004643272369033907,3.7176432096241006,0,0,0,0
weibull,wei_ligera,10000,P3w,3,2,C,shape,2.5,300,300,1.0,-0.0016635695614017898,-0.0006654278245607159,0.027028946296761874,0.01081157851870475,0.02702277883838206,0,0,0,0
weibull,wei_ligera,10000,P3w,3,2,C,scale,800.0,300,300,1.0,-0.15956775639142506,-0.00019945969548928132,3.709479956893096,0.0046368499461163695,3.712238596818752,0,0,0,0
weibull,wei_ligera,10000,P3w,3,2,D,shape,2.5,300,300,1.0,-0.0022039361494261556,-0.0008815744597704622,0.02439969691569935,0.00975987876627974,0.024340557735258516,0,0,0,0
weibull,wei_ligera,10000,P3w,3,2,D,scale,800.0,300,300,1.0,-0.21947289948639082,-0.00027434112435798853,3.8263793835074273,0.004782974229384284,3.8264627123779835,0,0,0,0
weibull,wei_ligera,10000,P5,5,2,A,shape,2.5,300,299,0.9966666666666667,-0.0025855642491152686,-0.0010342256996461075,0.022883733381260336,0.009153493352504134,0.022775314346139802,0,1,0,0
weibull,wei_ligera,10000,P5,5,2,A,scale,800.0,300,299,0.9966666666666667,-0.2602064506818351,-0.0003252580633522939,3.554297888978684,0.004442872361223355,3.550702974116888,0,1,0,0
weibull,wei_ligera,10000,P5,5,2,B,shape,2.5,300,300,1.0,-0.0018269093174065887,-0.0007307637269626354,0.025618006526548803,0.01024720261061952,0.025595476595434357,0,0,0,0
weibull,wei_ligera,10000,P5,5,2,B,scale,800.0,300,300,1.0,-0.2925518318314744,-0.00036568978978934296,3.5480533156716514,0.0044350666445895645,3.541879745320028,0,0,0,0
weibull,wei_ligera,10000,P5,5,2,Bg,shape,2.5,300,300,1.0,-0.002664146616238927,-0.0010656586464955708,0.022896060926610465,0.009158424370644186,0.022778530834659323,0,0,0,0
weibull,wei_ligera,10000,P5,5,2,Bg,scale,800.0,300,300,1.0,-0.25976110527722085,-0.00032470138159652607,3.548378648373882,0.004435473310467353,3.544770777729215,0,0,0,0
weibull,wei_ligera,10000,P5,5,2,C,shape,2.5,300,300,1.0,-0.0018045350928534987,-0.0007218140371413994,0.025613929172194325,0.01024557166887773,0.025592974724606806,0,0,0,0
weibull,wei_ligera,10000,P5,5,2,C,scale,800.0,300,300,1.0,-0.27700770617491344,-0.0003462596327186418,3.545824775606601,0.004432280969508251,3.540894404049273,0,0,0,0
weibull,wei_ligera,10000,P5,5,2,D,shape,2.5,300,300,1.0,-0.0024408192169365073,-0.0009763276867746029,0.0237051021896489,0.009482040875859559,0.0236185037014537,0,0,0,0
weibull,wei_ligera,10000,P5,5,2,D,scale,800.0,300,300,1.0,-0.3160544320982126,-0.0003950680401227657,3.628706653772089,0.004535883317215111,3.620956502785482,0,0,0,0
weibull,wei_ligera,10000,Pmk,2,2,A,shape,2.5,300,295,0.9833333333333333,-0.0024125729709694177,-0.000965029188387767,0.032293068048494494,0.012917227219397798,0.03225754207095701,0,5,0,0
weibull,wei_ligera,10000,Pmk,2,2,A,scale,800.0,300,295,0.9833333333333333,-0.4589299963133726,-0.0005736624953917158,3.848459378317057,0.004810574222896321,3.8274904032133263,0,5,0,0
weibull,wei_ligera,10000,Pmk,2,2,B,shape,2.5,300,300,1.0,-0.0024083810194404087,-0.0009633524077761635,0.032138821027473764,0.012855528410989506,0.0321020037805057,0,0,0,0
weibull,wei_ligera,10000,Pmk,2,2,B,scale,800.0,300,300,1.0,-0.4186598707711937,-0.0005233248384639922,3.852055983118928,0.00481506997889866,3.8356354807897377,0,0,0,0
weibull,wei_ligera,10000,Pmk,2,2,Bg,shape,2.5,300,300,1.0,-0.002408804154411026,-0.0009635216617644105,0.03213796286392611,0.012855185145570444,0.03210110990468234,0,0,0,0
weibull,wei_ligera,10000,Pmk,2,2,Bg,scale,800.0,300,300,1.0,-0.41876137182441653,-0.0005234517147805207,3.8520721182331803,0.004815090147791475,3.8356406219570025,0,0,0,0
weibull,wei_ligera,10000,Pmk,2,2,C,shape,2.5,300,300,1.0,-0.002406684425769079,-0.0009626737703076315,0.03213278731391093,0.01285311492556437,0.03209607062868914,0,0,0,0
weibull,wei_ligera,10000,Pmk,2,2,C,scale,800.0,300,300,1.0,-0.4189923214262308,-0.0005237404017827884,3.8521393503452805,0.004815174187931601,3.8356830627138208,0,0,0,0
weibull,wei_ligera,10000,Pmk,2,2,D,shape,2.5,300,300,1.0,-0.0024018395495191136,-0.0009607358198076455,0.03213515896691189,0.012854063586764755,0.03209881704142056,0,0,0,0
weibull,wei_ligera,10000,Pmk,2,2,D,scale,800.0,300,300,1.0,-0.4186636501855219,-0.0005233295627319023,3.8522642776800073,0.004815330347100009,3.8358449527374066,0,0,0,0
lognormal,lnorm_moderada,100,P3c,3,2,A,meanlog,7.0,300,300,1.0,-0.009218227119105471,-0.0013168895884436388,0.06077973537948596,0.008682819339926566,0.06017700080874246,0,0,0,0
lognormal,lnorm_moderada,100,P3c,3,2,A,sdlog,0.6,300,300,1.0,-0.009247876018298684,-0.015413126697164475,0.07080989228665656,0.1180164871444276,0.07032070087370657,0,0,0,0
lognormal,lnorm_moderada,100,P3c,3,2,B,meanlog,7.0,300,300,1.0,-0.010015557382445195,-0.001430793911777885,0.060454211563036125,0.00863631593757659,0.05971840530748298,0,0,0,0
lognormal,lnorm_moderada,100,P3c,3,2,B,sdlog,0.6,300,300,1.0,-0.01110377900661974,-0.018506298344366234,0.06785425659859158,0.1130904276643193,0.06705141712732303,0,0,0,0
lognormal,lnorm_moderada,100,P3c,3,2,Bg,meanlog,7.0,300,300,1.0,-0.00921806150763782,-0.0013168659296625457,0.060779716732545716,0.008682816676077959,0.06017700736589483,0,0,0,0
lognormal,lnorm_moderada,100,P3c,3,2,Bg,sdlog,0.6,300,300,1.0,-0.009248147557220587,-0.015413579262034313,0.0708099313515798,0.11801655225263301,0.07032070451191567,0,0,0,0
lognormal,lnorm_moderada,100,P3c,3,2,C,meanlog,7.0,300,300,1.0,-0.00909276183048835,-0.00129896597578405,0.060293774466187264,0.008613396352312466,0.059703791594638664,0,0,0,0
lognormal,lnorm_moderada,100,P3c,3,2,C,sdlog,0.6,300,300,1.0,-0.011103906258236207,-0.01850651043039368,0.06785377669894721,0.11308962783157869,0.06705090871357833,0,0,0,0
lognormal,lnorm_moderada,100,P3c,3,2,D,meanlog,7.0,300,300,1.0,-0.009524937205658723,-0.0013607053150941034,0.06107347370454046,0.008724781957791495,0.06042694886166167,0,0,0,0
lognormal,lnorm_moderada,100,P3c,3,2,D,sdlog,0.6,300,300,1.0,-0.007866288895890361,-0.013110481493150602,0.06755536607464789,0.11259227679107982,0.06720792613676427,0,0,0,0
lognormal,lnorm_moderada,100,P3w,3,2,A,meanlog,7.0,300,300,1.0,-0.009455558933564312,-0.0013507941333663303,0.06124964397809303,0.008749949139727575,0.06061649244679373,0,0,0,0
lognormal,lnorm_moderada,100,P3w,3,2,A,sdlog,0.6,300,300,1.0,-0.015178186032300034,-0.025296976720500058,0.06036966747687956,0.10061611246146593,0.05852809478905572,0,0,0,0
lognormal,lnorm_moderada,100,P3w,3,2,B,meanlog,7.0,300,300,1.0,-0.010099680355661,-0.001442811479380143,0.06328319474221332,0.00904045639174476,0.06257644844370074,0,0,0,0
lognormal,lnorm_moderada,100,P3w,3,2,B,sdlog,0.6,300,300,1.0,-0.01795993971966592,-0.029933232866109865,0.052423162892756274,0.08737193815459379,0.049332961020904245,0,0,0,0
lognormal,lnorm_moderada,100,P3w,3,2,Bg,meanlog,7.0,300,300,1.0,-0.009455367946440418,-0.0013507668494914884,0.06124947961373059,0.00874992565910437,0.06061635570162049,0,0,0,0
lognormal,lnorm_moderada,100,P3w,3,2,Bg,sdlog,0.6,300,300,1.0,-0.01517836120210081,-0.025297268670168016,0.060369827863516176,0.10061637977252696,0.05852821519634241,0,0,0,0
lognormal,lnorm_moderada,100,P3w,3,2,C,meanlog,7.0,300,300,1.0,-0.007975879634560812,-0.0011394113763658303,0.06278335853997762,0.008969051219996802,0.06237872879677861,0,0,0,0
lognormal,lnorm_moderada,100,P3w,3,2,C,sdlog,0.6,300,300,1.0,-0.017959872862517434,-0.029933121437529058,0.0524232454559209,0.08737207575986816,0.04933307347024588,0,0,0,0
lognormal,lnorm_moderada,100,P3w,3,2,D,meanlog,7.0,300,300,1.0,-0.010282756085626232,-0.0014689651550894617,0.06386529848623577,0.009123614069462254,0.06313738228253628,0,0,0,0
lognormal,lnorm_moderada,100,P3w,3,2,D,sdlog,0.6,300,300,1.0,-0.02237780903134856,-0.037296348385580935,0.05498819060644539,0.09164698434407566,0.0503127486632773,0,0,0,0
lognormal,lnorm_moderada,100,P5,5,2,A,meanlog,7.0,300,299,0.9966666666666667,-0.008251122981064007,-0.0011787318544377154,0.0583903215579041,0.008341474508272015,0.057901305688667574,0,1,0,0
lognormal,lnorm_moderada,100,P5,5,2,A,sdlog,0.6,300,299,0.9966666666666667,-0.014971410948609098,-0.024952351581015164,0.05965356180694881,0.09942260301158135,0.05784110620143621,0,1,0,0
lognormal,lnorm_moderada,100,P5,5,2,B,meanlog,7.0,300,300,1.0,-0.010531464723243289,-0.001504494960463327,0.059084226650370636,0.008440603807195805,0.058235200278643984,0,0,0,0
lognormal,lnorm_moderada,100,P5,5,2,B,sdlog,0.6,300,300,1.0,-0.01640634143685704,-0.027343902394761737,0.05038996057960547,0.08398326763267579,0.04772391428330097,0,0,0,0
lognormal,lnorm_moderada,100,P5,5,2,Bg,meanlog,7.0,300,300,1.0,-0.00821946133948881,-0.0011742087627841155,0.058292926384920785,0.00832756091213154,0.05780695924306639,0,0,0,0
lognormal,lnorm_moderada,100,P5,5,2,Bg,sdlog,0.6,300,300,1.0,-0.014801537748223015,-0.024669229580371693,0.05959044780063652,0.09931741300106087,0.05781937000574449,0,0,0,0
lognormal,lnorm_moderada,100,P5,5,2,C,meanlog,7.0,300,300,1.0,-0.007855569063505818,-0.0011222241519294027,0.05845144508622478,0.008350206440889255,0.0580179432574313,0,0,0,0
lognormal,lnorm_moderada,100,P5,5,2,C,sdlog,0.6,300,300,1.0,-0.01647288609349573,-0.02745481015582622,0.0505467472321412,0.08424457872023533,0.04786705753253938,0,0,0,0
lognormal,lnorm_moderada,100,P5,5,2,D,meanlog,7.0,300,300,1.0,-0.008890708681713377,-0.0012701012402447681,0.05876930433993038,0.008395614905704339,0.05818997630931978,0,0,0,0
lognormal,lnorm_moderada,100,P5,5,2,D,sdlog,0.6,300,300,1.0,-0.016127261740884302,-0.026878769568140504,0.0534415913436654,0.089069318906109,0.05103525354529404,0,0,0,0
lognormal,lnorm_moderada,100,Pmk,2,2,A,meanlog,7.0,300,291,0.97,-0.007554904230200776,-0.0010792720328858252,0.061043287287025974,0.008720469612432282,0.06067832216328061,0,9,0,0
lognormal,lnorm_moderada,100,Pmk,2,2,A,sdlog,0.6,300,291,0.97,-0.009576756173576229,-0.015961260289293715,0.06727428746315159,0.11212381243858599,0.0667038645679334,0,9,0,0
lognormal,lnorm_moderada,100,Pmk,2,2,B,meanlog,7.0,300,300,1.0,-0.007674913365799618,-0.0010964161951142312,0.06106657302285285,0.008723796146121836,0.060683581269581496,0,0,0,0
lognormal,lnorm_moderada,100,Pmk,2,2,B,sdlog,0.6,300,300,1.0,-0.01110388389886996,-0.018506473164783266,0.06785441068792276,0.11309068447987128,0.06705155615476013,0,0,0,0
lognormal,lnorm_moderada,100,Pmk,2,2,Bg,meanlog,7.0,300,300,1.0,-0.007675173052743567,-0.0010964532932490809,0.06106666609559836,0.008723809442228338,0.060683642288894946,0,0,0,0
lognormal,lnorm_moderada,100,Pmk,2,2,Bg,sdlog,0.6,300,300,1.0,-0.011103872294940142,-0.018506453824900237,0.06785499851959441,0.11309166419932402,0.0670521549424519,0,0,0,0
lognormal,lnorm_moderada,100,Pmk,2,2,C,meanlog,7.0,300,300,1.0,-0.007675113342026307,-0.0010964447631466154,0.061066681104027194,0.0087238115862896,0.06068366501991138,0,0,0,0
lognormal,lnorm_moderada,100,Pmk,2,2,C,sdlog,0.6,300,300,1.0,-0.011104041373014684,-0.01850673562169114,0.06785401293496199,0.11309002155826998,0.06705112612736287,0,0,0,0
lognormal,lnorm_moderada,100,Pmk,2,2,D,meanlog,7.0,300,300,1.0,-0.007674935312014242,-0.0010964193302877487,0.06106684744406496,0.008723835349152137,0.06068385556141839,0,0,0,0
lognormal,lnorm_moderada,100,Pmk,2,2,D,sdlog,0.6,300,300,1.0,-0.011106288674537335,-0.018510481124228893,0.06785361394244824,0.11308935657074706,0.0670503475552981,0,0,0,0
lognormal,lnorm_moderada,1000,P3c,3,2,A,meanlog,7.0,300,294,0.98,-8.979438926015604e-05,-1.2827769894308005e-05,0.020371638957629928,0.002910234136804275,0.020406174998269414,0,6,0,0
lognormal,lnorm_moderada,1000,P3c,3,2,A,sdlog,0.6,300,294,0.98,-0.002858198747697327,-0.004763664579495545,0.02252187234379442,0.037536453906324034,0.0223778624713063,0,6,0,0
lognormal,lnorm_moderada,1000,P3c,3,2,B,meanlog,7.0,300,300,1.0,-4.4323919828670455e-05,-6.3319885469529225e-06,0.020265972423754577,0.0028951389176792254,0.02029978516955979,0,0,0,0
lognormal,lnorm_moderada,1000,P3c,3,2,B,sdlog,0.6,300,300,1.0,-0.0025096968396561836,-0.00418282806609364,0.02135923430571006,0.0355987238428501,0.021246718697655383,0,0,0,0
lognormal,lnorm_moderada,1000,P3c,3,2,Bg,meanlog,7.0,300,300,1.0,0.0001162754288630552,1.6610775551865027e-05,0.020256503826276435,0.0028937862608966335,0.02029001502350622,0,0,0,0
lognormal,lnorm_moderada,1000,P3c,3,2,Bg,sdlog,0.6,300,300,1.0,-0.002822436854365007,-0.0047040614239416785,0.022526860350745498,0.0375447672512425,0.022386688758658242,0,0,0,0
lognormal,lnorm_moderada,1000,P3c,3,2,C,meanlog,7.0,300,300,1.0,4.4956139547913665e-05,6.422305649701952e-06,0.020259448430948245,0.002894206918706892,0.02029324886516317,0,0,0,0
lognormal,lnorm_moderada,1000,P3c,3,2,C,sdlog,0.6,300,300,1.0,-0.0025093504938135114,-0.004182250823022519,0.021358831007235197,0.03559805167872533,0.02124635295309577,0,0,0,0
lognormal,lnorm_moderada,1000,P3c,3,2,D,meanlog,7.0,300,300,1.0,0.00013637343534700364,1.9481919335286235e-05,0.020278083643831553,0.0028968690919759362,0.02031150583906887,0,0,0,0
lognormal,lnorm_moderada,1000,P3c,3,2,D,sdlog,0.6,300,300,1.0,-0.0022058222233135583,-0.0036763703721892638,0.02132586791039977,0.03554311318399962,0.021246923612473156,0,0,0,0
lognormal,lnorm_moderada,1000,P3w,3,2,A,meanlog,7.0,300,299,0.9966666666666667,0.0006245405114144731,8.922007305921044e-05,0.019482732562651314,0.0027832475089501875,0.019505364806675154,0,1,0,0
lognormal,lnorm_moderada,1000,P3w,3,2,A,sdlog,0.6,300,299,0.9966666666666667,-0.0023229996664406727,-0.0038716661107344548,0.01911327978811539,0.03185546631352565,0.019003392482875,0,1,0,0
lognormal,lnorm_moderada,1000,P3w,3,2,B,meanlog,7.0,300,300,1.0,0.0004259663933527946,6.0852341907542086e-05,0.019889338614087884,0.0028413340877268406,0.019918001046537813,0,0,0,0
lognormal,lnorm_moderada,1000,P3w,3,2,B,sdlog,0.6,300,300,1.0,-0.002379945061189437,-0.003966575101982395,0.01685355672928393,0.02808926121547322,0.016712548184592297,0,0,0,0
lognormal,lnorm_moderada,1000,P3w,3,2,Bg,meanlog,7.0,300,300,1.0,0.0005946340332698696,8.49477190385528e-05,0.01945624239519935,0.002779463199314193,0.019479646658852448,0,0,0,0
lognormal,lnorm_moderada,1000,P3w,3,2,Bg,sdlog,0.6,300,300,1.0,-0.0023363352731959885,-0.0038938921219933142,0.01908506956701809,0.03180844927836348,0.018973174634771734,0,0,0,0
lognormal,lnorm_moderada,1000,P3w,3,2,C,meanlog,7.0,300,300,1.0,0.0006149504446630871,8.785006352329816e-05,0.019883746715963574,0.0028405352451376536,0.019907441830027295,0,0,0,0
lognormal,lnorm_moderada,1000,P3w,3,2,C,sdlog,0.6,300,300,1.0,-0.0023798713867075882,-0.003966452311179314,0.0168536395722922,0.028089399287153666,0.01671264253243197,0,0,0,0
lognormal,lnorm_moderada,1000,P3w,3,2,D,meanlog,7.0,300,300,1.0,0.0006150897785177634,8.786996835968048e-05,0.020100852340196686,0.0028715503343138124,0.020125008885519238,0,0,0,0
lognormal,lnorm_moderada,1000,P3w,3,2,D,sdlog,0.6,300,300,1.0,-0.002706027787167997,-0.004510046311946662,0.01694521421198791,0.02824202368664652,0.016755701819084316,0,0,0,0
lognormal,lnorm_moderada,1000,P5,5,2,A,meanlog,7.0,300,300,1.0,0.0001312144202589849,1.8744917179854985e-05,0.019564483416982945,0.002794926202426135,0.019596731882746778,0,0,0,0
lognormal,lnorm_moderada,1000,P5,5,2,A,sdlog,0.6,300,300,1.0,-0.0020644828565997697,-0.003440804760999616,0.018920606955881842,0.03153434492646974,0.018839063471646673,0,0,0,0
lognormal,lnorm_moderada,1000,P5,5,2,B,meanlog,7.0,300,300,1.0,-8.206037626301566e-06,-1.1722910894716522e-06,0.01909950712200603,0.002728501017429433,0.019131417671068053,0,0,0,0
lognormal,lnorm_moderada,1000,P5,5,2,B,sdlog,0.6,300,300,1.0,-0.002379413879772474,-0.00396568979962079,0.015793876787428898,0.026323127979048164,0.01563970165288335,0,0,0,0
lognormal,lnorm_moderada,1000,P5,5,2,Bg,meanlog,7.0,300,300,1.0,0.00013114731117624956,1.8735330168035652e-05,0.019564356641100945,0.002794908091585849,0.01959660534292055,0,0,0,0
lognormal,lnorm_moderada,1000,P5,5,2,Bg,sdlog,0.6,300,300,1.0,-0.0020643572132651444,-0.0034405953554419075,0.018920630942040346,0.031534384903400575,0.018839101456453712,0,0,0,0
lognormal,lnorm_moderada,1000,P5,5,2,C,meanlog,7.0,300,300,1.0,0.00027303056695338057,3.9004366707625794e-05,0.019090335458732653,0.0027271907798189503,0.019120276641109633,0,0,0,0
lognormal,lnorm_moderada,1000,P5,5,2,C,sdlog,0.6,300,300,1.0,-0.002408097181597846,-0.004013495302663077,0.015810677674341325,0.026351129457235542,0.015652324022657566,0,0,0,0
lognormal,lnorm_moderada,1000,P5,5,2,D,meanlog,7.0,300,300,1.0,0.00023938423766622918,3.419774823803274e-05,0.01944820066392658,0.00277831438056094,0.01947921980638159,0,0,0,0
lognormal,lnorm_moderada,1000,P5,5,2,D,sdlog,0.6,300,300,1.0,-0.0025877153643668604,-0.004312858940611434,0.016189957678840433,0.02698326279806739,0.016008519643393244,0,0,0,0
lognormal,lnorm_moderada,1000,Pmk,2,2,A,meanlog,7.0,300,292,0.9733333333333334,-0.00031242046805868284,-4.463149543695469e-05,0.021357694182065227,0.003051099168866461,0.021392070689019178,0,8,0,0
lognormal,lnorm_moderada,1000,Pmk,2,2,A,sdlog,0.6,300,292,0.9733333333333334,-0.0022714494445792432,-0.0037857490742987387,0.021261020836969593,0.035435034728282654,0.02117562668324764,0,8,0,0
lognormal,lnorm_moderada,1000,Pmk,2,2,B,meanlog,7.0,300,300,1.0,-0.0002399248794908715,-3.427498278441021e-05,0.021152795853972773,0.0030218279791389678,0.02118677590865096,0,0,0,0
lognormal,lnorm_moderada,1000,Pmk,2,2,B,sdlog,0.6,300,300,1.0,-0.0025097258161693725,-0.004182876360282288,0.021359030914625182,0.03559838485770864,0.021246510111371453,0,0,0,0
lognormal,lnorm_moderada,1000,Pmk,2,2,Bg,meanlog,7.0,300,300,1.0,-0.00023949567645065173,-3.421366806437882e-05,0.021152706073469484,0.0030218151533527833,0.021186690844680004,0,0,0,0
lognormal,lnorm_moderada,1000,Pmk,2,2,Bg,sdlog,0.6,300,300,1.0,-0.0025106965462158293,-0.004184494243693049,0.021360187071111782,0.03560031178518631,0.02124756121120234,0,0,0,0
lognormal,lnorm_moderada,1000,Pmk,2,2,C,meanlog,7.0,300,300,1.0,-0.00023986631496430988,-3.426661642347284e-05,0.021152690581320743,0.003021812940188678,0.021186671118661893,0,0,0,0
lognormal,lnorm_moderada,1000,Pmk,2,2,C,sdlog,0.6,300,300,1.0,-0.0025097386780524866,-0.004182897796754145,0.021358581899402502,0.03559763649900417,0.02124605568401971,0,0,0,0
lognormal,lnorm_moderada,1000,Pmk,2,2,D,meanlog,7.0,300,300,1.0,-0.00023990076421043227,-3.427153774434747e-05,0.021152615501049642,0.0030218022144356633,0.021186595516754114,0,0,0,0
lognormal,lnorm_moderada,1000,Pmk,2,2,D,sdlog,0.6,300,300,1.0,-0.0025104150325659935,-0.004184025054276656,0.021357091573463174,0.035595152622438626,0.02124447227356249,0,0,0,0
lognormal,lnorm_moderada,10000,P3c,3,2,A,meanlog,7.0,300,298,0.9933333333333333,0.0009220484420069397,0.0001317212060009914,0.006819723455947193,0.0009742462079924562,0.006768470052888612,0,2,0,0
lognormal,lnorm_moderada,10000,P3c,3,2,A,sdlog,0.6,300,298,0.9933333333333333,-0.00017417160181087965,-0.0002902860030181328,0.007233405812001938,0.012055676353336564,0.007243472277944097,0,2,0,0
lognormal,lnorm_moderada,10000,P3c,3,2,B,meanlog,7.0,300,300,1.0,0.0008956714038701463,0.0001279530576957352,0.006768289690857633,0.0009668985272653761,0.006719973578219332,0,0,0,0
lognormal,lnorm_moderada,10000,P3c,3,2,B,sdlog,0.6,300,300,1.0,-0.00024047824132145124,-0.0004007970688690854,0.006717657230142791,0.011196095383571318,0.006724568507782499,0,0,0,0
lognormal,lnorm_moderada,10000,P3c,3,2,Bg,meanlog,7.0,300,300,1.0,0.0008964871377381556,0.0001280695911054508,0.0068349222888303505,0.0009764174698329072,0.006787195807497962,0,0,0,0
lognormal,lnorm_moderada,10000,P3c,3,2,Bg,sdlog,0.6,300,300,1.0,-0.00019352404796768585,-0.0003225400799461431,0.007228305109311103,0.012047175182185172,0.007237787074463351,0,0,0,0
lognormal,lnorm_moderada,10000,P3c,3,2,C,meanlog,7.0,300,300,1.0,0.0009032480199495652,0.00012903543142136646,0.006769667937029849,0.0009670954195756927,0.006720348995962403,0,0,0,0
lognormal,lnorm_moderada,10000,P3c,3,2,C,sdlog,0.6,300,300,1.0,-0.00023974541221294388,-0.00039957568702157314,0.006717561914351118,0.01119593652391853,0.006724499226208182,0,0,0,0
lognormal,lnorm_moderada,10000,P3c,3,2,D,meanlog,7.0,300,300,1.0,0.0008920332465400804,0.00012743332093429722,0.006877385825073589,0.000982483689296227,0.006830683709590073,0,0,0,0
lognormal,lnorm_moderada,10000,P3c,3,2,D,sdlog,0.6,300,300,1.0,-0.00021442515855463196,-0.0003573752642577199,0.0067195822024277525,0.011199303670712922,0.006727381787312964,0,0,0,0
lognormal,lnorm_moderada,10000,P3w,3,2,A,meanlog,7.0,300,298,0.9933333333333333,0.0007037085762577888,0.00010052979660825554,0.0069918408945552355,0.0009988344135078908,0.006968038802980734,0,2,0,0
lognormal,lnorm_moderada,10000,P3w,3,2,A,sdlog,0.6,300,298,0.9933333333333333,-0.0003234776011823426,-0.0005391293353039044,0.0059129432857175715,0.009854905476195953,0.005914019650141305,0,2,0,0
lognormal,lnorm_moderada,10000,P3w,3,2,B,meanlog,7.0,300,300,1.0,0.000612055770261577,8.743653860879672e-05,0.006977489595786711,0.00099678422796953,0.00696220677688351,0,0,0,0
lognormal,lnorm_moderada,10000,P3w,3,2,B,sdlog,0.6,300,300,1.0,-0.0002128838110908582,-0.000354806351818097,0.005263810766356787,0.008773017943927978,0.005268292000480818,0,0,0,0
lognormal,lnorm_moderada,10000,P3w,3,2,Bg,meanlog,7.0,300,300,1.0,0.0006933221062110917,9.90460151730131e-05,0.00696864510711212,0.0009955207295874458,0.006945655201142675,0,0,0,0
lognormal,lnorm_moderada,10000,P3w,3,2,Bg,sdlog,0.6,300,300,1.0,-0.0003283854578851608,-0.000547309096475268,0.005894172977492295,0.009823621629153826,0.005894851056323423,0,0,0,0
lognormal,lnorm_moderada,10000,P3w,3,2,C,meanlog,7.0,300,300,1.0,0.0006291453142432957,8.987790203475652e-05,0.006978843089930687,0.0009969775842758124,0.006962039477989365,0,0,0,0
lognormal,lnorm_moderada,10000,P3w,3,2,C,sdlog,0.6,300,300,1.0,-0.00021257665637153256,-0.0003542944272858876,0.005264055864680158,0.008773426441133598,0.005268550152937671,0,0,0,0
lognormal,lnorm_moderada,10000,P3w,3,2,D,meanlog,7.0,300,300,1.0,0.0007479366708773583,0.0001068480958396226,0.007200101919365011,0.0010285859884807157,0.0071731144063478065,0,0,0,0
lognormal,lnorm_moderada,10000,P3w,3,2,D,sdlog,0.6,300,300,1.0,-0.00024045891852653156,-0.000400764864210886,0.005262340283135537,0.008770567138559228,0.005265626982840707,0,0,0,0
lognormal,lnorm_moderada,10000,P5,5,2,A,meanlog,7.0,300,298,0.9933333333333333,0.0008556584770449405,0.00012223692529213435,0.006564787659152589,0.0009378268084503699,0.00651973360442088,0,2,0,0
lognormal,lnorm_moderada,10000,P5,5,2,A,sdlog,0.6,300,298,0.9933333333333333,-0.0004129642287148405,-0.0006882737145247342,0.0058775033978295576,0.009795838996382596,0.005872839672358128,0,2,0,0
lognormal,lnorm_moderada,10000,P5,5,2,B,meanlog,7.0,300,300,1.0,0.0007285963378880211,0.00010408519112686016,0.006527060527946045,0.0009324372182780064,0.006497105080467943,0,0,0,0
lognormal,lnorm_moderada,10000,P5,5,2,B,sdlog,0.6,300,300,1.0,-0.0002175402245183644,-0.0003625670408639407,0.005065099621338157,0.008441832702230262,0.0050688811004169,0,0,0,0
lognormal,lnorm_moderada,10000,P5,5,2,Bg,meanlog,7.0,300,300,1.0,0.0008295575511390041,0.00011850822159128629,0.006552722902648588,0.0009361032718069412,0.0065108613942572524,0,0,0,0
lognormal,lnorm_moderada,10000,P5,5,2,Bg,sdlog,0.6,300,300,1.0,-0.00038145465532990475,-0.0006357577588831746,0.005884370726656547,0.009807284544427579,0.005881804991768848,0,0,0,0
lognormal,lnorm_moderada,10000,P5,5,2,C,meanlog,7.0,300,300,1.0,0.0007528616535426025,0.00010755166479180036,0.006528738321203548,0.0009326769030290783,0.006496020654615607,0,0,0,0
lognormal,lnorm_moderada,10000,P5,5,2,C,sdlog,0.6,300,300,1.0,-0.00021857899885979748,-0.00036429833143299584,0.005066432930588428,0.008444054884314049,0.00507017304541404,0,0,0,0
lognormal,lnorm_moderada,10000,P5,5,2,D,meanlog,7.0,300,300,1.0,0.0008401415301246828,0.00012002021858924041,0.006669236231107584,0.0009527480330153691,0.0066271616615238066,0,0,0,0
lognormal,lnorm_moderada,10000,P5,5,2,D,sdlog,0.6,300,300,1.0,-0.00023903563824545504,-0.00039839273040909173,0.005241699372529171,0.008736165620881952,0.005244995156297727,0,0,0,0
lognormal,lnorm_moderada,10000,Pmk,2,2,A,meanlog,7.0,300,288,0.96,0.0010609044887308627,0.00015155778410440895,0.006632054112382088,0.0009474363017688697,0.0065580451811484905,0,12,0,0
lognormal,lnorm_moderada,10000,Pmk,2,2,A,sdlog,0.6,300,288,0.96,-0.00016393274128623236,-0.00027322123547705396,0.006788799333734933,0.011314665556224889,0.0067986332059498545,0,12,0,0
lognormal,lnorm_moderada,10000,Pmk,2,2,B,meanlog,7.0,300,300,1.0,0.0009382885233817362,0.0001340412176259623,0.00668468401731902,0.0009549548596170028,0.006629563996793638,0,0,0,0
lognormal,lnorm_moderada,10000,Pmk,2,2,B,sdlog,0.6,300,300,1.0,-0.00024044649299803655,-0.0004007441549967276,0.006717565758877569,0.011195942931462616,0.0067244779640115975,0,0,0,0
lognormal,lnorm_moderada,10000,Pmk,2,2,Bg,meanlog,7.0,300,300,1.0,0.0009389779694490841,0.00013413970992129772,0.006684581701983739,0.0009549402431405341,0.006629362543197288,0,0,0,0
lognormal,lnorm_moderada,10000,Pmk,2,2,Bg,sdlog,0.6,300,300,1.0,-0.0002409563991035979,-0.00040159399850599653,0.006718354004283934,0.011197256673806557,0.006725249721758219,0,0,0,0
lognormal,lnorm_moderada,10000,Pmk,2,2,C,meanlog,7.0,300,300,1.0,0.0009383049651718878,0.0001340435664531268,0.006684493313127665,0.000954927616161095,0.006629368728976559,0,0,0,0
lognormal,lnorm_moderada,10000,Pmk,2,2,C,sdlog,0.6,300,300,1.0,-0.00023977582840584155,-0.0003996263806764026,0.0067176592271459,0.011196098711909835,0.006724595675640298,0,0,0,0
lognormal,lnorm_moderada,10000,Pmk,2,2,D,meanlog,7.0,300,300,1.0,0.000938445738259297,0.00013406367689418528,0.0066846586039346935,0.0009549512291335277,0.006629515959229342,0,0,0,0
lognormal,lnorm_moderada,10000,Pmk,2,2,D,sdlog,0.6,300,300,1.0,-0.00024155266989145385,-0.0004025877831524231,0.006716669337724898,0.011194448896208164,0.006723539686782149,0,0,0,0
lognormal,lnorm_asim,100,P3c,3,2,A,meanlog,7.0,300,298,0.9933333333333333,0.001821361409643174,0.000260194487091882,0.14927785117893894,0.02132540731127699,0.14951781905196454,0,2,0,0
lognormal,lnorm_asim,100,P3c,3,2,A,sdlog,1.3,300,298,0.9933333333333333,-0.017304478734274875,-0.01331113748790375,0.17974363452433767,0.1382643342494905,0.1792096574401996,0,2,0,0
lognormal,lnorm_asim,100,P3c,3,2,B,meanlog,7.0,300,300,1.0,-0.0023769536767046517,-0.0003395648109578074,0.14530728131140463,0.020758183044486376,0.14553059221655132,0,0,0,0
lognormal,lnorm_asim,100,P3c,3,2,B,sdlog,1.3,300,300,1.0,-0.016157149220021427,-0.012428576323093405,0.14366929267500703,0.11051484051923617,0.14299640587720416,0,0,0,0
lognormal,lnorm_asim,100,P3c,3,2,Bg,meanlog,7.0,300,300,1.0,0.001482697060822602,0.00021181386583180029,0.14887432458101765,0.021267760654431093,0.14911567459609174,0,0,0,0
lognormal,lnorm_asim,100,P3c,3,2,Bg,sdlog,1.3,300,300,1.0,-0.01610859378621554,-0.01239122598939657,0.17980656737315381,0.13831274413319525,0.17938276244282575,0,0,0,0
lognormal,lnorm_asim,100,P3c,3,2,C,meanlog,7.0,300,300,1.0,0.0018400722483029597,0.00026286746404327995,0.14543297667734925,0.020776139525335607,0.14566431207424252,0,0,0,0
lognormal,lnorm_asim,100,P3c,3,2,C,sdlog,1.3,300,300,1.0,-0.0161572099916365,-0.012428623070489616,0.14366908865183897,0.11051468357833767,0.14299619331884933,0,0,0,0
lognormal,lnorm_asim,100,P3c,3,2,D,meanlog,7.0,300,300,1.0,0.002229500920566174,0.00031850013150945344,0.1460403707632176,0.020862910109031085,0.14626733399824138,0,0,0,0
lognormal,lnorm_asim,100,P3c,3,2,D,sdlog,1.3,300,300,1.0,-0.00949193956431671,-0.007301491972551315,0.14447393877848716,0.11113379906037474,0.14440266329503673,0,0,0,0
lognormal,lnorm_asim,100,P3w,3,2,A,meanlog,7.0,300,298,0.9933333333333333,-0.0011471346418225892,-0.00016387637740322702,0.1547603765121724,0.02210862521602463,0.15501643824694386,0,2,0,0
lognormal,lnorm_asim,100,P3w,3,2,A,sdlog,1.3,300,298,0.9933333333333333,-0.037530575742953376,-0.028869673648425673,0.16676016323560672,0.1282770486427744,0.1627553322909831,0,2,0,0
lognormal,lnorm_asim,100,P3w,3,2,B,meanlog,7.0,300,300,1.0,-0.0133464319582135,-0.001906633136887643,0.14762750108791717,0.021089643012559594,0.14726861619446927,0,0,0,0
lognormal,lnorm_asim,100,P3w,3,2,B,sdlog,1.3,300,300,1.0,-0.030357190935414113,-0.023351685334933932,0.12705456954757122,0.09773428426736247,0.12358079128520885,0,0,0,0
lognormal,lnorm_asim,100,P3w,3,2,Bg,meanlog,7.0,300,300,1.0,0.00025115947084319856,3.5879924406171225e-05,0.15525471238352892,0.022179244626218418,0.15551391544124077,0,0,0,0
lognormal,lnorm_asim,100,P3w,3,2,Bg,sdlog,1.3,300,300,1.0,-0.03773460474841772,-0.0290266190372444,0.166453601230946,0.12804123171611229,0.1623908976699484,0,0,0,0
lognormal,lnorm_asim,100,P3w,3,2,C,meanlog,7.0,300,300,1.0,-0.004865047323486138,-0.0006950067604980197,0.1465416050391242,0.020934515005589172,0.14670553854159307,0,0,0,0
lognormal,lnorm_asim,100,P3w,3,2,C,sdlog,1.3,300,300,1.0,-0.03035721778673417,-0.023351705989795513,0.12705465487116396,0.09773434990089536,0.12358087268258527,0,0,0,0
lognormal,lnorm_asim,100,P3w,3,2,D,meanlog,7.0,300,300,1.0,0.00046185956348665513,6.597993764095074e-05,0.1485814054207106,0.021225915060101515,0.14882894287288137,0,0,0,0
lognormal,lnorm_asim,100,P3w,3,2,D,sdlog,1.3,300,300,1.0,-0.03814705164316301,-0.02934388587935616,0.12872664543761883,0.09902049649047602,0.12314992778018119,0,0,0,0
lognormal,lnorm_asim,100,P5,5,2,A,meanlog,7.0,300,298,0.9933333333333333,2.0032783381473962e-05,2.861826197353423e-06,0.1910529124961634,0.027293273213737628,0.19137427905981658,0,2,0,0
lognormal,lnorm_asim,100,P5,5,2,A,sdlog,1.3,300,298,0.9933333333333333,-0.0345679617800565,-0.02659073983081269,0.21221704702094413,0.16324388232380316,0.20973493819716854,0,2,0,0
lognormal,lnorm_asim,100,P5,5,2,B,meanlog,7.0,300,300,1.0,-0.014816861323965647,-0.0021166944748522354,0.142206801319537,0.02031525733136243,0.14166910535970323,0,0,0,0
lognormal,lnorm_asim,100,P5,5,2,B,sdlog,1.3,300,300,1.0,-0.02819524252914296,-0.02168864809934074,0.1180536675048704,0.09081051346528492,0.11482878068229777,0,0,0,0
lognormal,lnorm_asim,100,P5,5,2,Bg,meanlog,7.0,300,300,1.0,-0.0004938828420142372,-7.055469171631959e-05,0.19064701603720452,0.027235288005314932,0.19096491685260822,0,0,0,0
lognormal,lnorm_asim,100,P5,5,2,Bg,sdlog,1.3,300,300,1.0,-0.034152119595588726,-0.02627086122737594,0.21195037695575328,0.1630387515044256,0.2095302797830608,0,0,0,0
lognormal,lnorm_asim,100,P5,5,2,C,meanlog,7.0,300,300,1.0,-0.0026632649414413123,-0.00038046642020590174,0.140516435201498,0.02007377645735686,0.14072593296529123,0,0,0,0
lognormal,lnorm_asim,100,P5,5,2,C,sdlog,1.3,300,300,1.0,-0.027277045530394117,-0.02098234271568778,0.11817540337887206,0.0909041564452862,0.11517641877731087,0,0,0,0
lognormal,lnorm_asim,100,P5,5,2,D,meanlog,7.0,300,300,1.0,0.00014310556722207934,2.044365246029705e-05,0.14218098211446467,0.020311568873494952,0.14241847235074323,0,0,0,0
lognormal,lnorm_asim,100,P5,5,2,D,sdlog,1.3,300,300,1.0,-0.026429017948009337,-0.020330013806161028,0.11749232942860709,0.09037871494508237,0.11467252115724727,0,0,0,0
lognormal,lnorm_asim,100,Pmk,2,2,A,meanlog,7.0,300,280,0.9333333333333333,0.0019359079926042355,0.00027655828465774794,0.1502056974557765,0.02145795677939664,0.15046214430435875,0,20,0,0
lognormal,lnorm_asim,100,Pmk,2,2,A,sdlog,1.3,300,280,0.9333333333333333,-0.018009895898434936,-0.013853766075719181,0.14278643904023156,0.10983572233863965,0.14189969488027146,0,20,0,0
lognormal,lnorm_asim,100,Pmk,2,2,B,meanlog,7.0,300,300,1.0,0.0006396207553658328,9.13743936236904e-05,0.14966090864239764,0.021380129806056806,0.14990959971902107,0,0,0,0
lognormal,lnorm_asim,100,Pmk,2,2,B,sdlog,1.3,300,300,1.0,-0.01615743038503825,-0.012428792603875577,0.14366919069842893,0.11051476207571456,0.14299627120273847,0,0,0,0
lognormal,lnorm_asim,100,Pmk,2,2,Bg,meanlog,7.0,300,300,1.0,0.000638768810685697,9.125268724081386e-05,0.14966003346011705,0.021380004780016722,0.14990872671119057,0,0,0,0
lognormal,lnorm_asim,100,Pmk,2,2,Bg,sdlog,1.3,300,300,1.0,-0.016155880896876473,-0.012427600689904979,0.1436697477326179,0.11051519056355222,0.14299700838604235,0,0,0,0
lognormal,lnorm_asim,100,Pmk,2,2,C,meanlog,7.0,300,300,1.0,0.0006394987290834209,9.135696129763155e-05,0.1496607916775738,0.021380113096796254,0.14990948308003973,0,0,0,0
lognormal,lnorm_asim,100,Pmk,2,2,C,sdlog,1.3,300,300,1.0,-0.016157196780529848,-0.012428612908099882,0.14366925757576904,0.11051481351982233,0.14299636510302222,0,0,0,0
lognormal,lnorm_asim,100,Pmk,2,2,D,meanlog,7.0,300,300,1.0,0.0006401393472739159,9.144847818198798e-05,0.1496620322441714,0.021380290320595914,0.14991072298747307,0,0,0,0
lognormal,lnorm_asim,100,Pmk,2,2,D,sdlog,1.3,300,300,1.0,-0.01615717965792096,-0.012428599736862278,0.14366953230514978,0.11051502485011522,0.14299664398948783,0,0,0,0
lognormal,lnorm_asim,1000,P3c,3,2,A,meanlog,7.0,300,300,1.0,0.0013020745460590177,0.00018601064943700254,0.047278846103155185,0.006754120871879312,0.04733987858458958,0,0,0,0
lognormal,lnorm_asim,1000,P3c,3,2,A,sdlog,1.3,300,300,1.0,-0.001103699017891202,-0.0008489992445316939,0.053366936992246455,0.04105148999403573,0.05344467159738957,0,0,0,0
lognormal,lnorm_asim,1000,P3c,3,2,B,meanlog,7.0,300,300,1.0,0.0005964275996390711,8.520394280558159e-05,0.045865978351209195,0.006552282621601313,0.045938728761609794,0,0,0,0
lognormal,lnorm_asim,1000,P3c,3,2,B,sdlog,1.3,300,300,1.0,-0.00034120331962483874,-0.0002624640920191067,0.04580601189073859,0.035235393762106604,0.045881273702361385,0,0,0,0
lognormal,lnorm_asim,1000,P3c,3,2,Bg,meanlog,7.0,300,300,1.0,0.0013032913580737215,0.00018618447972481737,0.04727877746851944,0.006754111066931349,0.04733977621331599,0,0,0,0
lognormal,lnorm_asim,1000,P3c,3,2,Bg,sdlog,1.3,300,300,1.0,-0.00110512882232916,-0.0008500990940993538,0.05336874003049514,0.04105287694653472,0.05344644839039468,0,0,0,0
lognormal,lnorm_asim,1000,P3c,3,2,C,meanlog,7.0,300,300,1.0,0.0010617626926201496,0.00015168038466002138,0.04583233003696112,0.006547475719565874,0.04589658802761644,0,0,0,0
lognormal,lnorm_asim,1000,P3c,3,2,C,sdlog,1.3,300,300,1.0,-0.00034124764035947663,-0.00026249818489190507,0.04580616899008534,0.03523551460775795,0.04588143073784182,0,0,0,0
lognormal,lnorm_asim,1000,P3c,3,2,D,meanlog,7.0,300,300,1.0,0.0011838998552624602,0.00016912855075178004,0.04614532390254383,0.006592189128934833,0.04620721069563671,0,0,0,0
lognormal,lnorm_asim,1000,P3c,3,2,D,sdlog,1.3,300,300,1.0,0.00038004015671155855,0.0002923385820858143,0.045951376295302875,0.03534721253484836,0.046026579709020805,0,0,0,0
lognormal,lnorm_asim,1000,P3w,3,2,A,meanlog,7.0,300,296,0.9866666666666667,0.0018367040781406274,0.00026238629687723246,0.049586447667056534,0.007083778238150934,0.04963633592059915,0,4,0,0
lognormal,lnorm_asim,1000,P3w,3,2,A,sdlog,1.3,300,296,0.9866666666666667,0.0007515498341172933,0.0005781152570133025,0.05144324639757496,0.03957172799813458,0.051524865175177355,0,4,0,0
lognormal,lnorm_asim,1000,P3w,3,2,B,meanlog,7.0,300,300,1.0,0.0021622402630869786,0.00030889146615528266,0.0466315248870624,0.006661646412437486,0.04665919808810284,0,0,0,0
lognormal,lnorm_asim,1000,P3w,3,2,B,sdlog,1.3,300,300,1.0,-0.001053471969016062,-0.0008103630530892786,0.034870203630634415,0.026823233562026472,0.034912522761002714,0,0,0,0
lognormal,lnorm_asim,1000,P3w,3,2,Bg,meanlog,7.0,300,300,1.0,0.00179993981004678,0.00025713425857811146,0.049711799388509295,0.007101685626929899,0.049762209289461436,0,0,0,0
lognormal,lnorm_asim,1000,P3w,3,2,Bg,sdlog,1.3,300,300,1.0,0.0005934276041437148,0.00045648277241824213,0.05171399734802933,0.03977999796002256,0.051796992772342995,0,0,0,0
lognormal,lnorm_asim,1000,P3w,3,2,C,meanlog,7.0,300,300,1.0,0.0032027602775999142,0.00045753718251427344,0.04674805445357118,0.0066782934933673115,0.04671613832927137,0,0,0,0
lognormal,lnorm_asim,1000,P3w,3,2,C,sdlog,1.3,300,300,1.0,-0.0010534559489687734,-0.0008103507299759794,0.03487029284737151,0.026823302190285777,0.03491261265262846,0,0,0,0
lognormal,lnorm_asim,1000,P3w,3,2,D,meanlog,7.0,300,300,1.0,0.0023904511515651095,0.0003414930216521585,0.04699469649942018,0.00671352807134574,0.047012279499904934,0,0,0,0
lognormal,lnorm_asim,1000,P3w,3,2,D,sdlog,1.3,300,300,1.0,-0.0018790115054669876,-0.0014453934657438366,0.035020036901169255,0.02693848992397635,0.035028019844628645,0,0,0,0
lognormal,lnorm_asim,1000,P5,5,2,A,meanlog,7.0,300,299,0.9966666666666667,-0.001197271810922551,-0.00017103883013179302,0.05884307568483446,0.008406153669262065,0.058929520945506034,0,1,0,0
lognormal,lnorm_asim,1000,P5,5,2,A,sdlog,1.3,300,299,0.9966666666666667,0.0029923928740080985,0.002301840672313922,0.06522613055430894,0.05017394658023765,0.06526668610480216,0,1,0,0
lognormal,lnorm_asim,1000,P5,5,2,B,meanlog,7.0,300,300,1.0,0.0008650490944832612,0.0001235784420690373,0.044068643154790484,0.006295520450684355,0.04413376974238633,0,0,0,0
lognormal,lnorm_asim,1000,P5,5,2,B,sdlog,1.3,300,300,1.0,-0.0009474507858284742,-0.0007288082967911339,0.03379337783171211,0.02599490602439393,0.03383653487864753,0,0,0,0
lognormal,lnorm_asim,1000,P5,5,2,Bg,meanlog,7.0,300,300,1.0,-0.0012339961733349725,-0.00017628516761928177,0.05874907683744895,0.008392725262492707,0.058834254600626815,0,0,0,0
lognormal,lnorm_asim,1000,P5,5,2,Bg,sdlog,1.3,300,300,1.0,0.0030875204864582173,0.002375015758814013,0.065142632734611,0.05010971748816231,0.0651781439723551,0,0,0,0
lognormal,lnorm_asim,1000,P5,5,2,C,meanlog,7.0,300,300,1.0,0.0021959091815428877,0.00031370131164898396,0.04411964614423773,0.006302806592033962,0.044138590931942556,0,0,0,0
lognormal,lnorm_asim,1000,P5,5,2,C,sdlog,1.3,300,300,1.0,-0.0008989076240242255,-0.0006914674030955581,0.033806348406319,0.026004883389476152,0.03385086055312116,0,0,0,0
lognormal,lnorm_asim,1000,P5,5,2,D,meanlog,7.0,300,300,1.0,0.0015545555453355675,0.0002220793636193668,0.04448723368087685,0.006355319097268121,0.04453435017434948,0,0,0,0
lognormal,lnorm_asim,1000,P5,5,2,D,sdlog,1.3,300,300,1.0,-0.0010020622385136235,-0.0007708171065489411,0.035395648379018894,0.027227421830014534,0.03544057811839193,0,0,0,0
lognormal,lnorm_asim,1000,Pmk,2,2,A,meanlog,7.0,300,286,0.9533333333333334,0.0012058429186287967,0.0001722632740898281,0.0468125261699149,0.006687503738559272,0.04687902104726266,0,14,0,0
lognormal,lnorm_asim,1000,Pmk,2,2,A,sdlog,1.3,300,286,0.9533333333333334,-0.0017187641135882892,-0.001322126241221761,0.04519872331222729,0.0347682487017133,0.04524520118190518,0,14,0,0
lognormal,lnorm_asim,1000,Pmk,2,2,B,meanlog,7.0,300,300,1.0,0.0006858343682250023,9.797633831785748e-05,0.04705907826926781,0.0067227254670382585,0.047132700434765536,0,0,0,0
lognormal,lnorm_asim,1000,Pmk,2,2,B,sdlog,1.3,300,300,1.0,-0.0003413784887853488,-0.0002625988375271914,0.04580606259478575,0.03523543276521981,0.04588132318517233,0,0,0,0
lognormal,lnorm_asim,1000,Pmk,2,2,Bg,meanlog,7.0,300,300,1.0,0.0006869136919736007,9.813052742480011e-05,0.04705946313404493,0.0067227804477207045,0.047133070213351995,0,0,0,0
lognormal,lnorm_asim,1000,Pmk,2,2,Bg,sdlog,1.3,300,300,1.0,-0.000342741215544784,-0.00026364708888060306,0.045808187083100194,0.035237066987000146,0.045883441089207375,0,0,0,0
lognormal,lnorm_asim,1000,Pmk,2,2,C,meanlog,7.0,300,300,1.0,0.0006858504994280423,9.797864277543462e-05,0.04705901165850698,0.006722715951215283,0.047132633470105996,0,0,0,0
lognormal,lnorm_asim,1000,Pmk,2,2,C,sdlog,1.3,300,300,1.0,-0.00034094824001162927,-0.0002622678769320225,0.04580622357731865,0.03523555659793742,0.045881487651083463,0,0,0,0
lognormal,lnorm_asim,1000,Pmk,2,2,D,meanlog,7.0,300,300,1.0,0.000684811736012314,9.783024800175915e-05,0.04705869582852303,0.006722670832646147,0.04713233223354839,0,0,0,0
lognormal,lnorm_asim,1000,Pmk,2,2,D,sdlog,1.3,300,300,1.0,-0.000342287617981496,-0.0002632981676780738,0.04580275984024975,0.0352328921848075,0.04587800802386292,0,0,0,0
lognormal,lnorm_asim,10000,P3c,3,2,A,meanlog,7.0,300,298,0.9933333333333333,0.00012199294412784667,1.7427563446835238e-05,0.014359675133675122,0.002051382161953589,0.014383310278262434,0,2,0,0
lognormal,lnorm_asim,10000,P3c,3,2,A,sdlog,1.3,300,298,0.9933333333333333,-0.00047160897349085573,-0.0003627761334545044,0.01866372665051423,0.01435671280808787,0.018689151202543816,0,2,0,0
lognormal,lnorm_asim,10000,P3c,3,2,B,meanlog,7.0,300,300,1.0,-0.00020110009158269548,-2.8728584511813642e-05,0.013703751126316072,0.0019576787323308674,0.013725169870658664,0,0,0,0
lognormal,lnorm_asim,10000,P3c,3,2,B,sdlog,1.3,300,300,1.0,0.0004711973197757402,0.0003624594767505694,0.015538790669007655,0.011952915899236657,0.01555759571686363,0,0,0,0
lognormal,lnorm_asim,10000,P3c,3,2,Bg,meanlog,7.0,300,300,1.0,0.0001082451922016503,1.5463598885950042e-05,0.014340752474292758,0.0020486789248989655,0.01436430443775707,0,0,0,0
lognormal,lnorm_asim,10000,P3c,3,2,Bg,sdlog,1.3,300,300,1.0,-0.00035418242517715193,-0.00027244801936703993,0.01865723904065424,0.0143517223389648,0.018685044636644207,0,0,0,0
lognormal,lnorm_asim,10000,P3c,3,2,C,meanlog,7.0,300,300,1.0,-0.00015121273347507014,-2.1601819067867162e-05,0.013708647115047533,0.0019583781592925047,0.013730716746600922,0,0,0,0
lognormal,lnorm_asim,10000,P3c,3,2,C,sdlog,1.3,300,300,1.0,0.0004716527825696648,0.000362809832745896,0.0155389558964388,0.011953042997260615,0.015557747449094198,0,0,0,0
lognormal,lnorm_asim,10000,P3c,3,2,D,meanlog,7.0,300,300,1.0,-4.143938855705187e-05,-5.91991265100741e-06,0.013877514659950097,0.001982502094278585,0.013900639860908615,0,0,0,0
lognormal,lnorm_asim,10000,P3c,3,2,D,sdlog,1.3,300,300,1.0,0.0005484484429898462,0.00042188341768449703,0.015549220684445777,0.011960938988035212,0.015565509472853008,0,0,0,0
lognormal,lnorm_asim,10000,P3w,3,2,A,meanlog,7.0,300,293,0.9766666666666667,0.00020523658179616433,2.9319511685166333e-05,0.01533168491552596,0.0021902407022179942,0.015356539257485737,0,7,0,0
lognormal,lnorm_asim,10000,P3w,3,2,A,sdlog,1.3,300,293,0.9766666666666667,0.00012050086033532637,9.269296948871259e-05,0.016816796554218638,0.012935997349398952,0.016845135357837687,0,7,0,0
lognormal,lnorm_asim,10000,P3w,3,2,B,meanlog,7.0,300,300,1.0,0.0002605518079512592,3.722168685017989e-05,0.01324198205886793,0.0018917117226954186,0.013261539492146411,0,0,0,0
lognormal,lnorm_asim,10000,P3w,3,2,B,sdlog,1.3,300,300,1.0,0.000215086662379127,0.0001654512787531746,0.011554749602097873,0.00888826892469067,0.011572050405906338,0,0,0,0
lognormal,lnorm_asim,10000,P3w,3,2,Bg,meanlog,7.0,300,300,1.0,0.0004715074677976716,6.735820968538166e-05,0.01528249926963193,0.00218321418137599,0.01530074641218563,0,0,0,0
lognormal,lnorm_asim,10000,P3w,3,2,Bg,sdlog,1.3,300,300,1.0,6.685949838125538e-05,5.143038337019644e-05,0.016636537355696347,0.012797336427458728,0.016664199856312532,0,0,0,0
lognormal,lnorm_asim,10000,P3w,3,2,C,meanlog,7.0,300,300,1.0,0.0003636126890036451,5.194466985766358e-05,0.013243777227129704,0.0018919681753042435,0.013260904683731188,0,0,0,0
lognormal,lnorm_asim,10000,P3w,3,2,C,sdlog,1.3,300,300,1.0,0.00021506849615327006,0.00016543730473328466,0.011554863581508479,0.008888356601160368,0.011572164934306347,0,0,0,0
lognormal,lnorm_asim,10000,P3w,3,2,D,meanlog,7.0,300,300,1.0,0.0004613397060255764,6.590567228936806e-05,0.014091742944562112,0.0020131061349374446,0.014107721677424957,0,0,0,0
lognormal,lnorm_asim,10000,P3w,3,2,D,sdlog,1.3,300,300,1.0,0.0001363878763571691,0.00010491375104397623,0.011550953203282385,0.008885348617909527,0.011569446481627367,0,0,0,0
lognormal,lnorm_asim,10000,P5,5,2,A,meanlog,7.0,300,294,0.98,-0.00038475902358126035,-5.4965574797322904e-05,0.017585479020200162,0.002512211288600023,0.01761124598642202,0,6,0,0
lognormal,lnorm_asim,10000,P5,5,2,A,sdlog,1.3,300,294,0.98,0.0008820349478790845,0.0006784884214454496,0.02045355309901345,0.0157335023838565,0.020469367400879856,0,6,0,0
lognormal,lnorm_asim,10000,P5,5,2,B,meanlog,7.0,300,300,1.0,-0.00012337848063648238,-1.76254972337832e-05,0.012592098701570279,0.0017988712430814684,0.012612532684980545,0,0,0,0
lognormal,lnorm_asim,10000,P5,5,2,B,sdlog,1.3,300,300,1.0,0.0002754357717023037,0.00021187367054023362,0.01099527281794415,0.008457902167649346,0.01101018802190106,0,0,0,0
lognormal,lnorm_asim,10000,P5,5,2,Bg,meanlog,7.0,300,300,1.0,-0.00041862368794376437,-5.980338399196634e-05,0.017582626514914674,0.0025118037878449533,0.017607011830219906,0,0,0,0
lognormal,lnorm_asim,10000,P5,5,2,Bg,sdlog,1.3,300,300,1.0,0.0007545992608453123,0.0005804609698810094,0.020423547269517967,0.015710420976552283,0.020443703506687116,0,0,0,0
lognormal,lnorm_asim,10000,P5,5,2,C,meanlog,7.0,300,300,1.0,2.0989977255858605e-05,2.9985681794083722e-06,0.012591594495940437,0.0017987992137057768,0.012612615573692535,0,0,0,0
lognormal,lnorm_asim,10000,P5,5,2,C,sdlog,1.3,300,300,1.0,0.0002705926294157557,0.0002081481764736582,0.010995007147082047,0.008457697805447728,0.011010042320519175,0,0,0,0
lognormal,lnorm_asim,10000,P5,5,2,D,meanlog,7.0,300,300,1.0,7.178831936904828e-06,1.0255474195578325e-06,0.013150710243673064,0.001878672891953295,0.013172681078659982,0,0,0,0
lognormal,lnorm_asim,10000,P5,5,2,D,sdlog,1.3,300,300,1.0,0.00030791596699208945,0.0002368584361477611,0.01148758910573554,0.008836607004411953,0.011502648723010206,0,0,0,0
lognormal,lnorm_asim,10000,Pmk,2,2,A,meanlog,7.0,300,293,0.9766666666666667,-0.000252726474887055,-3.610378212672215e-05,0.014034229926906816,0.0020048899895581166,0.01405596099333317,0,7,0,0
lognormal,lnorm_asim,10000,Pmk,2,2,A,sdlog,1.3,300,293,0.9766666666666667,0.00030437091396118277,0.0002341314722778329,0.015608100142499,0.012006230878845385,0.015631830395573896,0,7,0,0
lognormal,lnorm_asim,10000,Pmk,2,2,B,meanlog,7.0,300,300,1.0,-0.0004925796740371524,-7.036852486245035e-05,0.013979971054814288,0.0019971387221163267,0.013994634278422336,0,0,0,0
lognormal,lnorm_asim,10000,Pmk,2,2,B,sdlog,1.3,300,300,1.0,0.00047111472308492,0.0003623959408345538,0.015538671828384091,0.011952824483372378,0.015557479132702001,0,0,0,0
lognormal,lnorm_asim,10000,Pmk,2,2,Bg,meanlog,7.0,300,300,1.0,-0.000492961769750444,-7.042310996434915e-05,0.01398137312828115,0.0019973390183258785,0.013996026069265437,0,0,0,0
lognormal,lnorm_asim,10000,Pmk,2,2,Bg,sdlog,1.3,300,300,1.0,0.0004722974853668127,0.0003633057579744713,0.01554249804415485,0.011955767726272961,0.015561277531077077,0,0,0,0
lognormal,lnorm_asim,10000,Pmk,2,2,C,meanlog,7.0,300,300,1.0,-0.0004927503167513336,-7.039290239304766e-05,0.013980018534360596,0.0019971455049086566,0.013994675839496333,0,0,0,0
lognormal,lnorm_asim,10000,Pmk,2,2,C,sdlog,1.3,300,300,1.0,0.0004712578047103566,0.0003625060036233512,0.015539011465774027,0.011953085742903097,0.015557815146158211,0,0,0,0
lognormal,lnorm_asim,10000,Pmk,2,2,D,meanlog,7.0,300,300,1.0,-0.0004938338686226729,-7.054769551752469e-05,0.013980884297618797,0.001997269185374114,0.013995505269410291,0,0,0,0
lognormal,lnorm_asim,10000,Pmk,2,2,D,sdlog,1.3,300,300,1.0,0.00047068778901393493,0.00036206753001071917,0.015537926481892417,0.011952251139917243,0.015556745163935124,0,0,0,0
lognormal,lnorm_pesada,100,P3c,3,2,A,meanlog,5.0,300,299,0.9966666666666667,-0.00621750088584605,-0.00124350017716921,0.2191248715863905,0.043824974317278095,0.21940384875699165,0,1,0,0
lognormal,lnorm_pesada,100,P3c,3,2,A,sdlog,2.0,300,299,0.9966666666666667,-0.03965817819931794,-0.01982908909965897,0.3146906667665803,0.15734533338329015,0.31270510558156583,0,1,0,0
lognormal,lnorm_pesada,100,P3c,3,2,B,meanlog,5.0,300,300,1.0,-0.017574501684350707,-0.0035149003368701416,0.20262161013187752,0.0405243220263755,0.20219527743505317,0,0,0,0
lognormal,lnorm_pesada,100,P3c,3,2,B,sdlog,2.0,300,300,1.0,-0.03490916185758741,-0.017454580928793706,0.24346731988957987,0.12173365994478993,0.2413542192222953,0,0,0,0
lognormal,lnorm_pesada,100,P3c,3,2,Bg,meanlog,5.0,300,300,1.0,-0.007283864722491096,-0.001456772944498219,0.21956966017168514,0.04391393203433703,0.21981547669639784,0,0,0,0
lognormal,lnorm_pesada,100,P3c,3,2,Bg,sdlog,2.0,300,300,1.0,-0.03842619064604613,-0.019213095323023066,0.31474401333573815,0.15737200666786907,0.31291148983595807,0,0,0,0
lognormal,lnorm_pesada,100,P3c,3,2,C,meanlog,5.0,300,300,1.0,-0.007595471670206244,-0.0015190943340412488,0.20217167993908094,0.04043433598781619,0.2023665098954241,0,0,0,0
lognormal,lnorm_pesada,100,P3c,3,2,C,sdlog,2.0,300,300,1.0,-0.03490907158550427,-0.017454535792752135,0.24346740308849507,0.12173370154424754,0.2413543165308093,0,0,0,0
lognormal,lnorm_pesada,100,P3c,3,2,D,meanlog,5.0,300,300,1.0,-0.006771307526592274,-0.0013542615053184549,0.20343915064297735,0.04068783012859547,0.2036661576074064,0,0,0,0
lognormal,lnorm_pesada,100,P3c,3,2,D,sdlog,2.0,300,300,1.0,-0.02442970463214511,-0.012214852316072555,0.24425632840892086,0.12212816420446043,0.2434376370033168,0,0,0,0
lognormal,lnorm_pesada,100,P3w,3,2,A,meanlog,5.0,300,291,0.97,-0.005476069106473247,-0.0010952138212946493,0.2312565396110781,0.046251307922215615,0.23158995821233266,0,9,0,0
lognormal,lnorm_pesada,100,P3w,3,2,A,sdlog,2.0,300,291,0.97,-0.030781511160542285,-0.015390755580271143,0.27573621053145697,0.13786810526572849,0.27448472291736226,0,9,0,0
lognormal,lnorm_pesada,100,P3w,3,2,B,meanlog,5.0,300,300,1.0,-0.028288040461521113,-0.005657608092304223,0.20863292464410502,0.041726584928821,0.20705164886260283,0,0,0,0
lognormal,lnorm_pesada,100,P3w,3,2,B,sdlog,2.0,300,300,1.0,-0.02546380786513125,-0.012731903932565625,0.18199346771240643,0.09099673385620322,0.18050435688696917,0,0,0,0
lognormal,lnorm_pesada,100,P3w,3,2,Bg,meanlog,5.0,300,300,1.0,-0.004154030597930181,-0.0008308061195860361,0.23218609301932872,0.046437218603865744,0.23253681512684454,0,0,0,0
lognormal,lnorm_pesada,100,P3w,3,2,Bg,sdlog,2.0,300,300,1.0,-0.027697586891987758,-0.013848793445993879,0.27650027685649436,0.13825013842824718,0.27556918314234263,0,0,0,0
lognormal,lnorm_pesada,100,P3w,3,2,C,meanlog,5.0,300,300,1.0,-0.005444697302267265,-0.001088939460453453,0.20359539885762776,0.04071907977152555,0.20386263747224587,0,0,0,0
lognormal,lnorm_pesada,100,P3w,3,2,C,sdlog,2.0,300,300,1.0,-0.02546404352911691,-0.012732021764558454,0.18199331653382136,0.09099665826691068,0.1805041705948482,0,0,0,0
lognormal,lnorm_pesada,100,P3w,3,2,D,meanlog,5.0,300,300,1.0,-0.0037506993708849024,-0.0007501398741769805,0.20664342307971967,0.04132868461594393,0.20695459381873,0,0,0,0
lognormal,lnorm_pesada,100,P3w,3,2,D,sdlog,2.0,300,300,1.0,-0.03969320608445748,-0.01984660304222874,0.18376906296291526,0.09188453148145763,0.17973089664933126,0,0,0,0
lognormal,lnorm_pesada,100,P5,5,2,A,meanlog,5.0,300,298,0.9933333333333333,-0.046901773525585,-0.009380354705117,0.3791869792227913,0.07583739584455826,0.37690807798777193,0,2,0,0
lognormal,lnorm_pesada,100,P5,5,2,A,sdlog,2.0,300,298,0.9933333333333333,0.007508547418214384,0.003754273709107192,0.40758510332418996,0.20379255166209498,0.40820141333847015,0,2,0,0
lognormal,lnorm_pesada,100,P5,5,2,B,meanlog,5.0,300,300,1.0,-0.039020453733747296,-0.007804090746749459,0.19970139500701253,0.039940279001402505,0.19617935455940264,0,0,0,0
lognormal,lnorm_pesada,100,P5,5,2,B,sdlog,2.0,300,300,1.0,-0.026868713684151224,-0.013434356842075612,0.178133279053958,0.089066639526979,0.17638947859401913,0,0,0,0
lognormal,lnorm_pesada,100,P5,5,2,Bg,meanlog,5.0,300,300,1.0,-0.044881135169323905,-0.00897622703386478,0.3788489796145103,0.07576979592290206,0.3768096576804697,0,0,0,0
lognormal,lnorm_pesada,100,P5,5,2,Bg,sdlog,2.0,300,300,1.0,0.005299738139560972,0.002649869069780486,0.4070836252921679,0.20354181264608395,0.40772924170147656,0,0,0,0
lognormal,lnorm_pesada,100,P5,5,2,C,meanlog,5.0,300,300,1.0,-0.007374403119061235,-0.001474880623812247,0.1913506008142224,0.03827012016284448,0.19152792773101768,0,0,0,0
lognormal,lnorm_pesada,100,P5,5,2,C,sdlog,2.0,300,300,1.0,-0.027512786076007822,-0.013756393038003911,0.17580671356850924,0.08790335678425462,0.17393069528013483,0,0,0,0
lognormal,lnorm_pesada,100,P5,5,2,D,meanlog,5.0,300,300,1.0,-0.006193859990318629,-0.0012387719980637257,0.19529528988754347,0.03905905797750869,0.19552318892834422,0,0,0,0
lognormal,lnorm_pesada,100,P5,5,2,D,sdlog,2.0,300,300,1.0,-0.03616924878017547,-0.018084624390087733,0.18662143906894096,0.09331071953447048,0.18338879955488235,0,0,0,0
lognormal,lnorm_pesada,100,Pmk,2,2,A,meanlog,5.0,300,291,0.97,-0.01094016551687993,-0.002188033103375986,0.20692071572820575,0.04138414314564115,0.20698725726560074,0,9,0,0
lognormal,lnorm_pesada,100,Pmk,2,2,A,sdlog,2.0,300,291,0.97,-0.03425487886640721,-0.017127439433203606,0.2451500980584698,0.1225750490292349,0.24316324579711251,0,9,0,0
lognormal,lnorm_pesada,100,Pmk,2,2,B,meanlog,5.0,300,300,1.0,-0.010268877326767623,-0.0020537754653535247,0.20876885081389274,0.04175377016277855,0.20886454435405888,0,0,0,0
lognormal,lnorm_pesada,100,Pmk,2,2,B,sdlog,2.0,300,300,1.0,-0.034908973332399285,-0.017454486666199642,0.24346720222289367,0.12173360111144683,0.24135412748761015,0,0,0,0
lognormal,lnorm_pesada,100,Pmk,2,2,Bg,meanlog,5.0,300,300,1.0,-0.010235221065357791,-0.0020470442130715583,0.20875607687898953,0.04175121537579791,0.20885339119510485,0,0,0,0
lognormal,lnorm_pesada,100,Pmk,2,2,Bg,sdlog,2.0,300,300,1.0,-0.03495865999806402,-0.01747932999903201,0.2434237262620383,0.12171186313101914,0.24130290696162215,0,0,0,0
lognormal,lnorm_pesada,100,Pmk,2,2,C,meanlog,5.0,300,300,1.0,-0.010269104898952719,-0.002053820979790544,0.20876890046352273,0.04175378009270454,0.20886458292073215,0,0,0,0
lognormal,lnorm_pesada,100,Pmk,2,2,C,sdlog,2.0,300,300,1.0,-0.03490897726299935,-0.017454488631499676,0.24346730874691946,0.12173365437345973,0.2413542347332335,0,0,0,0
lognormal,lnorm_pesada,100,Pmk,2,2,D,meanlog,5.0,300,300,1.0,-0.01027065380444725,-0.00205413076088945,0.20876857833411352,0.041753715666822705,0.20886418344744184,0,0,0,0
lognormal,lnorm_pesada,100,Pmk,2,2,D,sdlog,2.0,300,300,1.0,-0.034911186206277645,-0.017455593103138822,0.2434594569814821,0.12172972849074105,0.24134596714588102,0,0,0,0
lognormal,lnorm_pesada,1000,P3c,3,2,A,meanlog,5.0,300,297,0.99,-0.0074009914103640995,-0.0014801982820728198,0.0719887282482034,0.014397745649640682,0.07172813465963944,0,3,0,0
lognormal,lnorm_pesada,1000,P3c,3,2,A,sdlog,2.0,300,297,0.99,-0.00021364728093620222,-0.00010682364046810111,0.10948254136426443,0.05474127068213221,0.10966711334561753,0,3,0,0
lognormal,lnorm_pesada,1000,P3c,3,2,B,meanlog,5.0,300,300,1.0,-0.007791464941922399,-0.00155829298838448,0.06611784739683765,0.013223569479367531,0.06576686414791123,0,0,0,0
lognormal,lnorm_pesada,1000,P3c,3,2,B,sdlog,2.0,300,300,1.0,-0.0021152500118746254,-0.0010576250059373127,0.08193166458061417,0.040965832290307085,0.08204120454064,0,0,0,0
lognormal,lnorm_pesada,1000,P3c,3,2,Bg,meanlog,5.0,300,300,1.0,-0.00735899038146659,-0.001471798076293318,0.07206206109156413,0.014412412218312826,0.07180510068426471,0,0,0,0
lognormal,lnorm_pesada,1000,P3c,3,2,Bg,sdlog,2.0,300,300,1.0,-0.0006458770983392981,-0.00032293854916964904,0.10906912522715674,0.05453456261357837,0.10924944725876432,0,0,0,0
lognormal,lnorm_pesada,1000,P3c,3,2,C,meanlog,5.0,300,300,1.0,-0.006637189605470439,-0.0013274379210940878,0.0660302728080156,0.01320605456160312,0.06580561707562929,0,0,0,0
lognormal,lnorm_pesada,1000,P3c,3,2,C,sdlog,2.0,300,300,1.0,-0.002114982148230249,-0.0010574910741151244,0.0819317006233243,0.04096585031166215,0.08204124758453395,0,0,0,0
lognormal,lnorm_pesada,1000,P3c,3,2,D,meanlog,5.0,300,300,1.0,-0.006705107156888879,-0.0013410214313777757,0.06650568377749007,0.013301136755498013,0.06627737028654508,0,0,0,0
lognormal,lnorm_pesada,1000,P3c,3,2,D,sdlog,2.0,300,300,1.0,-0.0009299117202636875,-0.00046495586013184376,0.08193634011592596,0.04096817005796298,0.08206795717229302,0,0,0,0
lognormal,lnorm_pesada,1000,P3w,3,2,A,meanlog,5.0,300,293,0.9766666666666667,-0.007196715945902987,-0.0014393431891805974,0.077377743811473,0.0154755487622946,0.07717415142944746,0,7,0,0
lognormal,lnorm_pesada,1000,P3w,3,2,A,sdlog,2.0,300,293,0.9766666666666667,-0.006587312414748636,-0.003293656207374318,0.0838143851421512,0.0419071925710756,0.08369807391011576,0,7,0,0
lognormal,lnorm_pesada,1000,P3w,3,2,B,meanlog,5.0,300,300,1.0,-0.008967496711763445,-0.001793499342352689,0.06531825242742845,0.01306365048548569,0.06480785675534917,0,0,0,0
lognormal,lnorm_pesada,1000,P3w,3,2,B,sdlog,2.0,300,300,1.0,-0.006918490399521859,-0.0034592451997609297,0.0581659746383954,0.0290829873191977,0.05784954909644259,0,0,0,0
lognormal,lnorm_pesada,1000,P3w,3,2,Bg,meanlog,5.0,300,300,1.0,-0.007175956954784901,-0.0014351913909569803,0.07667084432562668,0.015334168865125336,0.07646183395367538,0,0,0,0
lognormal,lnorm_pesada,1000,P3w,3,2,Bg,sdlog,2.0,300,300,1.0,-0.006371130016839643,-0.0031855650084198217,0.08325464398941022,0.04162732199470511,0.08314920574585093,0,0,0,0
lognormal,lnorm_pesada,1000,P3w,3,2,C,meanlog,5.0,300,300,1.0,-0.0066731396693953116,-0.0013346279338790623,0.06488036149126088,0.012976072298252175,0.0646441029613816,0,0,0,0
lognormal,lnorm_pesada,1000,P3w,3,2,C,sdlog,2.0,300,300,1.0,-0.006918486203238983,-0.0034592431016194913,0.0581660419003095,0.02908302095015475,0.05784961745598236,0,0,0,0
lognormal,lnorm_pesada,1000,P3w,3,2,D,meanlog,5.0,300,300,1.0,-0.0069043153518686395,-0.0013808630703737279,0.06732847354480478,0.013465694708960956,0.06708543282302261,0,0,0,0
lognormal,lnorm_pesada,1000,P3w,3,2,D,sdlog,2.0,300,300,1.0,-0.008114655283273375,-0.004057327641636688,0.058323978962453185,0.029161989481226593,0.05785322414055986,0,0,0,0
lognormal,lnorm_pesada,1000,P5,5,2,A,meanlog,5.0,300,298,0.9933333333333333,-0.004698860576739072,-0.0009397721153478145,0.11911926746883654,0.023823853493767307,0.11922676716126246,0,2,0,0
lognormal,lnorm_pesada,1000,P5,5,2,A,sdlog,2.0,300,298,0.9933333333333333,-0.008184602208207048,-0.004092301104103524,0.12094775628858942,0.06047387814429471,0.12087348851843963,0,2,0,0
lognormal,lnorm_pesada,1000,P5,5,2,B,meanlog,5.0,300,300,1.0,-0.009772620188928549,-0.00195452403778571,0.06280361559197338,0.012560723118394675,0.062142274125689685,0,0,0,0
lognormal,lnorm_pesada,1000,P5,5,2,B,sdlog,2.0,300,300,1.0,-0.005790514887658693,-0.0028952574438293466,0.057497478761759084,0.028748739380879542,0.05730073806888415,0,0,0,0
lognormal,lnorm_pesada,1000,P5,5,2,Bg,meanlog,5.0,300,300,1.0,-0.003951092017839386,-0.0007902184035678772,0.1190484115540514,0.02380968231081028,0.11918162904189397,0,0,0,0
lognormal,lnorm_pesada,1000,P5,5,2,Bg,sdlog,2.0,300,300,1.0,-0.0087230048663276,-0.0043615024331638,0.12079036849319345,0.06039518424659673,0.12067628125006437,0,0,0,0
lognormal,lnorm_pesada,1000,P5,5,2,C,meanlog,5.0,300,300,1.0,-0.00657269118017112,-0.001314538236034224,0.061971608937099215,0.012394321787419843,0.06172503526255291,0,0,0,0
lognormal,lnorm_pesada,1000,P5,5,2,C,sdlog,2.0,300,300,1.0,-0.005876521902234089,-0.0029382609511170443,0.05751724249984659,0.028758621249923295,0.05731185308000082,0,0,0,0
lognormal,lnorm_pesada,1000,P5,5,2,D,meanlog,5.0,300,300,1.0,-0.0066486278780582,-0.0013297255756116399,0.0635707186430456,0.01271414372860912,0.06332771917720016,0,0,0,0
lognormal,lnorm_pesada,1000,P5,5,2,D,sdlog,2.0,300,300,1.0,-0.005025209186281465,-0.0025126045931407326,0.06168393189812278,0.03084196594906139,0.061581618302506046,0,0,0,0
lognormal,lnorm_pesada,1000,Pmk,2,2,A,meanlog,5.0,300,278,0.9266666666666666,-0.0061861504435132275,-0.0012372300887026455,0.0684197271320464,0.01368394542640928,0.06826237838255829,0,22,0,0
lognormal,lnorm_pesada,1000,Pmk,2,2,A,sdlog,2.0,300,278,0.9266666666666666,-0.0024402970951040714,-0.0012201485475520357,0.08146644469948176,0.04073322234974088,0.08157674033749111,0,22,0,0
lognormal,lnorm_pesada,1000,Pmk,2,2,B,meanlog,5.0,300,300,1.0,-0.00642198795484461,-0.001284397590968922,0.06834814717152975,0.01366962943430595,0.06815946744581597,0,0,0,0
lognormal,lnorm_pesada,1000,Pmk,2,2,B,sdlog,2.0,300,300,1.0,-0.0021151529707921224,-0.0010575764853960612,0.08193170060821446,0.04096585030410723,0.08204124315076726,0,0,0,0
lognormal,lnorm_pesada,1000,Pmk,2,2,Bg,meanlog,5.0,300,300,1.0,-0.006442537924726821,-0.0012885075849453642,0.06831921100672947,0.013663842201345894,0.06812840741811181,0,0,0,0
lognormal,lnorm_pesada,1000,Pmk,2,2,Bg,sdlog,2.0,300,300,1.0,-0.0020838465384087623,-0.0010419232692043812,0.08196566868629286,0.04098283434314643,0.08207608282177406,0,0,0,0
lognormal,lnorm_pesada,1000,Pmk,2,2,C,meanlog,5.0,300,300,1.0,-0.006421965606459246,-0.0012843931212918492,0.06834815023313835,0.01366963004662767,0.06815947263887195,0,0,0,0
lognormal,lnorm_pesada,1000,Pmk,2,2,C,sdlog,2.0,300,300,1.0,-0.0021150617183518516,-0.0010575308591759258,0.08193184180884722,0.04096592090442361,0.08204138699492489,0,0,0,0
lognormal,lnorm_pesada,1000,Pmk,2,2,D,meanlog,5.0,300,300,1.0,-0.006422930742695954,-0.0012845861485391908,0.06834862892970502,0.013669725785941004,0.06815986302070827,0,0,0,0
lognormal,lnorm_pesada,1000,Pmk,2,2,D,sdlog,2.0,300,300,1.0,-0.002122214074097517,-0.0010611070370487585,0.08191946339713764,0.04095973169856882,0.08202879841818837,0,0,0,0
lognormal,lnorm_pesada,10000,P3c,3,2,A,meanlog,5.0,300,295,0.9833333333333333,-0.0017233631302469021,-0.00034467262604938044,0.02371751322525678,0.004743502645051356,0.023695013946930868,0,5,0,0
lognormal,lnorm_pesada,10000,P3c,3,2,A,sdlog,2.0,300,295,0.9833333333333333,0.004436863273797886,0.002218431636898943,0.03422384495839354,0.01711192247919677,0.03399268695699833,0,5,0,0
lognormal,lnorm_pesada,10000,P3c,3,2,B,meanlog,5.0,300,300,1.0,-0.001027857735267368,-0.00020557154705347358,0.020801549936784857,0.004160309987356971,0.02081085358665738,0,0,0,0
lognormal,lnorm_pesada,10000,P3c,3,2,B,sdlog,2.0,300,300,1.0,0.0021145371155730786,0.0010572685577865393,0.023431753642746144,0.011715876821373072,0.023375139258316645,0,0,0,0
lognormal,lnorm_pesada,10000,P3c,3,2,Bg,meanlog,5.0,300,300,1.0,-0.0018177995349510923,-0.00036355990699021845,0.0236399977787464,0.00472799955574928,0.023609386061420372,0,0,0,0
lognormal,lnorm_pesada,10000,P3c,3,2,Bg,sdlog,2.0,300,300,1.0,0.004428187368366476,0.002214093684183238,0.03396643136103333,0.016983215680516663,0.03373281228690704,0,0,0,0
lognormal,lnorm_pesada,10000,P3c,3,2,C,meanlog,5.0,300,300,1.0,-0.0008912205245801275,-0.0001782441049160255,0.02078265187916882,0.004156530375833764,0.020798226668375264,0,0,0,0
lognormal,lnorm_pesada,10000,P3c,3,2,C,sdlog,2.0,300,300,1.0,0.0021146515301952995,0.0010573257650976498,0.02343167976795248,0.01171583988397624,0.023375054571940293,0,0,0,0
lognormal,lnorm_pesada,10000,P3c,3,2,D,meanlog,5.0,300,300,1.0,-0.0010981485030709948,-0.00021962970061419895,0.021129751840718036,0.004225950368143607,0.02113645306596071,0,0,0,0
lognormal,lnorm_pesada,10000,P3c,3,2,D,sdlog,2.0,300,300,1.0,0.002248999986228739,0.0011244999931143695,0.023467716131160495,0.011733858065580248,0.023398732910438858,0,0,0,0
lognormal,lnorm_pesada,10000,P3w,3,2,A,meanlog,5.0,300,292,0.9733333333333334,-0.0020213998784033294,-0.0004042799756806659,0.025308846433661828,0.005061769286732366,0.025271303278770224,0,8,0,0
lognormal,lnorm_pesada,10000,P3w,3,2,A,sdlog,2.0,300,292,0.9733333333333334,0.0032900319964461744,0.0016450159982230872,0.029750569554625444,0.014875284777312722,0.02961885294352258,0,8,0,0
lognormal,lnorm_pesada,10000,P3w,3,2,B,meanlog,5.0,300,300,1.0,-0.0003470058198518089,-6.940116397036178e-05,0.021467657182111757,0.004293531436422351,0.021500716916949672,0,0,0,0
lognormal,lnorm_pesada,10000,P3w,3,2,B,sdlog,2.0,300,300,1.0,0.0012913989621536892,0.0006456994810768446,0.018258651524554942,0.009129325762277471,0.018243356170495592,0,0,0,0
lognormal,lnorm_pesada,10000,P3w,3,2,Bg,meanlog,5.0,300,300,1.0,-0.0020942115841098286,-0.0004188423168219657,0.025612044332728384,0.0051224088665456765,0.025568932851539043,0,0,0,0
lognormal,lnorm_pesada,10000,P3w,3,2,Bg,sdlog,2.0,300,300,1.0,0.0036704615183600353,0.0018352307591800177,0.029678739765360763,0.014839369882680382,0.029500104409467383,0,0,0,0
lognormal,lnorm_pesada,10000,P3w,3,2,C,meanlog,5.0,300,300,1.0,-8.755388970094202e-05,-1.7510777940188403e-05,0.021484393183281544,0.004296878636656309,0.021520111572912476,0,0,0,0
lognormal,lnorm_pesada,10000,P3w,3,2,C,sdlog,2.0,300,300,1.0,0.0012914178378089503,0.0006457089189044751,0.01825862731149293,0.009129313655746466,0.018243330515446916,0,0,0,0
lognormal,lnorm_pesada,10000,P3w,3,2,D,meanlog,5.0,300,300,1.0,-0.0013009913817771945,-0.0002601982763554389,0.022386151787278246,0.004477230357455649,0.022385656239771456,0,0,0,0
lognormal,lnorm_pesada,10000,P3w,3,2,D,sdlog,2.0,300,300,1.0,0.0011553718373220612,0.0005776859186610306,0.01824710534995427,0.009123552674977135,0.01824091755222335,0,0,0,0
lognormal,lnorm_pesada,10000,P5,5,2,A,meanlog,5.0,300,296,0.9866666666666667,-0.001000256610669048,-0.00020005132213380962,0.03832029266361636,0.007664058532723272,0.038372108412904664,0,4,0,0
lognormal,lnorm_pesada,10000,P5,5,2,A,sdlog,2.0,300,296,0.9866666666666667,0.003128576624491952,0.001564288312245976,0.04106175823341865,0.020530879116709325,0.04101173371854405,0,4,0,0
lognormal,lnorm_pesada,10000,P5,5,2,B,meanlog,5.0,300,300,1.0,-0.0004877832360108414,-9.755664720216828e-05,0.01986524425768698,0.003973048851537396,0.019892436427504455,0,0,0,0
lognormal,lnorm_pesada,10000,P5,5,2,B,sdlog,2.0,300,300,1.0,0.001465191094693452,0.000732595547346726,0.01762732149392732,0.00881366074696366,0.017595672871066604,0,0,0,0
lognormal,lnorm_pesada,10000,P5,5,2,Bg,meanlog,5.0,300,300,1.0,-0.0010494260390769838,-0.00020988520781539677,0.03821989748477373,0.007643979496954746,0.038269322861914944,0,0,0,0
lognormal,lnorm_pesada,10000,P5,5,2,Bg,sdlog,2.0,300,300,1.0,0.0028741260646905076,0.0014370630323452538,0.040885107081830595,0.020442553540915297,0.04085210351576236,0,0,0,0
lognormal,lnorm_pesada,10000,P5,5,2,C,meanlog,5.0,300,300,1.0,-0.00015278577415589467,-3.055715483117894e-05,0.019860082935329954,0.0039720165870659905,0.01989267736499772,0,0,0,0
lognormal,lnorm_pesada,10000,P5,5,2,C,sdlog,2.0,300,300,1.0,0.0014699362195149668,0.0007349681097574834,0.017627752185384458,0.008813876092692229,0.017595708695632494,0,0,0,0
lognormal,lnorm_pesada,10000,P5,5,2,D,meanlog,5.0,300,300,1.0,-0.0008003108727105968,-0.00016006217454211935,0.0202575323903001,0.00405150647806002,0.020275538115439702,0,0,0,0
lognormal,lnorm_pesada,10000,P5,5,2,D,sdlog,2.0,300,300,1.0,0.0016513487896365753,0.0008256743948182876,0.018267045092052292,0.009133522546026146,0.018222647076048884,0,0,0,0
lognormal,lnorm_pesada,10000,Pmk,2,2,A,meanlog,5.0,300,282,0.94,-0.0009336275893820911,-0.00018672551787641823,0.020916552235192783,0.004183310447038556,0.020932853176686226,0,18,0,0
lognormal,lnorm_pesada,10000,Pmk,2,2,A,sdlog,2.0,300,282,0.94,0.001937616064622727,0.0009688080323113635,0.023248629424305365,0.011624314712152682,0.02320893225818202,0,18,0,0
lognormal,lnorm_pesada,10000,Pmk,2,2,B,meanlog,5.0,300,300,1.0,-0.0002505496594071843,-5.010993188143686e-05,0.021150304924221763,0.004230060984844353,0.021184157248207606,0,0,0,0
lognormal,lnorm_pesada,10000,Pmk,2,2,B,sdlog,2.0,300,300,1.0,0.0021145299250240335,0.0010572649625120167,0.02343167425166467,0.011715837125832336,0.023375060061424875,0,0,0,0
lognormal,lnorm_pesada,10000,Pmk,2,2,Bg,meanlog,5.0,300,300,1.0,-0.0002784617137177037,-5.569234274354074e-05,0.021211263281519135,0.004242252656303827,0.02124487305624194,0,0,0,0
lognormal,lnorm_pesada,10000,Pmk,2,2,Bg,sdlog,2.0,300,300,1.0,0.0021564016209172365,0.0010782008104586183,0.023468004331429284,0.011734002165714642,0.02340776732739516,0,0,0,0
lognormal,lnorm_pesada,10000,Pmk,2,2,C,meanlog,5.0,300,300,1.0,-0.00025066495978798287,-5.0132991957596576e-05,0.02115032561999419,0.004230065123998838,0.021184176611456995,0,0,0,0
lognormal,lnorm_pesada,10000,Pmk,2,2,C,sdlog,2.0,300,300,1.0,0.0021145563675974977,0.0010572781837987488,0.023431535898756052,0.011715767949378026,0.023374918509534343,0,0,0,0
lognormal,lnorm_pesada,10000,Pmk,2,2,D,meanlog,5.0,300,300,1.0,-0.00024811019425552416,-4.9622038851104835e-05,0.021146837844498508,0.004229367568899701,0.0211807129441487,0,0,0,0
lognormal,lnorm_pesada,10000,Pmk,2,2,D,sdlog,2.0,300,300,1.0,0.0021053780272231037,0.0010526890136115519,0.02343036964995602,0.01171518482497801,0.023374576818290846,0,0,0,0
loglogistic,llog_moderada,100,P3c,3,2,A,shape,3.0,300,299,0.9966666666666667,0.0905071553832788,0.030169051794426267,0.41929270170908084,0.13976423390302695,0.41009424573512104,0,1,0,0
loglogistic,llog_moderada,100,P3c,3,2,A,scale,300.0,300,299,0.9966666666666667,0.5061343197809265,0.001687114399269755,17.608391045009206,0.05869463681669736,17.63062273680093,0,1,0,0
loglogistic,llog_moderada,100,P3c,3,2,B,shape,3.0,300,300,1.0,0.0903705175296512,0.030123505843217064,0.40623415198654067,0.13541138399551356,0.39671648444670493,0,0,0,0
loglogistic,llog_moderada,100,P3c,3,2,B,scale,300.0,300,300,1.0,0.25171828225904846,0.0008390609408634948,17.62633985912011,0.05875446619706704,17.65399027541359,0,0,0,0
loglogistic,llog_moderada,100,P3c,3,2,Bg,shape,3.0,300,300,1.0,0.09143890253364884,0.030479634177882946,0.4191387840515313,0.1397129280171771,0.40972653503445744,0,0,0,0
loglogistic,llog_moderada,100,P3c,3,2,Bg,scale,300.0,300,300,1.0,0.5106462064959487,0.0017021540216531623,17.579361469608298,0.05859787156536099,17.60130325815559,0,0,0,0
loglogistic,llog_moderada,100,P3c,3,2,C,shape,3.0,300,300,1.0,0.09037479467889797,0.030124931559632657,0.4062367481695478,0.13541224938984928,0.39671817421096284,0,0,0,0
loglogistic,llog_moderada,100,P3c,3,2,C,scale,300.0,300,300,1.0,0.4860751807598831,0.0016202506025329436,17.621822930787456,0.05873940976929152,17.644549908141006,0,0,0,0
loglogistic,llog_moderada,100,P3c,3,2,D,shape,3.0,300,300,1.0,0.07487583322213176,0.02495861107404392,0.40279937952847006,0.13426645984282334,0.3964402004374534,0,0,0,0
loglogistic,llog_moderada,100,P3c,3,2,D,scale,300.0,300,300,1.0,0.45493596941213355,0.0015164532313737785,17.581001950267794,0.05860333983422598,17.604480165915017,0,0,0,0
loglogistic,llog_moderada,100,P3w,3,2,A,shape,3.0,300,300,1.0,0.06677057056065294,0.022256856853550982,0.3473735546035114,0.11579118486783713,0.34146557631907776,0,0,0,0
loglogistic,llog_moderada,100,P3w,3,2,A,scale,300.0,300,300,1.0,0.8740227254647266,0.002913409084882422,18.41649703916128,0.06138832346387093,18.426481801311237,0,0,0,0
loglogistic,llog_moderada,100,P3w,3,2,B,shape,3.0,300,300,1.0,0.06914521810022789,0.023048406033409297,0.30177002792646784,0.10059000930882261,0.2942323301672767,0,0,0,0
loglogistic,llog_moderada,100,P3w,3,2,B,scale,300.0,300,300,1.0,0.7799997101171243,0.0025999990337237477,19.71590270094284,0.06571967566980948,19.73338392765035,0,0,0,0
loglogistic,llog_moderada,100,P3w,3,2,Bg,shape,3.0,300,300,1.0,0.066771883692053,0.022257294564017666,0.3473740288276045,0.11579134294253483,0.3414658027293239,0,0,0,0
loglogistic,llog_moderada,100,P3w,3,2,Bg,scale,300.0,300,300,1.0,0.8741034469648525,0.0029136781565495084,18.416502939768325,0.061388343132561085,18.426483876602227,0,0,0,0
loglogistic,llog_moderada,100,P3w,3,2,C,shape,3.0,300,300,1.0,0.06914200821594685,0.023047336071982283,0.30176859728639027,0.10058953242879676,0.2942316148069428,0,0,0,0
loglogistic,llog_moderada,100,P3w,3,2,C,scale,300.0,300,300,1.0,1.3560062370705168,0.004520020790235056,19.862924398231037,0.06620974799410345,19.84969472486758,0,0,0,0
loglogistic,llog_moderada,100,P3w,3,2,D,shape,3.0,300,300,1.0,0.1025075823499999,0.034169194116666635,0.31992359901751893,0.1066411996725063,0.3035629638352726,0,0,0,0
loglogistic,llog_moderada,100,P3w,3,2,D,scale,300.0,300,300,1.0,0.6146811160618313,0.0020489370535394374,18.330089425751385,0.06110029808583795,18.35038968214449,0,0,0,0
loglogistic,llog_moderada,100,P5,5,2,A,shape,3.0,300,300,1.0,0.061593376616894346,0.020531125538964783,0.3400259449525719,0.11334198165085729,0.3349595381112838,0,0,0,0
loglogistic,llog_moderada,100,P5,5,2,A,scale,300.0,300,300,1.0,0.5968192759611952,0.0019893975865373174,17.475396010482797,0.058251320034942655,17.49438340279108,0,0,0,0
loglogistic,llog_moderada,100,P5,5,2,B,shape,3.0,300,300,1.0,0.06692799629999868,0.022309332099999562,0.28806946501009684,0.09602315500336561,0.2806549792426931,0,0,0,0
loglogistic,llog_moderada,100,P5,5,2,B,scale,300.0,300,300,1.0,0.16406721328746698,0.0005468907109582232,18.033767532596507,0.06011255844198835,18.063151575849,0,0,0,0
loglogistic,llog_moderada,100,P5,5,2,Bg,shape,3.0,300,300,1.0,0.06159361077961689,0.020531203593205632,0.34002570813063887,0.11334190271021295,0.3349592537006111,0,0,0,0
loglogistic,llog_moderada,100,P5,5,2,Bg,scale,300.0,300,300,1.0,0.5968352281868761,0.0019894507606229204,17.47540890384431,0.05825136301281437,17.49439577919798,0,0,0,0
loglogistic,llog_moderada,100,P5,5,2,C,shape,3.0,300,300,1.0,0.06660431673456468,0.02220143891152156,0.2881600210770041,0.09605334035900137,0.2808254603903155,0,0,0,0
loglogistic,llog_moderada,100,P5,5,2,C,scale,300.0,300,300,1.0,0.985729740602153,0.0032857658020071768,18.175257777019965,0.06058419259006655,18.17883105339403,0,0,0,0
loglogistic,llog_moderada,100,P5,5,2,D,shape,3.0,300,300,1.0,0.08454156714901373,0.028180522383004575,0.31597078956902397,0.10532359652300799,0.30495944675548675,0,0,0,0
loglogistic,llog_moderada,100,P5,5,2,D,scale,300.0,300,300,1.0,0.575621463773814,0.0019187382125793798,17.344030333506357,0.05781343444502119,17.363438931033716,0,0,0,0
loglogistic,llog_moderada,100,Pmk,2,2,A,shape,3.0,300,285,0.95,0.09693939001994956,0.03231313000664985,0.41234502270074724,0.13744834090024907,0.40149318192017736,0,15,0,0
loglogistic,llog_moderada,100,Pmk,2,2,A,scale,300.0,300,285,0.95,0.7202204703793882,0.0024007349012646275,18.74711639066995,0.06249038796889984,18.7662288264578,0,15,0,0
loglogistic,llog_moderada,100,Pmk,2,2,B,shape,3.0,300,300,1.0,0.09037353399472003,0.030124511331573345,0.4062404543155105,0.13541348477183682,0.3967222701182827,0,0,0,0
loglogistic,llog_moderada,100,Pmk,2,2,B,scale,300.0,300,300,1.0,0.6129277759914089,0.0020430925866380296,18.622203504011384,0.06207401168003795,18.64321183105235,0,0,0,0
loglogistic,llog_moderada,100,Pmk,2,2,Bg,shape,3.0,300,300,1.0,0.09037676407946815,0.030125588026489385,0.406241500970884,0.13541383365696133,0.3967226071817663,0,0,0,0
loglogistic,llog_moderada,100,Pmk,2,2,Bg,scale,300.0,300,300,1.0,0.6130018724967954,0.002043339574989318,18.62221697956373,0.06207405659854577,18.643222892093565,0,0,0,0
loglogistic,llog_moderada,100,Pmk,2,2,C,shape,3.0,300,300,1.0,0.0903723050429246,0.030124101680974864,0.4062365360063907,0.1354121786687969,0.39671852527371515,0,0,0,0
loglogistic,llog_moderada,100,Pmk,2,2,C,scale,300.0,300,300,1.0,0.612911630655276,0.00204303876885092,18.622260101079224,0.06207420033693074,18.64326908598999,0,0,0,0
loglogistic,llog_moderada,100,Pmk,2,2,D,shape,3.0,300,300,1.0,0.09036934805066066,0.030123116016886886,0.4062371576781613,0.13541238589272045,0.39671983983122844,0,0,0,0
loglogistic,llog_moderada,100,Pmk,2,2,D,scale,300.0,300,300,1.0,0.6128625044377713,0.0020428750147925712,18.622255170058335,0.06207418390019445,18.643265764451385,0,0,0,0
loglogistic,llog_moderada,1000,P3c,3,2,A,shape,3.0,300,298,0.9933333333333333,0.005245340826555811,0.0017484469421852704,0.12135326575998132,0.04045108858666044,0.1214437871383414,0,2,0,0
loglogistic,llog_moderada,1000,P3c,3,2,A,scale,300.0,300,298,0.9933333333333333,0.3989575133127232,0.0013298583777090775,6.173378828639787,0.02057792942879929,6.170836384768434,0,2,0,0
loglogistic,llog_moderada,1000,P3c,3,2,B,shape,3.0,300,300,1.0,0.004024380319195053,0.0013414601063983511,0.11638326247816856,0.038794420826056185,0.11650800486992867,0,0,0,0
loglogistic,llog_moderada,1000,P3c,3,2,B,scale,300.0,300,300,1.0,0.345969682501277,0.0011532322750042567,6.1572470529473975,0.020524156843157993,6.157791071975924,0,0,0,0
loglogistic,llog_moderada,1000,P3c,3,2,Bg,shape,3.0,300,300,1.0,0.005133535084759444,0.0017111783615864813,0.12098422127861248,0.040328073759537494,0.12107722437961119,0,0,0,0
loglogistic,llog_moderada,1000,P3c,3,2,Bg,scale,300.0,300,300,1.0,0.38659964587122886,0.0012886654862374295,6.154406800902749,0.020514689336342498,6.152515089340198,0,0,0,0
loglogistic,llog_moderada,1000,P3c,3,2,C,shape,3.0,300,300,1.0,0.004024100988158086,0.0013413669960526953,0.11638077290278523,0.038793590967595076,0.11650551932331832,0,0,0,0
loglogistic,llog_moderada,1000,P3c,3,2,C,scale,300.0,300,300,1.0,0.3740055693298814,0.0012466852310996047,6.158966522101903,0.020529888407006345,6.157871905876211,0,0,0,0
loglogistic,llog_moderada,1000,P3c,3,2,D,shape,3.0,300,300,1.0,0.0022502504334025453,0.0007500834778008484,0.1165811595015181,0.03886038650050603,0.11675419305400134,0,0,0,0
loglogistic,llog_moderada,1000,P3c,3,2,D,scale,300.0,300,300,1.0,0.39133838376000085,0.0013044612792000028,6.164054977952082,0.02054684992650694,6.16189835562837,0,0,0,0
loglogistic,llog_moderada,1000,P3w,3,2,A,shape,3.0,300,293,0.9766666666666667,0.011394263520247083,0.0037980878400823612,0.10507744417459794,0.03502581472486598,0.10463655182781847,0,7,0,0
loglogistic,llog_moderada,1000,P3w,3,2,A,scale,300.0,300,293,0.9766666666666667,0.48597609287764953,0.001619920309592165,6.145304749042141,0.020484349163473803,6.136539765258575,0,7,0,0
loglogistic,llog_moderada,1000,P3w,3,2,B,shape,3.0,300,300,1.0,0.009980745750868714,0.0033269152502895714,0.09331610751942962,0.031105369173143205,0.09293584277918751,0,0,0,0
loglogistic,llog_moderada,1000,P3w,3,2,B,scale,300.0,300,300,1.0,0.45523169722105195,0.0015174389907368399,6.4329768901135465,0.021443256300378487,6.427570925103635,0,0,0,0
loglogistic,llog_moderada,1000,P3w,3,2,Bg,shape,3.0,300,300,1.0,0.010021127424275189,0.00334037580809173,0.10704648854875401,0.03568216284958467,0.10675446643009469,0,0,0,0
loglogistic,llog_moderada,1000,P3w,3,2,Bg,scale,300.0,300,300,1.0,0.4888924732296118,0.0016296415774320395,6.134971049342012,0.020449903497806707,6.125678224074493,0,0,0,0
loglogistic,llog_moderada,1000,P3w,3,2,C,shape,3.0,300,300,1.0,0.009975958269133667,0.0033253194230445557,0.09331490496539165,0.031104968321797214,0.0929351470138227,0,0,0,0
loglogistic,llog_moderada,1000,P3w,3,2,C,scale,300.0,300,300,1.0,0.5217265264125217,0.0017390884213750724,6.44357653387581,0.0214785884462527,6.433150971150238,0,0,0,0
loglogistic,llog_moderada,1000,P3w,3,2,D,shape,3.0,300,300,1.0,0.013240410996935736,0.004413470332311912,0.09370804646439938,0.031236015488133127,0.09292293434830422,0,0,0,0
loglogistic,llog_moderada,1000,P3w,3,2,D,scale,300.0,300,300,1.0,0.4791856910695742,0.0015972856368985807,6.307657271797717,0.021025524239325723,6.299937993956431,0,0,0,0
loglogistic,llog_moderada,1000,P5,5,2,A,shape,3.0,300,294,0.98,0.010777979724780451,0.0035926599082601505,0.10651391026790255,0.03550463675596752,0.10614788095064717,0,6,0,0
loglogistic,llog_moderada,1000,P5,5,2,A,scale,300.0,300,294,0.98,0.4123167601895261,0.0013743892006317538,5.990011636025663,0.019966705453418877,5.985993002143969,0,6,0,0
loglogistic,llog_moderada,1000,P5,5,2,B,shape,3.0,300,300,1.0,0.008238641175933648,0.002746213725311216,0.08829970964691132,0.02943323654897044,0.08806141545312804,0,0,0,0
loglogistic,llog_moderada,1000,P5,5,2,B,scale,300.0,300,300,1.0,0.3510294409949779,0.0011700981366499262,6.047104646763195,0.02015701548921065,6.046994300810934,0,0,0,0
loglogistic,llog_moderada,1000,P5,5,2,Bg,shape,3.0,300,300,1.0,0.008342180222547402,0.002780726740849134,0.10695231196132504,0.03565077065377501,0.10680463079945472,0,0,0,0
loglogistic,llog_moderada,1000,P5,5,2,Bg,scale,300.0,300,300,1.0,0.42398619093586376,0.0014132873031195458,5.938535864865311,0.019795119549551037,5.933278174373951,0,0,0,0
loglogistic,llog_moderada,1000,P5,5,2,C,shape,3.0,300,300,1.0,0.00816981581684395,0.0027232719389479834,0.08840604888876298,0.029468682962920992,0.08817482400475068,0,0,0,0
loglogistic,llog_moderada,1000,P5,5,2,C,scale,300.0,300,300,1.0,0.44006028453259205,0.0014668676151086402,6.057018736785024,0.02019006245595008,6.051105340615002,0,0,0,0
loglogistic,llog_moderada,1000,P5,5,2,D,shape,3.0,300,300,1.0,0.007172964860557851,0.002390988286852617,0.09147020472615576,0.03049006824205192,0.09134088598539011,0,0,0,0
loglogistic,llog_moderada,1000,P5,5,2,D,scale,300.0,300,300,1.0,0.4004063143079861,0.0013346877143599538,6.016503236000119,0.020055010786667063,6.0131950204064015,0,0,0,0
loglogistic,llog_moderada,1000,Pmk,2,2,A,shape,3.0,300,291,0.97,0.009957420567275221,0.0033191401890917405,0.1130401037672993,0.03768003458909976,0.11279465958702223,0,9,0,0
loglogistic,llog_moderada,1000,Pmk,2,2,A,scale,300.0,300,291,0.97,0.46104369214310736,0.0015368123071436912,6.440437600538423,0.021468125335128076,6.4349805034953595,0,9,0,0
loglogistic,llog_moderada,1000,Pmk,2,2,B,shape,3.0,300,300,1.0,0.004021440136767751,0.0013404800455892503,0.11638771724013548,0.03879590574671183,0.1165125716023846,0,0,0,0
loglogistic,llog_moderada,1000,Pmk,2,2,B,scale,300.0,300,300,1.0,0.3379117896136563,0.001126372632045521,6.459847531909463,0.021532825106364877,6.461782095582677,0,0,0,0
loglogistic,llog_moderada,1000,Pmk,2,2,Bg,shape,3.0,300,300,1.0,0.004029189236356867,0.0013430630787856224,0.11638507560319272,0.03879502520106424,0.11650965535049652,0,0,0,0
loglogistic,llog_moderada,1000,Pmk,2,2,Bg,scale,300.0,300,300,1.0,0.33802756884472274,0.0011267585628157424,6.459857799225448,0.021532859330751494,6.461786318322534,0,0,0,0
loglogistic,llog_moderada,1000,Pmk,2,2,C,shape,3.0,300,300,1.0,0.004023738486060857,0.0013412461620202858,0.1163836184848335,0.0387945394949445,0.1165083839270952,0,0,0,0
loglogistic,llog_moderada,1000,Pmk,2,2,C,scale,300.0,300,300,1.0,0.337898300525751,0.00112632766841917,6.459806203637636,0.02153268734545879,6.461741349249889,0,0,0,0
loglogistic,llog_moderada,1000,Pmk,2,2,D,shape,3.0,300,300,1.0,0.004023225388280149,0.0013410751294267165,0.11638903952175232,0.03879634650725077,0.11651383504744262,0,0,0,0
loglogistic,llog_moderada,1000,Pmk,2,2,D,scale,300.0,300,300,1.0,0.3379162427293636,0.0011263874757645453,6.4599158709252045,0.021533052903084014,6.461850408979181,0,0,0,0
loglogistic,llog_moderada,10000,P3c,3,2,A,shape,3.0,300,298,0.9933333333333333,-0.001940703286437806,-0.0006469010954792687,0.037702107776428406,0.012567369258809469,0.037715460273370076,0,2,0,0
loglogistic,llog_moderada,10000,P3c,3,2,A,scale,300.0,300,298,0.9933333333333333,-0.1724337913132672,-0.0005747793043775573,1.6753374402098151,0.005584458134032717,1.6692430527131765,0,2,0,0
loglogistic,llog_moderada,10000,P3c,3,2,B,shape,3.0,300,300,1.0,-0.0008372628771362578,-0.00027908762571208595,0.03652708690063674,0.012175695633545579,0.036578504959490554,0,0,0,0
loglogistic,llog_moderada,10000,P3c,3,2,B,scale,300.0,300,300,1.0,-0.1734481962554355,-0.000578160654184785,1.6838516945282493,0.005612838981760831,1.6776931882282555,0,0,0,0
loglogistic,llog_moderada,10000,P3c,3,2,Bg,shape,3.0,300,300,1.0,-0.0019222078725360525,-0.0006407359575120175,0.0376398568137397,0.012546618937913234,0.03765355101714743,0,0,0,0
loglogistic,llog_moderada,10000,P3c,3,2,Bg,scale,300.0,300,300,1.0,-0.17961307691098227,-0.0005987102563699409,1.674462817482465,0.00558154272494155,1.6675833764638988,0,0,0,0
loglogistic,llog_moderada,10000,P3c,3,2,C,shape,3.0,300,300,1.0,-0.000839150559666102,-0.000279716853222034,0.03652696536660823,0.012175655122202743,0.03657833978878697,0,0,0,0
loglogistic,llog_moderada,10000,P3c,3,2,C,scale,300.0,300,300,1.0,-0.1705692389761566,-0.0005685641299205221,1.6836242959196028,0.0056120809863986765,1.6777603634956164,0,0,0,0
loglogistic,llog_moderada,10000,P3c,3,2,D,shape,3.0,300,300,1.0,-0.0009919815168975,-0.0003306605056325,0.036528185209538794,0.01217606173651293,0.036575723723879856,0,0,0,0
loglogistic,llog_moderada,10000,P3c,3,2,D,scale,300.0,300,300,1.0,-0.193545116949565,-0.0006451503898318833,1.6696165980222142,0.005565388660074048,1.6611314611433519,0,0,0,0
loglogistic,llog_moderada,10000,P3w,3,2,A,shape,3.0,300,300,1.0,-0.0019128492272915132,-0.0006376164090971711,0.03353472170129759,0.011178240567099198,0.03353606206678048,0,0,0,0
loglogistic,llog_moderada,10000,P3w,3,2,A,scale,300.0,300,300,1.0,-0.1723408150557475,-0.0005744693835191584,1.7198207930315677,0.005732735976771892,1.7140230805559706,0,0,0,0
loglogistic,llog_moderada,10000,P3w,3,2,B,shape,3.0,300,300,1.0,-0.00042915971165147226,-0.00014305323721715743,0.02923614110338171,0.009745380367793903,0.02928183489368813,0,0,0,0
loglogistic,llog_moderada,10000,P3w,3,2,B,scale,300.0,300,300,1.0,-0.12992533472589685,-0.00043308444908632285,1.8744118007041763,0.006248039335680588,1.8730277938149928,0,0,0,0
loglogistic,llog_moderada,10000,P3w,3,2,Bg,shape,3.0,300,300,1.0,-0.0019116503776541727,-0.0006372167925513909,0.033534798748831016,0.011178266249610339,0.033536207956553904,0,0,0,0
loglogistic,llog_moderada,10000,P3w,3,2,Bg,scale,300.0,300,300,1.0,-0.1722093656194943,-0.0005740312187316476,1.7198106605883952,0.005732702201961318,1.7140261359292612,0,0,0,0
loglogistic,llog_moderada,10000,P3w,3,2,C,shape,3.0,300,300,1.0,-0.0004314847195163729,-0.00014382823983879098,0.029234752003502482,0.009744917334500827,0.02928040903894746,0,0,0,0
loglogistic,llog_moderada,10000,P3w,3,2,C,scale,300.0,300,300,1.0,-0.12352761380248012,-0.00041175871267493374,1.8745415856942484,0.006248471952314162,1.8735923371814882,0,0,0,0
loglogistic,llog_moderada,10000,P3w,3,2,D,shape,3.0,300,300,1.0,-0.00012929818863494091,-4.309939621164697e-05,0.029252362283958108,0.009750787427986036,0.029300952211581254,0,0,0,0
loglogistic,llog_moderada,10000,P3w,3,2,D,scale,300.0,300,300,1.0,-0.233221823007284,-0.0007774060766909467,1.7098006536940025,0.005699335512313342,1.6966500113012182,0,0,0,0
loglogistic,llog_moderada,10000,P5,5,2,A,shape,3.0,300,299,0.9966666666666667,-0.0017594066496053884,-0.0005864688832017961,0.033477039428707216,0.011159013142902406,0.03348681902808172,0,1,0,0
loglogistic,llog_moderada,10000,P5,5,2,A,scale,300.0,300,299,0.9966666666666667,-0.13936048944913182,-0.0004645349648304394,1.664637879122246,0.005548792930407487,1.66157499760466,0,1,0,0
loglogistic,llog_moderada,10000,P5,5,2,B,shape,3.0,300,300,1.0,-0.0005610091888486046,-0.00018700306294953487,0.027837897097094163,0.009279299032364722,0.027878746957461308,0,0,0,0
loglogistic,llog_moderada,10000,P5,5,2,B,scale,300.0,300,300,1.0,-0.12899092637809417,-0.00042996975459364727,1.722751887390524,0.005742506291301747,1.7207863780695052,0,0,0,0
loglogistic,llog_moderada,10000,P5,5,2,Bg,shape,3.0,300,300,1.0,-0.0016280917563822328,-0.0005426972521274109,0.03349174251743853,0.011163914172479509,0.03350804027838983,0,0,0,0
loglogistic,llog_moderada,10000,P5,5,2,Bg,scale,300.0,300,300,1.0,-0.14771645912117037,-0.0004923881970705679,1.66886051571023,0.005562868385700767,1.6650876829487589,0,0,0,0
loglogistic,llog_moderada,10000,P5,5,2,C,shape,3.0,300,300,1.0,-0.0005719907433143767,-0.00019066358110479223,0.027840106671667805,0.009280035557222602,0.027880736797305176,0,0,0,0
loglogistic,llog_moderada,10000,P5,5,2,C,scale,300.0,300,300,1.0,-0.12056110627679573,-0.00040187035425598574,1.722276944280533,0.0057409231476017765,1.7209226619699909,0,0,0,0
loglogistic,llog_moderada,10000,P5,5,2,D,shape,3.0,300,300,1.0,-0.000618572915761284,-0.000206190971920428,0.02882636855520129,0.00960878951840043,0.028867884244676897,0,0,0,0
loglogistic,llog_moderada,10000,P5,5,2,D,scale,300.0,300,300,1.0,-0.17814906262327668,-0.0005938302087442555,1.6388391631812307,0.005462797210604102,1.6318496125940694,0,0,0,0
loglogistic,llog_moderada,10000,Pmk,2,2,A,shape,3.0,300,300,1.0,-0.0008330141254431211,-0.00027767137514770707,0.036528851515042524,0.012176283838347507,0.03658037031134624,0,0,0,0
loglogistic,llog_moderada,10000,Pmk,2,2,A,scale,300.0,300,300,1.0,-0.11414200073272696,-0.0003804733357757565,1.8236157474942787,0.0060787191583142625,1.8230811137564975,0,0,0,0
loglogistic,llog_moderada,10000,Pmk,2,2,B,shape,3.0,300,300,1.0,-0.0008357521812984992,-0.00027858406043283307,0.03653126730920046,0.012177089103066821,0.036582728112616,0,0,0,0
loglogistic,llog_moderada,10000,Pmk,2,2,B,scale,300.0,300,300,1.0,-0.11415474018269833,-0.00038051580060899446,1.823583114690195,0.00607861038230065,1.8230475618735744,0,0,0,0
loglogistic,llog_moderada,10000,Pmk,2,2,Bg,shape,3.0,300,300,1.0,-0.0008319957033622316,-0.00027733190112074385,0.03652870503760462,0.012176235012534875,0.036580246806100496,0,0,0,0
loglogistic,llog_moderada,10000,Pmk,2,2,Bg,scale,300.0,300,300,1.0,-0.11407848630238959,-0.00038026162100796533,1.823629608890086,0.006078765362966953,1.8230990143445078,0,0,0,0
loglogistic,llog_moderada,10000,Pmk,2,2,C,shape,3.0,300,300,1.0,-0.0008390960179442963,-0.0002796986726480988,0.036525931989833574,0.012175310663277858,0.03657730566756221,0,0,0,0
loglogistic,llog_moderada,10000,Pmk,2,2,C,scale,300.0,300,300,1.0,-0.11416060752486601,-0.00038053535841622003,1.8235248913288433,0.006078416304429478,1.8229887579716624,0,0,0,0
loglogistic,llog_moderada,10000,Pmk,2,2,D,shape,3.0,300,300,1.0,-0.0008336865369269475,-0.0002778955123089825,0.03652493862364106,0.012174979541213687,0.036576434491156266,0,0,0,0
loglogistic,llog_moderada,10000,Pmk,2,2,D,scale,300.0,300,300,1.0,-0.1141338330171493,-0.00038044611005716433,1.823630381678952,0.006078767938929841,1.8230963142540828,0,0,0,0
loglogistic,llog_pesada,100,P3c,3,2,A,shape,1.5,300,297,0.99,0.04391662814226849,0.02927775209484566,0.20928145724184757,0.13952097149456505,0.20496709740085578,0,3,0,0
loglogistic,llog_pesada,100,P3c,3,2,A,scale,300.0,300,297,0.99,-1.153360610302343,-0.003844535367674477,39.025149944187994,0.13008383314729333,39.073939351095774,0,3,0,0
loglogistic,llog_pesada,100,P3c,3,2,B,shape,1.5,300,300,1.0,0.03994755677906747,0.026631704519378314,0.18769517465184668,0.12513011643456445,0.1837012751451031,0,0,0,0
loglogistic,llog_pesada,100,P3c,3,2,B,scale,300.0,300,300,1.0,-1.8107149263109363,-0.006035716421036455,38.84448478520206,0.12948161595067353,38.867091637931956,0,0,0,0
loglogistic,llog_pesada,100,P3c,3,2,Bg,shape,1.5,300,300,1.0,0.04342567115259888,0.028950447435065918,0.2091847346468595,0.139456489764573,0.20496952451724654,0,0,0,0
loglogistic,llog_pesada,100,P3c,3,2,Bg,scale,300.0,300,300,1.0,-1.0877515250670626,-0.0036258384168902087,38.88537028039497,0.12961790093464992,38.935099310573484,0,0,0,0
loglogistic,llog_pesada,100,P3c,3,2,C,shape,1.5,300,300,1.0,0.03994658093259207,0.02663105395506138,0.1876945336524732,0.12512968910164882,0.183700830933798,0,0,0,0
loglogistic,llog_pesada,100,P3c,3,2,C,scale,300.0,300,300,1.0,-0.9610745348567207,-0.0032035817828557356,38.93833681119954,0.1297944560373318,38.99151450472407,0,0,0,0
loglogistic,llog_pesada,100,P3c,3,2,D,shape,1.5,300,300,1.0,0.03255945972664542,0.021706306484430282,0.18533816504638315,0.12355877669758876,0.18276065000166955,0,0,0,0
loglogistic,llog_pesada,100,P3c,3,2,D,scale,300.0,300,300,1.0,-0.9990735984034131,-0.003330245328011377,38.7849094226759,0.12928303140891967,38.836821616188416,0,0,0,0
loglogistic,llog_pesada,100,P3w,3,2,A,shape,1.5,300,300,1.0,0.05682800472642291,0.03788533648428194,0.2241340358026327,0.14942269053508847,0.21717241247402672,0,0,0,0
loglogistic,llog_pesada,100,P3w,3,2,A,scale,300.0,300,300,1.0,-1.3290376117142841,-0.004430125372380947,39.493114720047835,0.1316437157334928,39.53669523642859,0,0,0,0
loglogistic,llog_pesada,100,P3w,3,2,B,shape,1.5,300,300,1.0,0.05416195723658701,0.03610797149105801,0.17592488496470826,0.11728325664313884,0.16765961557212855,0,0,0,0
loglogistic,llog_pesada,100,P3w,3,2,B,scale,300.0,300,300,1.0,-1.3504047509090924,-0.004501349169696974,40.82774917795596,0.1360924972598532,40.87358981577509,0,0,0,0
loglogistic,llog_pesada,100,P3w,3,2,Bg,shape,1.5,300,300,1.0,0.05682832184624309,0.037885547897495396,0.22413462121809827,0.1494230808120655,0.2171729354170213,0,0,0,0
loglogistic,llog_pesada,100,P3w,3,2,Bg,scale,300.0,300,300,1.0,-1.328974964165127,-0.00442991654721709,39.493149263524494,0.13164383087841497,39.536731970138554,0,0,0,0
loglogistic,llog_pesada,100,P3w,3,2,C,shape,1.5,300,300,1.0,0.05416163672604846,0.03610775781736564,0.1759248739157257,0.11728324927715046,0.16765970782564346,0,0,0,0
loglogistic,llog_pesada,100,P3w,3,2,C,scale,300.0,300,300,1.0,0.7549115067404841,0.002516371689134947,41.51873931083758,0.13839579770279195,41.58123558876739,0,0,0,0
loglogistic,llog_pesada,100,P3w,3,2,D,shape,1.5,300,300,1.0,0.06915430238126996,0.046102868254179974,0.18320736214204067,0.12213824142802711,0.16993787967479754,0,0,0,0
loglogistic,llog_pesada,100,P3w,3,2,D,scale,300.0,300,300,1.0,-0.5588555394058972,-0.0018628517980196573,39.50602935229725,0.13168676450765748,39.56807819075472,0,0,0,0
loglogistic,llog_pesada,100,P5,5,2,A,shape,1.5,300,300,1.0,0.05815024829679705,0.0387668321978647,0.2548864165609664,0.16992427770731092,0.2485791744902997,0,0,0,0
loglogistic,llog_pesada,100,P5,5,2,A,scale,300.0,300,300,1.0,-2.2875360017022786,-0.007625120005674262,45.37833692885848,0.15126112309619494,45.3963663199317,0,0,0,0
loglogistic,llog_pesada,100,P5,5,2,B,shape,1.5,300,300,1.0,0.04845184379849088,0.03230122919899392,0.16469061594207052,0.10979374396138035,0.15766508408979468,0,0,0,0
loglogistic,llog_pesada,100,P5,5,2,B,scale,300.0,300,300,1.0,-3.2009166859568836,-0.010669722286522946,38.27669627972962,0.12758898759909873,38.2063523732086,0,0,0,0
loglogistic,llog_pesada,100,P5,5,2,Bg,shape,1.5,300,300,1.0,0.058150461250217056,0.03876697416681137,0.25488658941226655,0.16992439294151104,0.2485793023371801,0,0,0,0
loglogistic,llog_pesada,100,P5,5,2,Bg,scale,300.0,300,300,1.0,-2.28748985343708,-0.0076249661781236,45.37836341165677,0.15126121137218923,45.39639521392503,0,0,0,0
loglogistic,llog_pesada,100,P5,5,2,C,shape,1.5,300,300,1.0,0.048584427295672805,0.0323896181971152,0.1651413612971436,0.1100942408647624,0.15809660894938948,0,0,0,0
loglogistic,llog_pesada,100,P5,5,2,C,scale,300.0,300,300,1.0,-0.15934757379028497,-0.0005311585793009499,38.59939555583312,0.12866465185277706,38.66355969714349,0,0,0,0
loglogistic,llog_pesada,100,P5,5,2,D,shape,1.5,300,300,1.0,0.049373496160180386,0.032915664106786924,0.16464489109938002,0.10976326073292002,0.1573299306095294,0,0,0,0
loglogistic,llog_pesada,100,P5,5,2,D,scale,300.0,300,300,1.0,-0.7821703015803223,-0.002607234338601074,38.1350104505035,0.12711670150167834,38.19069251788962,0,0,0,0
loglogistic,llog_pesada,100,Pmk,2,2,A,shape,1.5,300,295,0.9833333333333333,0.03768988176915267,0.025126587846101778,0.18439386570643654,0.12292924380429103,0.18080760158099995,0,5,0,0
loglogistic,llog_pesada,100,Pmk,2,2,A,scale,300.0,300,295,0.9833333333333333,-0.4491619571765,-0.0014972065239216665,40.92810946801397,0.13642703156004657,40.995187101690945,0,5,0,0
loglogistic,llog_pesada,100,Pmk,2,2,B,shape,1.5,300,300,1.0,0.03994672084059481,0.026631147227063206,0.18769455718597225,0.12512970479064817,0.1837008245339051,0,0,0,0
loglogistic,llog_pesada,100,Pmk,2,2,B,scale,300.0,300,300,1.0,-0.6893282416231727,-0.0022977608054105757,40.864473094227534,0.13621491031409177,40.9269271474162,0,0,0,0
loglogistic,llog_pesada,100,Pmk,2,2,Bg,shape,1.5,300,300,1.0,0.039947145780325766,0.026631430520217176,0.18769490437019523,0.12512993624679683,0.18370108773764907,0,0,0,0
loglogistic,llog_pesada,100,Pmk,2,2,Bg,scale,300.0,300,300,1.0,-0.6891970429676917,-0.0022973234765589724,40.86461289159825,0.13621537630532748,40.927069415231855,0,0,0,0
loglogistic,llog_pesada,100,Pmk,2,2,C,shape,1.5,300,300,1.0,0.03994736047770098,0.02663157365180065,0.1876939576683684,0.1251293051122456,0.18370007037450622,0,0,0,0
loglogistic,llog_pesada,100,Pmk,2,2,C,scale,300.0,300,300,1.0,-0.6892733250320475,-0.002297577750106825,40.86455072272758,0.1362151690757586,40.9270058446964,0,0,0,0
loglogistic,llog_pesada,100,Pmk,2,2,D,shape,1.5,300,300,1.0,0.03993495388535839,0.02662330259023893,0.18768328580002544,0.1251221905333503,0.1836918366805629,0,0,0,0
loglogistic,llog_pesada,100,Pmk,2,2,D,scale,300.0,300,300,1.0,-0.6894795770209043,-0.0022982652567363477,40.86432062502231,0.1362144020834077,40.92677184398242,0,0,0,0
loglogistic,llog_pesada,1000,P3c,3,2,A,shape,1.5,300,298,0.9933333333333333,0.004646478120390984,0.0030976520802606564,0.06445403860739837,0.04296935907159891,0.06439447383845005,0,2,0,0
loglogistic,llog_pesada,1000,P3c,3,2,A,scale,300.0,300,298,0.9933333333333333,-0.15442617592174201,-0.0005147539197391401,11.489170983441507,0.03829723661147169,11.5074571529916,0,2,0,0
loglogistic,llog_pesada,1000,P3c,3,2,B,shape,1.5,300,300,1.0,0.00455469204520087,0.0030364613634672466,0.05768456824369487,0.03845637882912991,0.057600552131506416,0,0,0,0
loglogistic,llog_pesada,1000,P3c,3,2,B,scale,300.0,300,300,1.0,-0.2345093465141872,-0.0007816978217139573,11.46124536864082,0.03820415122880274,11.477991916185292,0,0,0,0
loglogistic,llog_pesada,1000,P3c,3,2,Bg,shape,1.5,300,300,1.0,0.005319595676351874,0.0035463971175679157,0.06488330219591935,0.04325553479727957,0.06477291027406211,0,0,0,0
loglogistic,llog_pesada,1000,P3c,3,2,Bg,scale,300.0,300,300,1.0,-0.11213655690528412,-0.00037378852301761376,11.485012400751819,0.038283374669172726,11.503653712356257,0,0,0,0
loglogistic,llog_pesada,1000,P3c,3,2,C,shape,1.5,300,300,1.0,0.004554173198306755,0.0030361154655378364,0.057684046252022246,0.0384560308346815,0.05760006879250758,0,0,0,0
loglogistic,llog_pesada,1000,P3c,3,2,C,scale,300.0,300,300,1.0,-0.12958115960424266,-0.00043193719868080886,11.44904636609029,0.038163487886967634,11.467441393922085,0,0,0,0
loglogistic,llog_pesada,1000,P3c,3,2,D,shape,1.5,300,300,1.0,0.0036844396742510277,0.002456293116167352,0.05756167876421237,0.03837445250947492,0.05753961932804128,0,0,0,0
loglogistic,llog_pesada,1000,P3c,3,2,D,scale,300.0,300,300,1.0,-0.11459259812681921,-0.0003819753270893974,11.443116323597826,0.03814372107865942,11.461661252223196,0,0,0,0
loglogistic,llog_pesada,1000,P3w,3,2,A,shape,1.5,300,298,0.9933333333333333,0.0029192256938768146,0.0019461504625845432,0.0680976976319743,0.04539846508798287,0.0681495388362913,0,2,0,0
loglogistic,llog_pesada,1000,P3w,3,2,A,scale,300.0,300,298,0.9933333333333333,0.020926246944213744,6.975415648071249e-05,11.988659493105072,0.039962198310350236,12.008807166935506,0,2,0,0
loglogistic,llog_pesada,1000,P3w,3,2,B,shape,1.5,300,300,1.0,0.0035508991366057785,0.002367266091070519,0.05141757209454937,0.03427838139636625,0.051380518627210936,0,0,0,0
loglogistic,llog_pesada,1000,P3w,3,2,B,scale,300.0,300,300,1.0,0.16105018557715312,0.0005368339519238437,12.75408515320439,0.042513617177347966,12.774376694488456,0,0,0,0
loglogistic,llog_pesada,1000,P3w,3,2,Bg,shape,1.5,300,300,1.0,0.002813414478920029,0.0018756096526133526,0.06821149390667762,0.04547432927111841,0.06826732276726462,0,0,0,0
loglogistic,llog_pesada,1000,P3w,3,2,Bg,scale,300.0,300,300,1.0,-0.014718976005553941,-4.906325335184647e-05,11.99379281785825,0.03997930939286083,12.013823539138237,0,0,0,0
loglogistic,llog_pesada,1000,P3w,3,2,C,shape,1.5,300,300,1.0,0.003550189850471064,0.002366793233647376,0.05141744588191795,0.03427829725461196,0.05138044107891432,0,0,0,0
loglogistic,llog_pesada,1000,P3w,3,2,C,scale,300.0,300,300,1.0,0.4115012625387635,0.0013716708751292117,12.777085257253178,0.04259028419084393,12.791794547333177,0,0,0,0
loglogistic,llog_pesada,1000,P3w,3,2,D,shape,1.5,300,300,1.0,0.005090831184428879,0.003393887456285919,0.05164243600284256,0.034428290668561706,0.051476766530810396,0,0,0,0
loglogistic,llog_pesada,1000,P3w,3,2,D,scale,300.0,300,300,1.0,0.09077032858243683,0.0003025677619414561,11.931536027765635,0.03977178675921878,11.951125920397724,0,0,0,0
loglogistic,llog_pesada,1000,P5,5,2,A,shape,1.5,300,299,0.9966666666666667,0.0016890350837102108,0.0011260233891401406,0.07865617301730791,0.052437448678205274,0.07876986856102677,0,1,0,0
loglogistic,llog_pesada,1000,P5,5,2,A,scale,300.0,300,299,0.9966666666666667,-0.5951253577590023,-0.0019837511925300077,13.436594274943605,0.04478864758314535,13.445911976213688,0,1,0,0
loglogistic,llog_pesada,1000,P5,5,2,B,shape,1.5,300,300,1.0,0.0036105763421085957,0.0024070508947390636,0.0486119820051178,0.03240798800341187,0.04855871045253445,0,0,0,0
loglogistic,llog_pesada,1000,P5,5,2,B,scale,300.0,300,300,1.0,-0.16604755341580812,-0.0005534918447193605,11.76781198288605,0.0392260399429535,11.78630066443252,0,0,0,0
loglogistic,llog_pesada,1000,P5,5,2,Bg,shape,1.5,300,300,1.0,0.0014434304802699582,0.0009622869868466388,0.07863386590293306,0.05242257726862204,0.07875197959154875,0,0,0,0
loglogistic,llog_pesada,1000,P5,5,2,Bg,scale,300.0,300,300,1.0,-0.6122684159265646,-0.002040894719755215,13.418148241137706,0.044727160803792354,13.426568390215326,0,0,0,0
loglogistic,llog_pesada,1000,P5,5,2,C,shape,1.5,300,300,1.0,0.003476538278875285,0.0023176921859168567,0.04859555521462459,0.03239703680974972,0.04855202707050784,0,0,0,0
loglogistic,llog_pesada,1000,P5,5,2,C,scale,300.0,300,300,1.0,0.16027931155269926,0.0005342643718423308,11.769222261600355,0.03923074087200118,11.787793549875476,0,0,0,0
loglogistic,llog_pesada,1000,P5,5,2,D,shape,1.5,300,300,1.0,0.00419058605326228,0.0027937240355081863,0.0485253099015104,0.03235020660100693,0.04842479971038732,0,0,0,0
loglogistic,llog_pesada,1000,P5,5,2,D,scale,300.0,300,300,1.0,-0.06290872465035591,-0.00020969574883451968,11.279796377817602,0.037599321259392006,11.298467449455758,0,0,0,0
loglogistic,llog_pesada,1000,Pmk,2,2,A,shape,1.5,300,293,0.9766666666666667,0.00411353908792611,0.0027423593919507403,0.058186265163665214,0.038790843442443476,0.058139977322432326,0,7,0,0
loglogistic,llog_pesada,1000,Pmk,2,2,A,scale,300.0,300,293,0.9766666666666667,-0.09509115957786207,-0.0003169705319262069,12.061160253197711,0.04020386751065903,12.081419772653321,0,7,0,0
loglogistic,llog_pesada,1000,Pmk,2,2,B,shape,1.5,300,300,1.0,0.004553342579349362,0.003035561719566241,0.05768384404000729,0.03845589602667152,0.05759993149545612,0,0,0,0
loglogistic,llog_pesada,1000,Pmk,2,2,B,scale,300.0,300,300,1.0,-0.14190211749507853,-0.00047300705831692844,12.088575548623217,0.04029525182874406,12.107939402408496,0,0,0,0
loglogistic,llog_pesada,1000,Pmk,2,2,Bg,shape,1.5,300,300,1.0,0.004555537900788886,0.003037025267192591,0.05768472381298001,0.03845648254198667,0.05760064133399805,0,0,0,0
loglogistic,llog_pesada,1000,Pmk,2,2,Bg,scale,300.0,300,300,1.0,-0.1415928995112381,-0.000471976331704127,12.088715596093778,0.04029571865364592,12.108083325618303,0,0,0,0
loglogistic,llog_pesada,1000,Pmk,2,2,C,shape,1.5,300,300,1.0,0.004554068955951118,0.003036045970634079,0.057682971859526755,0.03845531457301784,0.057598997504613905,0,0,0,0
loglogistic,llog_pesada,1000,Pmk,2,2,C,scale,300.0,300,300,1.0,-0.14189987173546115,-0.00047299957245153717,12.088668586554725,0.04029556195518242,12.108032628620647,0,0,0,0
loglogistic,llog_pesada,1000,Pmk,2,2,D,shape,1.5,300,300,1.0,0.004532246929689343,0.0030214979531262287,0.0576732949835512,0.038448863322367466,0.057591001352793186,0,0,0,0
loglogistic,llog_pesada,1000,Pmk,2,2,D,scale,300.0,300,300,1.0,-0.14193838194876207,-0.0004731279398292069,12.08815128700198,0.040293837623339934,12.107513976127295,0,0,0,0
loglogistic,llog_pesada,10000,P3c,3,2,A,shape,1.5,300,300,1.0,0.00034546313166017306,0.00023030875444011537,0.02077789019361751,0.013851926795745007,0.02080972991141348,0,0,0,0
loglogistic,llog_pesada,10000,P3c,3,2,A,scale,300.0,300,300,1.0,0.03168274681240746,0.00010560915604135819,3.324199309853249,0.011080664366177497,3.3296022925576643,0,0,0,0
loglogistic,llog_pesada,10000,P3c,3,2,B,shape,1.5,300,300,1.0,0.000359630856643145,0.00023975390442876332,0.01890751397206794,0.01260500931471196,0.01893567928764399,0,0,0,0
loglogistic,llog_pesada,10000,P3c,3,2,B,scale,300.0,300,300,1.0,0.025566253359045277,8.522084453015092e-05,3.3083677213482026,0.011027892404494009,3.3137965394237576,0,0,0,0
loglogistic,llog_pesada,10000,P3c,3,2,Bg,shape,1.5,300,300,1.0,0.0003440082315364634,0.00022933882102430894,0.02077780974177404,0.013851873161182693,0.020809673496688778,0,0,0,0
loglogistic,llog_pesada,10000,P3c,3,2,Bg,scale,300.0,300,300,1.0,0.031963290914632125,0.00010654430304877375,3.3242024886731727,0.011080674962243908,3.329602786538042,0,0,0,0
loglogistic,llog_pesada,10000,P3c,3,2,C,shape,1.5,300,300,1.0,0.0003593484400306046,0.00023956562668706974,0.018907335229825798,0.012604890153217198,0.018935505593953777,0,0,0,0
loglogistic,llog_pesada,10000,P3c,3,2,C,scale,300.0,300,300,1.0,0.03482438476692096,0.00011608128255640319,3.3087988327701567,0.011029329442567189,3.314143751759194,0,0,0,0
loglogistic,llog_pesada,10000,P3c,3,2,D,shape,1.5,300,300,1.0,0.0002812365345510326,0.00018749102303402174,0.01889192947832407,0.012594619652216046,0.0189213980218855,0,0,0,0
loglogistic,llog_pesada,10000,P3c,3,2,D,scale,300.0,300,300,1.0,0.032943759346778734,0.00010981253115592911,3.3084336392768576,0.011028112130922859,3.313797221865619,0,0,0,0
loglogistic,llog_pesada,10000,P3w,3,2,A,shape,1.5,300,297,0.99,-0.0001857690994899741,-0.0001238460663266494,0.020716946139224864,0.013811297426149909,0.020751077154688723,0,3,0,0
loglogistic,llog_pesada,10000,P3w,3,2,A,scale,300.0,300,297,0.99,0.06452954284020507,0.0002150984761340169,3.4770200253450922,0.011590066751150308,3.4822885579479155,0,3,0,0
loglogistic,llog_pesada,10000,P3w,3,2,B,shape,1.5,300,300,1.0,0.00015268143482516372,0.00010178762321677581,0.015365160324073333,0.010243440216048888,0.015390073251272573,0,0,0,0
loglogistic,llog_pesada,10000,P3w,3,2,B,scale,300.0,300,300,1.0,0.08804790078278302,0.0002934930026092767,3.7498699026571196,0.0124995663421904,3.7550997903481917,0,0,0,0
loglogistic,llog_pesada,10000,P3w,3,2,Bg,shape,1.5,300,300,1.0,-9.679072753510098e-05,-6.452715169006733e-05,0.02067607855833251,0.013784052372221673,0.020710398147068564,0,0,0,0
loglogistic,llog_pesada,10000,P3w,3,2,Bg,scale,300.0,300,300,1.0,0.03959189171274602,0.00013197297237582006,3.4743465692380417,0.011581155230793472,3.479925694813733,0,0,0,0
loglogistic,llog_pesada,10000,P3w,3,2,C,shape,1.5,300,300,1.0,0.0001521278232823331,0.00010141854885488873,0.015365254479422727,0.010243502986281818,0.015390173069195908,0,0,0,0
loglogistic,llog_pesada,10000,P3w,3,2,C,scale,300.0,300,300,1.0,0.11227234180523737,0.00037424113935079125,3.751973592942843,0.012506578643142809,3.7565595824362994,0,0,0,0
loglogistic,llog_pesada,10000,P3w,3,2,D,shape,1.5,300,300,1.0,0.00030373126436611386,0.00020248750957740924,0.01537826212148897,0.010252174747659314,0.015400952057492848,0,0,0,0
loglogistic,llog_pesada,10000,P3w,3,2,D,scale,300.0,300,300,1.0,0.052212466827597837,0.0001740415560919928,3.44725283414902,0.011490842780496733,3.452616567871197,0,0,0,0
loglogistic,llog_pesada,10000,P5,5,2,A,shape,1.5,300,299,0.9966666666666667,-0.0002479245017779075,-0.00016528300118527164,0.024117580695952597,0.016078387130635065,0.02415673606420128,0,1,0,0
loglogistic,llog_pesada,10000,P5,5,2,A,scale,300.0,300,299,0.9966666666666667,-0.021417007504169305,-7.139002501389768e-05,3.8673892928967857,0.012891297642989286,3.8738133645859296,0,1,0,0
loglogistic,llog_pesada,10000,P5,5,2,B,shape,1.5,300,300,1.0,0.00016533704037602348,0.00011022469358401565,0.014676407379456706,0.009784271586304471,0.014699996492759493,0,0,0,0
loglogistic,llog_pesada,10000,P5,5,2,B,scale,300.0,300,300,1.0,0.048087432360716775,0.00016029144120238925,3.401129286608105,0.011337097622027016,3.406471515172934,0,0,0,0
loglogistic,llog_pesada,10000,P5,5,2,Bg,shape,1.5,300,300,1.0,-0.00024534317997648714,-0.00016356211998432477,0.024077444912450233,0.016051629941633488,0.024116422475417534,0,0,0,0
loglogistic,llog_pesada,10000,P5,5,2,Bg,scale,300.0,300,300,1.0,-0.027738126550730158,-9.24604218357672e-05,3.86255762501738,0.012875192083391267,3.868911594492957,0,0,0,0
loglogistic,llog_pesada,10000,P5,5,2,C,shape,1.5,300,300,1.0,0.0001636295383062869,0.00010908635887085794,0.01468002103606735,0.009786680690711567,0.014703635581877558,0,0,0,0
loglogistic,llog_pesada,10000,P5,5,2,C,scale,300.0,300,300,1.0,0.08111677374051851,0.00027038924580172837,3.4026911580944423,0.011342303860314807,3.407407902659888,0,0,0,0
loglogistic,llog_pesada,10000,P5,5,2,D,shape,1.5,300,300,1.0,0.0002657591004309179,0.00017717273362061192,0.015135453333163835,0.010090302222109224,0.015158405056175116,0,0,0,0
loglogistic,llog_pesada,10000,P5,5,2,D,scale,300.0,300,300,1.0,0.04454253770006744,0.00014847512566689146,3.251398324063966,0.010837994413546553,3.25652527709044,0,0,0,0
loglogistic,llog_pesada,10000,Pmk,2,2,A,shape,1.5,300,299,0.9966666666666667,0.0003016655853211869,0.0002011103902141246,0.01891227795004904,0.012608185300032694,0.018941573296421824,0,1,0,0
loglogistic,llog_pesada,10000,Pmk,2,2,A,scale,300.0,300,299,0.9966666666666667,0.01930949407983462,6.43649802661154e-05,3.4864411742338857,0.011621470580779619,3.49223244604321,0,1,0,0
loglogistic,llog_pesada,10000,Pmk,2,2,B,shape,1.5,300,300,1.0,0.0003585805619907845,0.0002390537079938563,0.018907397815067277,0.012604931876711517,0.018935582900553097,0,0,0,0
loglogistic,llog_pesada,10000,Pmk,2,2,B,scale,300.0,300,300,1.0,0.04172727574143664,0.00013909091913812214,3.502464213981302,0.011674880713271007,3.5080673015188113,0,0,0,0
loglogistic,llog_pesada,10000,Pmk,2,2,Bg,shape,1.5,300,300,1.0,0.0003585623825907991,0.00023904158839386605,0.018908587431823668,0.012605724954549112,0.018936775064695686,0,0,0,0
loglogistic,llog_pesada,10000,Pmk,2,2,Bg,scale,300.0,300,300,1.0,0.04184357870377653,0.0001394785956792551,3.502589314076436,0.01167529771358812,3.5081912296342455,0,0,0,0
loglogistic,llog_pesada,10000,Pmk,2,2,C,shape,1.5,300,300,1.0,0.0003581915922779011,0.00023879439485193407,0.01890732191245438,0.012604881274969587,0.018935514243963468,0,0,0,0
loglogistic,llog_pesada,10000,Pmk,2,2,C,scale,300.0,300,300,1.0,0.04179822309839665,0.00013932741032798883,3.502400908360995,0.01167466969453665,3.5080030381714042,0,0,0,0
loglogistic,llog_pesada,10000,Pmk,2,2,D,shape,1.5,300,300,1.0,0.00035486096833659,0.00023657397889106,0.018901292087912497,0.012600861391941665,0.018929536200206223,0,0,0,0
loglogistic,llog_pesada,10000,Pmk,2,2,D,scale,300.0,300,300,1.0,0.04164190627801645,0.00013880635426005483,3.5022235751071276,0.011674078583690425,3.5078272613298362,0,0,0,0
pareto,par_var_finita,100,P3c,3,2,A,shape,3.5,300,296,0.9866666666666667,51009.39278063142,14574.112223037548,656271.1895454393,187506.0541558398,655393.8268960278,0,4,0,0
pareto,par_var_finita,100,P3c,3,2,A,scale,700.0,300,296,0.9866666666666667,10673123.924564606,15247.319892235151,133655409.35947628,190936.29908496613,133454193.90016404,0,4,0,0
pareto,par_var_finita,100,P3c,3,2,B,shape,3.5,300,294,0.98,22665210347.87399,6475774385.106854,363310175527.2846,103802907293.50989,363220746977.27875,0,6,0,0
pareto,par_var_finita,100,P3c,3,2,B,scale,700.0,300,294,0.98,5683668884735.032,8119526978.1929035,90435175776221.47,129193108251.74495,90410285442680.9,0,6,0,0
pareto,par_var_finita,100,P3c,3,2,Bg,shape,3.5,300,298,0.9933333333333333,26203451.12338527,7486700.32096722,451500233.7764185,129000066.79326244,451497397.9078558,0,2,0,0
pareto,par_var_finita,100,P3c,3,2,Bg,scale,700.0,300,298,0.9933333333333333,7372484619.813605,10532120.885448007,127108336923.69466,181583338.46242094,127107796244.47023,0,2,0,0
pareto,par_var_finita,100,P3c,3,2,C,shape,3.5,300,296,0.9866666666666667,643664360.4316013,183904102.9804575,11073524133.799824,3163864038.228521,11073522451.563116,0,4,0,0
pareto,par_var_finita,100,P3c,3,2,C,scale,700.0,300,296,0.9866666666666667,154033284358.57224,220047549.0836746,2649967133307.631,3785667333.2966156,2649966720773.7227,0,4,0,0
pareto,par_var_finita,100,P3c,3,2,D,shape,3.5,300,297,0.99,2526619784.671851,721891367.0491003,40772070409.91623,11649162974.26178,40762389993.32632,0,3,0,0
pareto,par_var_finita,100,P3c,3,2,D,scale,700.0,300,297,0.99,579557829889.2454,827939756.9846362,9342755625605.025,13346793750.864323,9340500491949.418,0,3,0,0
pareto,par_var_finita,100,P3w,3,2,A,shape,3.5,300,294,0.98,12171.781817894755,3477.65194796993,82542.02892664933,23583.436836185523,81778.85927261172,0,6,0,0
pareto,par_var_finita,100,P3w,3,2,A,scale,700.0,300,294,0.98,2813022.8347286703,4018.604049612386,18709650.375555206,26728.071965078867,18528508.46445584,0,6,0,0
pareto,par_var_finita,100,P3w,3,2,B,shape,3.5,300,300,1.0,11477.770952655748,3279.3631293302137,87717.46315638078,25062.132330394506,87108.59395232229,0,0,0,0
pareto,par_var_finita,100,P3w,3,2,B,scale,700.0,300,300,1.0,2749810.982486986,3928.301403552837,20223570.041753996,28890.81434536285,20069227.7996915,0,0,0,0
pareto,par_var_finita,100,P3w,3,2,Bg,shape,3.5,300,299,0.9966666666666667,9293.443141348644,2655.269468956755,53960.77112292195,15417.3631779777,53243.57174209291,0,1,0,0
pareto,par_var_finita,100,P3w,3,2,Bg,scale,700.0,300,299,0.9966666666666667,2192240.6916835494,3131.772416690785,13156755.308828577,18795.36472689797,12994577.213172015,0,1,0,0
pareto,par_var_finita,100,P3w,3,2,C,shape,3.5,300,298,0.9933333333333333,1750426688.9881895,500121911.1394827,30216854406.626835,8633386973.321953,30216853749.166126,0,2,0,0
pareto,par_var_finita,100,P3w,3,2,C,scale,700.0,300,298,0.9933333333333333,422903277150.30475,604147538.7861496,7300394222341.665,10429134603.345236,7300394059908.184,0,2,0,0
pareto,par_var_finita,100,P3w,3,2,D,shape,3.5,300,299,0.9966666666666667,36007418944.57556,10287833984.164446,622624656702.4469,177892759057.84198,622624650589.6521,0,1,0,0
pareto,par_var_finita,100,P3w,3,2,D,scale,700.0,300,299,0.9966666666666667,10994057359369.135,15705796227.670193,190104589358397.72,271577984797.71103,190104587902346.7,0,1,0,0
pareto,par_var_finita,100,P5,5,2,A,shape,3.5,300,297,0.99,659152208031.975,188329202294.85,11313014698230.459,3232289913780.1313,11312856910738.295,0,3,0,0
pareto,par_var_finita,100,P5,5,2,A,scale,700.0,300,297,0.99,144919099001857.72,207027284288.36816,2485794563533941.5,3551135090762.7734,2485754956864958.0,0,3,0,0
pareto,par_var_finita,100,P5,5,2,B,shape,3.5,300,299,0.9966666666666667,33952.24810224643,9700.64231492755,311520.0797297213,89005.73706563466,310183.4782431794,0,1,0,0
pareto,par_var_finita,100,P5,5,2,B,scale,700.0,300,299,0.9966666666666667,7546964.392902749,10781.377704146784,69160687.50637273,98800.98215196106,68862935.63365038,0,1,0,0
pareto,par_var_finita,100,P5,5,2,Bg,shape,3.5,300,295,0.9833333333333333,43203821.01234282,12343948.860669376,741447457.2637091,211842130.64677402,741445406.9819063,0,5,0,0
pareto,par_var_finita,100,P5,5,2,Bg,scale,700.0,300,295,0.9833333333333333,8532522298.967439,12189317.569953484,146380399303.0245,209114856.14717788,146379819087.1778,0,5,0,0
pareto,par_var_finita,100,P5,5,2,C,shape,3.5,300,298,0.9933333333333333,178449550135.5579,50985585753.01654,2186355902273.6426,624673114935.3264,2182726610942.0576,0,2,0,0
pareto,par_var_finita,100,P5,5,2,C,scale,700.0,300,298,0.9933333333333333,54323276819805.89,77604681171.15128,663347236557883.8,947638909368.4054,662231215477726.6,0,2,0,0
pareto,par_var_finita,100,P5,5,2,D,shape,3.5,300,294,0.98,5932.047691712151,1694.8707690606147,36199.52796092147,10342.72227454899,35771.06246647986,0,6,0,0
pareto,par_var_finita,100,P5,5,2,D,scale,700.0,300,294,0.98,1434575.2783959545,2049.3932548513635,8856485.239612432,12652.121770874903,8754427.728796622,0,6,0,0
pareto,par_var_finita,100,Pmk,2,2,A,shape,3.5,300,293,0.9766666666666667,300044676653.83636,85727050472.52467,5115429846729.066,1461551384779.7332,5115359473530.427,0,7,0,0
pareto,par_var_finita,100,Pmk,2,2,A,scale,700.0,300,293,0.9766666666666667,64476036395677.164,92108623422.39595,1098697574119636.0,1569567963028.0515,1098680568631422.1,0,7,0,0
pareto,par_var_finita,100,Pmk,2,2,B,shape,3.5,300,296,0.9866666666666667,279562312183.1064,79874946338.0304,4809771345603.695,1374220384458.1987,4809771343779.94,0,4,0,0
pareto,par_var_finita,100,Pmk,2,2,B,scale,700.0,300,296,0.9866666666666667,67449305151946.625,96356150217.0666,1160441594188986.0,1657773705984.2656,1160441593749266.8,0,4,0,0
pareto,par_var_finita,100,Pmk,2,2,Bg,shape,3.5,300,298,0.9933333333333333,613797402.6217651,175370686.46336147,10521341245.951015,3006097498.8431473,10521089700.440575,0,2,0,0
pareto,par_var_finita,100,Pmk,2,2,Bg,scale,700.0,300,298,0.9933333333333333,138649755989.86783,198071079.98552546,2371165409527.6177,3387379156.468025,2371089969467.0527,0,2,0,0
pareto,par_var_finita,100,Pmk,2,2,C,shape,3.5,300,289,0.9633333333333334,381927195046.9364,109122055727.69612,5121162097446.131,1463189170698.8945,5115758976388.107,0,11,0,0
pareto,par_var_finita,100,Pmk,2,2,C,scale,700.0,300,289,0.9633333333333334,96001547236574.45,137145067480.82065,1327938756003779.8,1897055365719.6853,1326761482843237.5,0,11,0,0
pareto,par_var_finita,100,Pmk,2,2,D,shape,3.5,300,297,0.99,213727.25322850276,61064.92949385793,3240151.1120010205,925757.4605717201,3238551.1792787844,0,3,0,0
pareto,par_var_finita,100,Pmk,2,2,D,scale,700.0,300,297,0.99,53550323.04945906,76500.46149922723,817189176.838289,1167413.1097689844,816808974.31,0,3,0,0
pareto,par_var_finita,1000,P3c,3,2,A,shape,3.5,300,294,0.98,252.9686299940929,72.27675142688369,3407.1462051063595,973.4703443161027,3403.535467471018,0,6,0,0
pareto,par_var_finita,1000,P3c,3,2,A,scale,700.0,300,294,0.98,59849.24757200541,85.49892510286487,807947.2606753726,1154.2103723933894,807101.314881783,0,6,0,0
pareto,par_var_finita,1000,P3c,3,2,B,shape,3.5,300,299,0.9966666666666667,33.14896150966258,9.471131859903593,397.8921404799799,113.68346870856568,397.17361865594427,0,1,0,0
pareto,par_var_finita,1000,P3c,3,2,B,scale,700.0,300,299,0.9966666666666667,7845.272359551245,11.207531942216065,93588.81378109765,133.69830540156806,93415.7556124584,0,1,0,0
pareto,par_var_finita,1000,P3c,3,2,Bg,shape,3.5,300,300,1.0,121.76624534211214,34.79035581203204,1092.4719730264258,312.13484943612167,1087.4787477307727,0,0,0,0
pareto,par_var_finita,1000,P3c,3,2,Bg,scale,700.0,300,300,1.0,28616.661806553653,40.88094543793379,258109.6603372426,368.7280861960608,256946.99053749786,0,0,0,0
pareto,par_var_finita,1000,P3c,3,2,C,shape,3.5,300,300,1.0,2825.4397866281015,807.2685104651719,42040.52753981318,12011.57929708948,42015.559060684514,0,0,0,0
pareto,par_var_finita,1000,P3c,3,2,C,scale,700.0,300,300,1.0,647400.0251766512,924.8571788237874,9573579.452727815,13676.54207532545,9567623.956465606,0,0,0,0
pareto,par_var_finita,1000,P3c,3,2,D,shape,3.5,300,300,1.0,45.96585228071966,13.133100651634189,702.3069296590098,200.6591227597171,701.9720171874517,0,0,0,0
pareto,par_var_finita,1000,P3c,3,2,D,scale,700.0,300,300,1.0,11455.43699343438,16.364909990620543,176411.5547228186,252.01650674688372,176333.36170782338,0,0,0,0
pareto,par_var_finita,1000,P3w,3,2,A,shape,3.5,300,295,0.9833333333333333,0.23845756839795973,0.0681307338279885,0.9758874377311777,0.2788249822089079,0.9479135921085226,0,5,0,0
pareto,par_var_finita,1000,P3w,3,2,A,scale,700.0,300,295,0.9833333333333333,57.34497403259127,0.08192139147513038,236.23730989618448,0.3374818712802635,229.56101303420405,0,5,0,0
pareto,par_var_finita,1000,P3w,3,2,B,shape,3.5,300,300,1.0,0.41639724003736944,0.11897064001067699,1.98647334616988,0.5675638131913943,1.9455866428446047,0,0,0,0
pareto,par_var_finita,1000,P3w,3,2,B,scale,700.0,300,300,1.0,102.29401750919385,0.14613431072741978,503.7692498150363,0.7196703568786232,494.09833866204735,0,0,0,0
pareto,par_var_finita,1000,P3w,3,2,Bg,shape,3.5,300,300,1.0,0.24659537393578068,0.07045582112450877,0.9795097027038583,0.2798599150582452,0.949544854485597,0,0,0,0
pareto,par_var_finita,1000,P3w,3,2,Bg,scale,700.0,300,300,1.0,59.037436910985434,0.08433919558712205,236.596181598586,0.33799454514083715,229.49486668797832,0,0,0,0
pareto,par_var_finita,1000,P3w,3,2,C,shape,3.5,300,300,1.0,0.4897157723974872,0.13991879211356778,2.5043511341160305,0.715528895461723,2.4601070751665115,0,0,0,0
pareto,par_var_finita,1000,P3w,3,2,C,scale,700.0,300,300,1.0,122.28053597925498,0.17468647997036427,646.1494034282179,0.9230705763260255,635.5335277972749,0,0,0,0
pareto,par_var_finita,1000,P3w,3,2,D,shape,3.5,300,300,1.0,0.2548907249703234,0.0728259214200924,0.9957638108596615,0.2845039459599033,0.9641966618300124,0,0,0,0
pareto,par_var_finita,1000,P3w,3,2,D,scale,700.0,300,300,1.0,60.85753484158806,0.08693933548798295,239.3215736600912,0.34188796237155883,231.84120402788128,0,0,0,0
pareto,par_var_finita,1000,P5,5,2,A,shape,3.5,300,299,0.9966666666666667,0.2973507874297354,0.08495736783706727,1.1012355299954746,0.3146387228558499,1.0621087646374374,0,1,0,0
pareto,par_var_finita,1000,P5,5,2,A,scale,700.0,300,299,0.9966666666666667,72.6081033552781,0.10372586193611158,269.35999965481307,0.3847999995068758,259.8242756043819,0,1,0,0
pareto,par_var_finita,1000,P5,5,2,B,shape,3.5,300,300,1.0,0.3560472803892929,0.10172779439694082,1.554298207448088,0.44408520212802516,1.5154962933599296,0,0,0,0
pareto,par_var_finita,1000,P5,5,2,B,scale,700.0,300,300,1.0,85.40136393373314,0.12200194847676163,382.20932535047933,0.5460133219292562,373.16853826337694,0,0,0,0
pareto,par_var_finita,1000,P5,5,2,Bg,shape,3.5,300,300,1.0,0.2972843122677751,0.08493837493365002,1.0995122325498692,0.31414635215710546,1.0603286487456502,0,0,0,0
pareto,par_var_finita,1000,P5,5,2,Bg,scale,700.0,300,300,1.0,72.50908654224645,0.10358440934606636,268.92085342530146,0.38417264775043064,259.39379634268766,0,0,0,0
pareto,par_var_finita,1000,P5,5,2,C,shape,3.5,300,300,1.0,0.40078703717406805,0.11451058204973373,1.6948364138153484,0.48423897537581384,1.6495180872489925,0,0,0,0
pareto,par_var_finita,1000,P5,5,2,C,scale,700.0,300,300,1.0,97.67106091255255,0.1395300870179322,420.06413953795106,0.6000916279113586,409.23402450025003,0,0,0,0
pareto,par_var_finita,1000,P5,5,2,D,shape,3.5,300,300,1.0,0.2913037824668936,0.08322965213339817,1.2028917268472008,0.34368335052777166,1.1690363979951093,0,0,0,0
pareto,par_var_finita,1000,P5,5,2,D,scale,700.0,300,300,1.0,69.09371584691257,0.09870530835273225,286.4146369978582,0.40916376713979746,278.42017773198245,0,0,0,0
pareto,par_var_finita,1000,Pmk,2,2,A,shape,3.5,300,299,0.9966666666666667,51.424880825233494,14.692823092923856,499.83453443757065,142.80986698216304,498.01560240481354,0,1,0,0
pareto,par_var_finita,1000,Pmk,2,2,A,scale,700.0,300,299,0.9966666666666667,12189.271406626616,17.413244866609453,118532.17532974906,169.33167904249868,118101.42633697059,0,1,0,0
pareto,par_var_finita,1000,Pmk,2,2,B,shape,3.5,300,300,1.0,586.8211930004453,167.66319800012724,9254.122964946971,2644.035132841992,9250.929596485688,0,0,0,0
pareto,par_var_finita,1000,Pmk,2,2,B,scale,700.0,300,300,1.0,135196.01203643926,193.1371600520561,2122621.9440436824,3032.3170629195465,2121851.424398662,0,0,0,0
pareto,par_var_finita,1000,Pmk,2,2,Bg,shape,3.5,300,300,1.0,73.63904978705372,21.039728510586777,772.73190590245,220.78054454355714,770.5003513198676,0,0,0,0
pareto,par_var_finita,1000,Pmk,2,2,Bg,scale,700.0,300,300,1.0,17287.936379539293,24.697051970770417,180753.58698191226,258.2194099741604,180225.5734359002,0,0,0,0
pareto,par_var_finita,1000,Pmk,2,2,C,shape,3.5,300,300,1.0,82.05953453354918,23.445581295299768,801.5943345895647,229.02695273987564,798.7153418851843,0,0,0,0
pareto,par_var_finita,1000,Pmk,2,2,C,scale,700.0,300,300,1.0,19490.27521073566,27.843250301050944,190099.731741134,271.5710453444771,189413.90993761187,0,0,0,0
pareto,par_var_finita,1000,Pmk,2,2,D,shape,3.5,300,300,1.0,41.329267890434835,11.808362254409953,496.78650567484425,141.93900162138408,495.89153911396,0,0,0,0
pareto,par_var_finita,1000,Pmk,2,2,D,scale,700.0,300,300,1.0,9747.051127563596,13.92435875366228,117521.9685911303,167.88852655875758,117312.75450870351,0,0,0,0
pareto,par_var_finita,10000,P3c,3,2,A,shape,3.5,300,290,0.9666666666666667,0.05560679052639994,0.015887654436114267,0.4596814071624396,0.13133754490355418,0.45709446250664953,0,10,0,0
pareto,par_var_finita,10000,P3c,3,2,A,scale,700.0,300,290,0.9666666666666667,11.870284757856894,0.016957549654081278,106.02448905173846,0.15146355578819778,105.5400299489612,0,10,0,0
pareto,par_var_finita,10000,P3c,3,2,B,shape,3.5,300,300,1.0,0.06396064934601187,0.018274471241717678,0.47203184009474397,0.1348662400270697,0.468459826197512,0,0,0,0
pareto,par_var_finita,10000,P3c,3,2,B,scale,700.0,300,300,1.0,13.692073805545078,0.019560105436492968,108.66620653745483,0.15523743791064976,107.98026370271863,0,0,0,0
pareto,par_var_finita,10000,P3c,3,2,Bg,shape,3.5,300,300,1.0,0.055337859655061106,0.015810817044303174,0.4585235919376072,0.13100674055360206,0.4559325835265922,0,0,0,0
pareto,par_var_finita,10000,P3c,3,2,Bg,scale,700.0,300,300,1.0,11.75232031651035,0.016789029023586213,105.8439350602572,0.15120562151465314,105.36521080688512,0,0,0,0
pareto,par_var_finita,10000,P3c,3,2,C,shape,3.5,300,300,1.0,0.06492852833355922,0.018551008095302635,0.4724589855983286,0.13498828159952245,0.46875817507898937,0,0,0,0
pareto,par_var_finita,10000,P3c,3,2,C,scale,700.0,300,300,1.0,13.948455828955389,0.01992636546993627,108.77338389572826,0.15539054842246894,108.05558595603853,0,0,0,0
pareto,par_var_finita,10000,P3c,3,2,D,shape,3.5,300,300,1.0,0.05489741610264742,0.015684976029327835,0.4462313885194668,0.12749468243413337,0.44358156840807617,0,0,0,0
pareto,par_var_finita,10000,P3c,3,2,D,scale,700.0,300,300,1.0,11.620361932849619,0.016600517046928026,102.63983086088454,0.14662832980126364,102.15030273505529,0,0,0,0
pareto,par_var_finita,10000,P3w,3,2,A,shape,3.5,300,294,0.98,0.012593181273220733,0.003598051792348781,0.26843999858865064,0.07669714245390018,0.2686016419339839,0,6,0,0
pareto,par_var_finita,10000,P3w,3,2,A,scale,700.0,300,294,0.98,2.216925925769374,0.003167037036813391,65.48269621510404,0.09354670887872006,65.55674431435264,0,6,0,0
pareto,par_var_finita,10000,P3w,3,2,B,shape,3.5,300,300,1.0,0.020433787051135077,0.0058382248717528794,0.3146203980584789,0.08989154230242255,0.3144807078448213,0,0,0,0
pareto,par_var_finita,10000,P3w,3,2,B,scale,700.0,300,300,1.0,4.101281703945347,0.005858973862779067,78.3448721565177,0.11192124593788243,78.36817200166313,0,0,0,0
pareto,par_var_finita,10000,P3w,3,2,Bg,shape,3.5,300,300,1.0,0.013917918060622814,0.0039765480173208035,0.2673682507301483,0.07639092878004237,0.2674518799378652,0,0,0,0
pareto,par_var_finita,10000,P3w,3,2,Bg,scale,700.0,300,300,1.0,2.403008441899715,0.0034328692027138785,65.19179234965046,0.09313113192807208,65.25634048452977,0,0,0,0
pareto,par_var_finita,10000,P3w,3,2,C,shape,3.5,300,300,1.0,0.02301816024425074,0.006576617212643069,0.3158513931693988,0.0902432551912568,0.3155378699256412,0,0,0,0
pareto,par_var_finita,10000,P3w,3,2,C,scale,700.0,300,300,1.0,4.842817000702553,0.006918310001003647,78.68852064306819,0.11241217234724027,78.67058285352911,0,0,0,0
pareto,par_var_finita,10000,P3w,3,2,D,shape,3.5,300,300,1.0,0.01409951358842676,0.004028432453836217,0.25633345605500446,0.07323813030142985,0.25637303847948467,0,0,0,0
pareto,par_var_finita,10000,P3w,3,2,D,scale,700.0,300,300,1.0,2.4409084865418436,0.003487012123631205,62.14740700838259,0.08878201001197512,62.20321236926656,0,0,0,0
pareto,par_var_finita,10000,P5,5,2,A,shape,3.5,300,294,0.98,0.019312667947031237,0.0055179051277232105,0.2993591588459389,0.08553118824169682,0.29924490005641907,0,6,0,0
pareto,par_var_finita,10000,P5,5,2,A,scale,700.0,300,294,0.98,3.763522579126061,0.005376460827322944,73.49738847513825,0.1049962692501975,73.5261182977243,0,6,0,0
pareto,par_var_finita,10000,P5,5,2,B,shape,3.5,300,300,1.0,0.02008246559607274,0.00573784731316364,0.3007493787536838,0.08592839392962394,0.3005795128438521,0,0,0,0
pareto,par_var_finita,10000,P5,5,2,B,scale,700.0,300,300,1.0,3.8635229364874704,0.005519318480696386,73.42347866790772,0.10489068381129674,73.4442687502353,0,0,0,0
pareto,par_var_finita,10000,P5,5,2,Bg,shape,3.5,300,300,1.0,0.018451083478742802,0.005271738136783658,0.2973511732719314,0.08495747807769469,0.29727403283836934,0,0,0,0
pareto,par_var_finita,10000,P5,5,2,Bg,scale,700.0,300,300,1.0,3.5721376166494565,0.005103053738070652,73.07352024605859,0.10439074320865513,73.10810610271113,0,0,0,0
pareto,par_var_finita,10000,P5,5,2,C,shape,3.5,300,300,1.0,0.02289880292937596,0.006542515122678846,0.3011900599510142,0.08605430284314693,0.30082011153296606,0,0,0,0
pareto,par_var_finita,10000,P5,5,2,C,scale,700.0,300,300,1.0,4.667364368222934,0.00666766338317562,73.5597290699014,0.10508532724271628,73.53416686375134,0,0,0,0
pareto,par_var_finita,10000,P5,5,2,D,shape,3.5,300,300,1.0,0.019050822091512654,0.005443092026146472,0.27202170556806865,0.07772048730516247,0.2718071711195985,0,0,0,0
pareto,par_var_finita,10000,P5,5,2,D,scale,700.0,300,300,1.0,3.5571795517774945,0.005081685073967849,64.90612758593753,0.09272303940848219,64.91686377601326,0,0,0,0
pareto,par_var_finita,10000,Pmk,2,2,A,shape,3.5,300,299,0.9966666666666667,0.07107300682061046,0.020306573377317276,0.49653148816672643,0.14186613947620755,0.4922423415076008,0,1,0,0
pareto,par_var_finita,10000,Pmk,2,2,A,scale,700.0,300,299,0.9966666666666667,15.61627658625423,0.022308966551791758,115.5955540386229,0.1651365057694613,114.72787677986975,0,1,0,0
pareto,par_var_finita,10000,Pmk,2,2,B,shape,3.5,300,300,1.0,0.07173044659358396,0.02049441331245256,0.4959126355556325,0.1416893244444664,0.4915174290692189,0,0,0,0
pareto,par_var_finita,10000,Pmk,2,2,B,scale,700.0,300,300,1.0,15.789855662328137,0.022556936660468766,115.46170765120725,0.1649452966445818,114.5680548372582,0,0,0,0
pareto,par_var_finita,10000,Pmk,2,2,Bg,shape,3.5,300,300,1.0,0.07136306481444477,0.02038944708984136,0.4956549634497621,0.14161570384278918,0.4913102635023517,0,0,0,0
pareto,par_var_finita,10000,Pmk,2,2,Bg,scale,700.0,300,300,1.0,15.700575313184117,0.02242939330454874,115.39825455265357,0.16485464936093366,114.51620975341595,0,0,0,0
pareto,par_var_finita,10000,Pmk,2,2,C,shape,3.5,300,300,1.0,0.07169213327892221,0.020483466651120632,0.49595612452765275,0.14170174986504364,0.49156706161957564,0,0,0,0
pareto,par_var_finita,10000,Pmk,2,2,C,scale,700.0,300,300,1.0,15.780374305165424,0.022543391864522033,115.47064121154668,0.1649580588736381,114.57839877925221,0,0,0,0
pareto,par_var_finita,10000,Pmk,2,2,D,shape,3.5,300,300,1.0,0.07091746258635956,0.020262132167531303,0.49569171347034574,0.14162620384867022,0.49141219097781697,0,0,0,0
pareto,par_var_finita,10000,Pmk,2,2,D,scale,700.0,300,300,1.0,15.60763636620652,0.02229662338029503,115.40887390776058,0.1648698198682294,114.53969181198977,0,0,0,0
pareto,par_pesada,100,P3c,3,2,A,shape,1.8,300,297,0.99,10962854838.10594,6090474910.058855,188930395332.43625,104961330740.24236,188930395251.77823,0,3,0,0
pareto,par_pesada,100,P3c,3,2,A,scale,600.0,300,297,0.99,3499144757674.0435,5831907929.456739,60303158961189.97,100505264935.31662,60303158927919.35,0,3,0,0
pareto,par_pesada,100,P3c,3,2,B,shape,1.8,300,300,1.0,427631926246.3653,237573292359.09183,6828038301062.316,3793354611701.2866,6826020301288.846,0,0,0,0
pareto,par_pesada,100,P3c,3,2,B,scale,600.0,300,300,1.0,179615222413214.1,299358704022.0235,2842054003195841.5,4736756671993.069,2841111704012100.5,0,0,0,0
pareto,par_pesada,100,P3c,3,2,Bg,shape,1.8,300,299,0.9966666666666667,3742.759744392045,2079.3109691066916,26680.491774744583,14822.495430413657,26460.95495472435,0,1,0,0
pareto,par_pesada,100,P3c,3,2,Bg,scale,600.0,300,299,0.9966666666666667,1481394.9645440865,2468.9916075734773,10289270.541160984,17148.784235268307,10199140.082721636,0,1,0,0
pareto,par_pesada,100,P3c,3,2,C,shape,1.8,300,300,1.0,2950.252253605501,1639.029029780834,30111.25269301828,16728.473718343488,30016.442824709586,0,0,0,0
pareto,par_pesada,100,P3c,3,2,C,scale,600.0,300,300,1.0,1143812.2958103137,1906.3538263505227,10910554.816680424,18184.258027800708,10868562.555053847,0,0,0,0
pareto,par_pesada,100,P3c,3,2,D,shape,1.8,300,299,0.9966666666666667,5509.342017347783,3060.7455651932128,77570.74052807468,43094.855848930376,77504.56176326123,0,1,0,0
pareto,par_pesada,100,P3c,3,2,D,scale,600.0,300,299,0.9966666666666667,2186646.096285899,3644.4101604764987,30658940.453436874,51098.23408906146,30632130.637579132,0,1,0,0
pareto,par_pesada,100,P3w,3,2,A,shape,1.8,300,296,0.9866666666666667,271.3354670319062,150.74192612883678,4143.589299714371,2301.9940553968727,4141.697828928784,0,4,0,0
pareto,par_pesada,100,P3w,3,2,A,scale,600.0,300,296,0.9866666666666667,138719.75043836507,231.19958406394178,2122760.226738084,3537.93371123014,2121809.966149858,0,4,0,0
pareto,par_pesada,100,P3w,3,2,B,shape,1.8,300,300,1.0,1411.9148227529945,784.3971237516636,22774.23151179026,12652.350839883478,22768.401741862348,0,0,0,0
pareto,par_pesada,100,P3w,3,2,B,scale,600.0,300,300,1.0,761528.8478961986,1269.2147464936643,12463168.847476173,20771.948079126956,12460666.605041472,0,0,0,0
pareto,par_pesada,100,P3w,3,2,Bg,shape,1.8,300,300,1.0,84.57124075742837,46.98402264301576,1224.4572766838833,680.2540426021574,1223.5741798406707,0,0,0,0
pareto,par_pesada,100,P3w,3,2,Bg,scale,600.0,300,300,1.0,43161.17823278895,71.93529705464826,627002.5359647684,1045.0042266079472,626560.3608211391,0,0,0,0
pareto,par_pesada,100,P3w,3,2,C,shape,1.8,300,299,0.9966666666666667,36682.30062821624,20379.055904564575,633273.7029403605,351818.7238557558,633270.2687156227,0,1,0,0
pareto,par_pesada,100,P3w,3,2,C,scale,600.0,300,299,0.9966666666666667,20187908.143230814,33646.51357205136,348577988.51074404,580963.3141845734,348576297.43249214,0,1,0,0
pareto,par_pesada,100,P3w,3,2,D,shape,1.8,300,300,1.0,46.38227438649748,25.76793021472082,622.6268298666168,345.90379437034267,621.9342365081365,0,0,0,0
pareto,par_pesada,100,P3w,3,2,D,scale,600.0,300,300,1.0,25142.933634149493,41.90488939024915,343217.7238224033,572.0295397040055,342867.4658882774,0,0,0,0
pareto,par_pesada,100,P5,5,2,A,shape,1.8,300,298,0.9933333333333333,487.04523866136714,270.58068814520396,6022.8185530344745,3346.0103072413744,6013.191115970813,0,2,0,0
pareto,par_pesada,100,P5,5,2,A,scale,600.0,300,298,0.9933333333333333,256522.9513906715,427.5382523177858,3186910.74434796,5311.517907246601,3181913.1255874685,0,2,0,0
pareto,par_pesada,100,P5,5,2,B,shape,1.8,300,300,1.0,2314419549517.509,1285788638620.8381,40086922492452.805,22270512495807.113,40086922492434.42,0,0,0,0
pareto,par_pesada,100,P5,5,2,B,scale,600.0,300,300,1.0,1320830176622370.8,2201383627703.951,2.2877449738399604e+16,38129082897332.67,2.287744973839157e+16,0,0,0,0
pareto,par_pesada,100,P5,5,2,Bg,shape,1.8,300,300,1.0,1644.0080552803993,913.3378084891107,19320.13413573847,10733.407853188039,19282.224139423764,0,0,0,0
pareto,par_pesada,100,P5,5,2,Bg,scale,600.0,300,300,1.0,855255.5450203998,1425.425908367333,10099801.35552545,16833.002259209086,10080339.089583686,0,0,0,0
pareto,par_pesada,100,P5,5,2,C,shape,1.8,300,299,0.9966666666666667,1568.9303503063798,871.6279723924332,25528.50907195464,14182.5050399748,25522.968118145032,0,1,0,0
pareto,par_pesada,100,P5,5,2,C,scale,600.0,300,299,0.9966666666666667,733298.788734608,1222.1646478910134,11855194.213871429,19758.65702311905,11852330.062566357,0,1,0,0
pareto,par_pesada,100,P5,5,2,D,shape,1.8,300,300,1.0,3600.7762300062077,2000.4312388923377,62181.943046125474,34545.52391451415,62181.32228413146,0,0,0,0
pareto,par_pesada,100,P5,5,2,D,scale,600.0,300,300,1.0,1390771.7299687732,2317.9528832812885,23990530.406062823,39984.21734343804,23990200.82474055,0,0,0,0
pareto,par_pesada,100,Pmk,2,2,A,shape,1.8,300,292,0.9733333333333334,2015.7100055382266,1119.8388919656813,17357.9099678877,9643.283315493167,17270.07163103413,0,8,0,0
pareto,par_pesada,100,Pmk,2,2,A,scale,600.0,300,292,0.9733333333333334,818885.3593778368,1364.8089322963947,6697006.363905291,11161.677273175485,6658163.408847453,0,8,0,0
pareto,par_pesada,100,Pmk,2,2,B,shape,1.8,300,299,0.9966666666666667,335378.40902080474,186321.33834489153,5557403.381935913,3087446.3232977293,5556574.148567733,0,1,0,0
pareto,par_pesada,100,Pmk,2,2,B,scale,600.0,300,299,0.9966666666666667,129276546.52026469,215460.9108671078,2120235599.7450979,3533725.9995751632,2119838607.6585863,0,1,0,0
pareto,par_pesada,100,Pmk,2,2,Bg,shape,1.8,300,300,1.0,1177.1153983873767,653.9529991040981,6893.4638015320415,3829.702111962245,6803.568008582207,0,0,0,0
pareto,par_pesada,100,Pmk,2,2,Bg,scale,600.0,300,300,1.0,467930.4138086794,779.8840230144656,2576504.0062190033,4294.173343698339,2537889.6024076333,0,0,0,0
pareto,par_pesada,100,Pmk,2,2,C,shape,1.8,300,300,1.0,44044572922.52923,24469207179.182903,762874313605.7007,423819063114.27814,762874313380.3186,0,0,0,0
pareto,par_pesada,100,Pmk,2,2,C,scale,600.0,300,300,1.0,16935262274660.283,28225437124.433804,293327317633185.44,488878862721.9757,293327317534994.9,0,0,0,0
pareto,par_pesada,100,Pmk,2,2,D,shape,1.8,300,299,0.9966666666666667,791.3133346166036,439.61851923144644,3589.8191354356663,1994.3439641309258,3507.3875844101585,0,1,0,0
pareto,par_pesada,100,Pmk,2,2,D,scale,600.0,300,299,0.9966666666666667,347748.47996911575,579.5807999485263,1604475.0561344924,2674.125093557487,1568962.7541558628,0,1,0,0
pareto,par_pesada,1000,P3c,3,2,A,shape,1.8,300,299,0.9966666666666667,0.1610652898686149,0.08948071659367494,0.5468358978002021,0.3037977210001123,0.523453792071126,0,1,0,0
pareto,par_pesada,1000,P3c,3,2,A,scale,600.0,300,299,0.9966666666666667,70.9173289503077,0.11819554825051284,241.10878977431966,0.4018479829571994,230.82977041647905,0,1,0,0
pareto,par_pesada,1000,P3c,3,2,B,shape,1.8,300,300,1.0,0.13161963554333744,0.07312201974629857,0.501230649701792,0.2784614720565511,0.4844489015371883,0,0,0,0
pareto,par_pesada,1000,P3c,3,2,B,scale,600.0,300,300,1.0,56.894433906356426,0.09482405651059404,220.33419072349497,0.36722365120582495,213.21753692514943,0,0,0,0
pareto,par_pesada,1000,P3c,3,2,Bg,shape,1.8,300,300,1.0,0.1624788663619392,0.090266036867744,0.5470616986133443,0.30392316589630236,0.5232492260711622,0,0,0,0
pareto,par_pesada,1000,P3c,3,2,Bg,scale,600.0,300,300,1.0,71.50215456752471,0.11917025761254119,241.16552066733283,0.4019425344455547,230.70689011840955,0,0,0,0
pareto,par_pesada,1000,P3c,3,2,C,shape,1.8,300,300,1.0,0.13464680988429034,0.07480378326905018,0.5030140735955164,0.2794522631086202,0.48546780682280466,0,0,0,0
pareto,par_pesada,1000,P3c,3,2,C,scale,600.0,300,300,1.0,58.52842666581637,0.09754737777636062,221.19582473702025,0.3686597078950337,213.66842726323705,0,0,0,0
pareto,par_pesada,1000,P3c,3,2,D,shape,1.8,300,300,1.0,0.1299956818775838,0.07221982326532433,0.4912677205949301,0.27292651144162783,0.474547941188955,0,0,0,0
pareto,par_pesada,1000,P3c,3,2,D,scale,600.0,300,300,1.0,56.79808725356895,0.09466347875594826,215.75648211602987,0.35959413686004976,208.49397108634062,0,0,0,0
pareto,par_pesada,1000,P3w,3,2,A,shape,1.8,300,294,0.98,0.0667155826923671,0.037064212606870615,0.2822329598999725,0.15679608883331805,0.2747019207103673,0,6,0,0
pareto,par_pesada,1000,P3w,3,2,A,scale,600.0,300,294,0.98,31.339882472649606,0.05223313745441601,135.44618312168924,0.22574363853614873,131.99523216279917,0,6,0,0
pareto,par_pesada,1000,P3w,3,2,B,shape,1.8,300,300,1.0,0.06649640176221427,0.036942445423452375,0.29269434508198106,0.16260796948998948,0.28551697205845056,0,0,0,0
pareto,par_pesada,1000,P3w,3,2,B,scale,600.0,300,300,1.0,31.710988243619227,0.05285164707269871,144.4722795697568,0.24078713261626133,141.18461829642317,0,0,0,0
pareto,par_pesada,1000,P3w,3,2,Bg,shape,1.8,300,300,1.0,0.0667718342653183,0.03709546348073239,0.28080483437650805,0.1560026857647267,0.2732063007459515,0,0,0,0
pareto,par_pesada,1000,P3w,3,2,Bg,scale,600.0,300,300,1.0,31.70689342765411,0.05284482237942351,134.72925071583364,0.22454875119305606,131.16398340535363,0,0,0,0
pareto,par_pesada,1000,P3w,3,2,C,shape,1.8,300,300,1.0,0.0727675959055114,0.04042644216972856,0.297414336216609,0.165230186787005,0.28885687115480374,0,0,0,0
pareto,par_pesada,1000,P3w,3,2,C,scale,600.0,300,300,1.0,35.65468658056159,0.059424477634269314,147.39302560897698,0.2456550426816283,143.25450604203795,0,0,0,0
pareto,par_pesada,1000,P3w,3,2,D,shape,1.8,300,300,1.0,0.06979084067052699,0.038772689261403884,0.2678105921850212,0.14878366232501175,0.2589890659841143,0,0,0,0
pareto,par_pesada,1000,P3w,3,2,D,scale,600.0,300,300,1.0,32.99245776767202,0.0549874296127867,127.89634884818,0.21316058141363334,123.77415150620371,0,0,0,0
pareto,par_pesada,1000,P5,5,2,A,shape,1.8,300,299,0.9966666666666667,0.06528420889978825,0.036269004944326805,0.3180168347670317,0.1766760193150176,0.31176554551213903,0,1,0,0
pareto,par_pesada,1000,P5,5,2,A,scale,600.0,300,299,0.9966666666666667,30.398924136641426,0.050664873561069045,156.07981542266728,0.26013302570444546,153.34751781885575,0,1,0,0
pareto,par_pesada,1000,P5,5,2,B,shape,1.8,300,300,1.0,0.060700152160252374,0.03372230675569576,0.2762637258986511,0.15347984772147283,0.26996309256319,0,0,0,0
pareto,par_pesada,1000,P5,5,2,B,scale,600.0,300,300,1.0,27.033182599020734,0.04505530433170122,132.34525208074038,0.2205754201345673,129.77136875048348,0,0,0,0
pareto,par_pesada,1000,P5,5,2,Bg,shape,1.8,300,300,1.0,0.06513120259023619,0.036184001439020105,0.31748753946334146,0.17638196636852302,0.3112542285865576,0,0,0,0
pareto,par_pesada,1000,P5,5,2,Bg,scale,600.0,300,300,1.0,30.330050283362766,0.05055008380560461,155.82015705247034,0.2597002617541172,153.09518776037066,0,0,0,0
pareto,par_pesada,1000,P5,5,2,C,shape,1.8,300,300,1.0,0.06737180826517641,0.03742878236954245,0.2803975817828354,0.15577643432379745,0.2726382500163581,0,0,0,0
pareto,par_pesada,1000,P5,5,2,C,scale,600.0,300,300,1.0,31.321260358718064,0.05220210059786344,134.70361292593623,0.22450602154322705,131.23051020069084,0,0,0,0
pareto,par_pesada,1000,P5,5,2,D,shape,1.8,300,300,1.0,0.06984808168186718,0.03880448982325954,0.28122230326686637,0.15623461292603688,0.2728651939210946,0,0,0,0
pareto,par_pesada,1000,P5,5,2,D,scale,600.0,300,300,1.0,31.445828418124506,0.05240971403020751,130.61252330269076,0.21768753883781794,126.9824380923338,0,0,0,0
pareto,par_pesada,1000,Pmk,2,2,A,shape,1.8,300,299,0.9966666666666667,0.13808566708325332,0.07671425949069628,0.521542269625431,0.2897457053474617,0.5037732377710632,0,1,0,0
pareto,par_pesada,1000,Pmk,2,2,A,scale,600.0,300,299,0.9966666666666667,60.47756864871849,0.10079594774786414,232.25906169781703,0.38709843616302836,224.62297937972073,0,1,0,0
pareto,par_pesada,1000,Pmk,2,2,B,shape,1.8,300,300,1.0,0.1377088189642901,0.07650489942460562,0.5206861360086126,0.2892700755603403,0.5029847369085032,0,0,0,0
pareto,par_pesada,1000,Pmk,2,2,B,scale,600.0,300,300,1.0,60.13821668504795,0.10023036114174659,231.89071750492656,0.3864845291748776,224.33111223952105,0,0,0,0
pareto,par_pesada,1000,Pmk,2,2,Bg,shape,1.8,300,300,1.0,0.1368639866609649,0.0760355481449805,0.5200668247885928,0.28892601377144045,0.5025730630265505,0,0,0,0
pareto,par_pesada,1000,Pmk,2,2,Bg,scale,600.0,300,300,1.0,59.73277991792099,0.09955463319653499,231.59043349386857,0.3859840558231143,224.12846566099918,0,0,0,0
pareto,par_pesada,1000,Pmk,2,2,C,shape,1.8,300,300,1.0,0.13770340766932576,0.07650189314962542,0.5206833452590567,0.2892685251439204,0.5029833247364774,0,0,0,0
pareto,par_pesada,1000,Pmk,2,2,C,scale,600.0,300,300,1.0,60.1356928046024,0.10022615467433733,231.88915740897937,0.38648192901496564,224.33017302595837,0,0,0,0
pareto,par_pesada,1000,Pmk,2,2,D,shape,1.8,300,300,1.0,0.13791116205176412,0.07661731225098006,0.5206028416926655,0.2892238009403697,0.5028425854205122,0,0,0,0
pareto,par_pesada,1000,Pmk,2,2,D,scale,600.0,300,300,1.0,60.22599372174648,0.1003766562029108,231.8408710782335,0.3864014517970558,224.25577963165836,0,0,0,0
pareto,par_pesada,10000,P3c,3,2,A,shape,1.8,300,294,0.98,0.012319471810880556,0.006844151006044753,0.12223562352419069,0.06790867973566149,0.12182058664938213,0,6,0,0
pareto,par_pesada,10000,P3c,3,2,A,scale,600.0,300,294,0.98,4.887115284258243,0.008145192140430406,52.659447485590086,0.08776574580931681,52.521578631299974,0,6,0,0
pareto,par_pesada,10000,P3c,3,2,B,shape,1.8,300,300,1.0,0.014744948822324133,0.008191638234624519,0.12069062498981752,0.06705034721656529,0.11998667754081738,0,0,0,0
pareto,par_pesada,10000,P3c,3,2,B,scale,600.0,300,300,1.0,5.975988354115884,0.009959980590193141,51.48010951272967,0.08580018252121611,51.217510187436005,0,0,0,0
pareto,par_pesada,10000,P3c,3,2,Bg,shape,1.8,300,300,1.0,0.012400355874904845,0.006889086597169358,0.12397130347961843,0.06887294637756579,0.12355566330089356,0,0,0,0
pareto,par_pesada,10000,P3c,3,2,Bg,scale,600.0,300,300,1.0,4.964532171146175,0.008274220285243624,53.32141808760379,0.08886903014600632,53.17850655159678,0,0,0,0
pareto,par_pesada,10000,P3c,3,2,C,shape,1.8,300,300,1.0,0.014968246917795414,0.008315692732108563,0.12079486588164756,0.06710825882313753,0.12006416013700544,0,0,0,0
pareto,par_pesada,10000,P3c,3,2,C,scale,600.0,300,300,1.0,6.101036086814361,0.010168393478023934,51.53694274109699,0.085894904568495,51.26004747680446,0,0,0,0
pareto,par_pesada,10000,P3c,3,2,D,shape,1.8,300,300,1.0,0.013647381009881165,0.007581878338822869,0.11778150278005166,0.06543416821113981,0.11718363681770819,0,0,0,0
pareto,par_pesada,10000,P3c,3,2,D,scale,600.0,300,300,1.0,5.494589729487188,0.009157649549145315,50.151864937554116,0.0835864415625902,49.933256862425,0,0,0,0
pareto,par_pesada,10000,P3w,3,2,A,shape,1.8,300,290,0.9666666666666667,0.010534573977267314,0.005852541098481841,0.08470522915225465,0.04705846064014147,0.08419288270734451,0,10,0,0
pareto,par_pesada,10000,P3w,3,2,A,scale,600.0,300,290,0.9666666666666667,4.187663683087067,0.006979439471811778,38.70779262119592,0.06451298770199321,38.54711932204255,0,10,0,0
pareto,par_pesada,10000,P3w,3,2,B,shape,1.8,300,300,1.0,0.009782733609337457,0.005434852005187476,0.09031473330938036,0.05017485183854464,0.08993335980914853,0,0,0,0
pareto,par_pesada,10000,P3w,3,2,B,scale,600.0,300,300,1.0,3.7190977870665165,0.006198496311777528,43.14389030912327,0.07190648384853879,43.05511264731295,0,0,0,0
pareto,par_pesada,10000,P3w,3,2,Bg,shape,1.8,300,300,1.0,0.010292931048243137,0.005718295026801742,0.08371756217505719,0.046509756763920655,0.08322122140783995,0,0,0,0
pareto,par_pesada,10000,P3w,3,2,Bg,scale,600.0,300,300,1.0,3.9812513811721146,0.006635418968620191,38.2765402529943,0.0637942337549905,38.132533856363345,0,0,0,0
pareto,par_pesada,10000,P3w,3,2,C,shape,1.8,300,300,1.0,0.010383076897231502,0.005768376054017501,0.0905652457031333,0.05031402539062961,0.09011840284789004,0,0,0,0
pareto,par_pesada,10000,P3w,3,2,C,scale,600.0,300,300,1.0,4.100930008744626,0.00683488334790771,43.29369329623805,0.07215615549373008,43.17104023155282,0,0,0,0
pareto,par_pesada,10000,P3w,3,2,D,shape,1.8,300,300,1.0,0.010487432079921977,0.0058263511555122095,0.0811773352475997,0.04509851958199983,0.08063153855431299,0,0,0,0
pareto,par_pesada,10000,P3w,3,2,D,scale,600.0,300,300,1.0,4.057340036001165,0.006762233393335274,36.80482097189227,0.06134136828648711,36.64161840407073,0,0,0,0
pareto,par_pesada,10000,P5,5,2,A,shape,1.8,300,293,0.9766666666666667,0.012139984485440625,0.006744435825244791,0.09439664077687218,0.05244257820937343,0.09377290668149199,0,7,0,0
pareto,par_pesada,10000,P5,5,2,A,scale,600.0,300,293,0.9766666666666667,5.309126666450425,0.00884854444408404,45.17197680417699,0.07528662800696165,44.93564477733264,0,7,0,0
pareto,par_pesada,10000,P5,5,2,B,shape,1.8,300,300,1.0,0.009945473249471481,0.0055252629163730456,0.08595864541754823,0.04775480300974902,0.08552401695108026,0,0,0,0
pareto,par_pesada,10000,P5,5,2,B,scale,600.0,300,300,1.0,3.831908291051718,0.00638651381841953,39.58638541851709,0.06597730903086181,39.466319276184315,0,0,0,0
pareto,par_pesada,10000,P5,5,2,Bg,shape,1.8,300,300,1.0,0.013093561904535367,0.007274201058075204,0.09475951689202862,0.052644176051127006,0.09400735407578774,0,0,0,0
pareto,par_pesada,10000,P5,5,2,Bg,scale,600.0,300,300,1.0,5.646724912778836,0.009411208187964728,45.1995736332279,0.0753326227220465,44.92039731236425,0,0,0,0
pareto,par_pesada,10000,P5,5,2,C,shape,1.8,300,300,1.0,0.010582732936629036,0.005879296075905019,0.08621328497796604,0.047896269432203355,0.08570426090969786,0,0,0,0
pareto,par_pesada,10000,P5,5,2,C,scale,600.0,300,300,1.0,4.246423665138764,0.007077372775231273,39.73996542812476,0.06623327571354128,39.57845692367965,0,0,0,0
pareto,par_pesada,10000,P5,5,2,D,shape,1.8,300,300,1.0,0.010601986192283697,0.005889992329046498,0.0839880003072092,0.046660000170671775,0.08345536578300787,0,0,0,0
pareto,par_pesada,10000,P5,5,2,D,scale,600.0,300,300,1.0,4.22199945019895,0.007036665750331584,37.260732011041625,0.06210122001840271,37.0826186507169,0,0,0,0
pareto,par_pesada,10000,Pmk,2,2,A,shape,1.8,300,299,0.9966666666666667,0.016203840986153795,0.009002133881196552,0.1250556833934965,0.0694753796630536,0.12420933140499557,0,1,0,0
pareto,par_pesada,10000,Pmk,2,2,A,scale,600.0,300,299,0.9966666666666667,6.896362126884924,0.01149393687814154,54.25426197069955,0.09042376995116592,53.90438883056563,0,1,0,0
pareto,par_pesada,10000,Pmk,2,2,B,shape,1.8,300,300,1.0,0.016125940966190466,0.008958856092328037,0.12483671731073949,0.06935373183929971,0.12399762654248796,0,0,0,0
pareto,par_pesada,10000,Pmk,2,2,B,scale,600.0,300,300,1.0,6.795968542025321,0.011326614236708868,54.17697565499296,0.09029495942498826,53.838848191736766,0,0,0,0
pareto,par_pesada,10000,Pmk,2,2,Bg,shape,1.8,300,300,1.0,0.016767470968215292,0.009315261649008496,0.12605062820864835,0.07002812678258241,0.1251391711775399,0,0,0,0
pareto,par_pesada,10000,Pmk,2,2,Bg,scale,600.0,300,300,1.0,7.100732822844634,0.011834554704741056,54.767325277216564,0.0912788754620276,54.39579505622057,0,0,0,0
pareto,par_pesada,10000,Pmk,2,2,C,shape,1.8,300,300,1.0,0.016096405242050915,0.008942447356694952,0.12481666844587334,0.06934259358104075,0.12398122549184191,0,0,0,0
pareto,par_pesada,10000,Pmk,2,2,C,scale,600.0,300,300,1.0,6.783524683513065,0.011305874472521774,54.16926425693046,0.0902821070948841,53.83263718004032,0,0,0,0
pareto,par_pesada,10000,Pmk,2,2,D,shape,1.8,300,300,1.0,0.016218247699249844,0.009010137610694358,0.12469810682019672,0.0692767260112204,0.12384551664371812,0,0,0,0
pareto,par_pesada,10000,Pmk,2,2,D,scale,600.0,300,300,1.0,6.8387680847938555,0.01139794680798976,54.11256931910378,0.09018761553183963,53.7683754953465,0,0,0,0
burr,burr_moderada,100,P3c,3,3,A,shape1,2.0,300,298,0.9933333333333333,1.1881165715559776,0.5940582857779888,6.596826994119059,3.2984134970595296,6.499867548511716,0,2,0,0
burr,burr_moderada,100,P3c,3,3,A,shape2,1.5,300,298,0.9933333333333333,12987049.034933917,8658032.689955944,224148406.1429397,149432270.7619598,224148261.95384276,0,2,0,0
burr,burr_moderada,100,P3c,3,3,A,scale,500.0,300,298,0.9933333333333333,58654.85555797659,117.30971111595318,529305.4942970851,1058.6109885941703,526930.3982153985,0,2,0,0
burr,burr_moderada,100,P3c,3,3,B,shape1,2.0,300,300,1.0,0.8841988528510005,0.44209942642550026,4.052470108606967,2.0262350543034837,3.96144120548549,0,0,0,0
burr,burr_moderada,100,P3c,3,3,B,shape2,1.5,300,300,1.0,2596.8705095650853,1731.2470063767234,11458.855376548969,7639.2369176993125,11179.366000709033,0,0,0,0
burr,burr_moderada,100,P3c,3,3,B,scale,500.0,300,300,1.0,39287.066648471904,78.57413329694381,136240.19535734245,272.4803907146849,130670.7057311864,0,0,0,0
burr,burr_moderada,100,P3c,3,3,Bg,shape1,2.0,300,300,1.0,0.8745353128860542,0.4372676564430271,3.907001120460296,1.953500560230148,3.8142286519238926,0,0,0,0
burr,burr_moderada,100,P3c,3,3,Bg,shape2,1.5,300,300,1.0,1220.1092896403215,813.4061930935477,3049.4553431683926,2032.9702287789285,2799.3987430136262,0,0,0,0
burr,burr_moderada,100,P3c,3,3,Bg,scale,500.0,300,300,1.0,22482.752077150126,44.96550415430025,54971.07757441069,109.94215514882137,50247.00089616771,0,0,0,0
burr,burr_moderada,100,P3c,3,3,C,shape1,2.0,300,300,1.0,0.8901299105245783,0.4450649552622892,4.0210091934347405,2.0105045967173703,3.927799516210235,0,0,0,0
burr,burr_moderada,100,P3c,3,3,C,shape2,1.5,300,300,1.0,10771.371032177185,7180.914021451456,119949.51140603193,79966.34093735462,119664.50950644338,0,0,0,0
burr,burr_moderada,100,P3c,3,3,C,scale,500.0,300,300,1.0,63780.18733773641,127.56037467547281,331375.6671202086,662.7513342404172,325723.1529542043,0,0,0,0
burr,burr_moderada,100,P3c,3,3,D,shape1,2.0,300,299,0.9966666666666667,0.8187015310451651,0.40935076552258254,3.3284387008171596,1.6642193504085798,3.231587681178113,0,1,0,0
burr,burr_moderada,100,P3c,3,3,D,shape2,1.5,300,299,0.9966666666666667,3850.519639572744,2567.013093048496,35275.906753328556,23517.271168885705,35123.91132023537,0,1,0,0
burr,burr_moderada,100,P3c,3,3,D,scale,500.0,300,299,0.9966666666666667,31668.657295665278,63.33731459133055,82522.8330766815,165.04566615336302,76332.17594330391,0,1,0,0
burr,burr_moderada,100,P3w,3,3,A,shape1,2.0,300,296,0.9866666666666667,0.14284850283079775,0.07142425141539888,0.47853115727690126,0.23926557863845063,0.45748600653688953,0,4,0,0
burr,burr_moderada,100,P3w,3,3,A,shape2,1.5,300,296,0.9866666666666667,670.2503962529236,446.83359750194904,4758.516624802727,3172.3444165351516,4719.054948105186,0,4,0,0
burr,burr_moderada,100,P3w,3,3,A,scale,500.0,300,296,0.9866666666666667,10013.597347732513,20.027194695465028,44172.598756501764,88.34519751300353,43095.48402633367,0,4,0,0
burr,burr_moderada,100,P3w,3,3,B,shape1,2.0,300,300,1.0,0.1411665985698618,0.0705832992849309,0.49302613891786107,0.24651306945893053,0.47317340939200614,0,0,0,0
burr,burr_moderada,100,P3w,3,3,B,shape2,1.5,300,300,1.0,2029.678627398101,1353.1190849320674,26294.38696023032,17529.591306820214,26259.736661199247,0,0,0,0
burr,burr_moderada,100,P3w,3,3,B,scale,500.0,300,300,1.0,18597.798771735528,37.19559754347106,107316.1441149567,214.6322882299134,105868.96362996002,0,0,0,0
burr,burr_moderada,100,P3w,3,3,Bg,shape1,2.0,300,300,1.0,0.14608043404055993,0.07304021702027996,0.48869054232256415,0.24434527116128207,0.46712557980025293,0,0,0,0
burr,burr_moderada,100,P3w,3,3,Bg,shape2,1.5,300,300,1.0,1134.9411610176712,756.6274406784474,8319.436042383737,5546.290694922492,8255.428413189253,0,0,0,0
burr,burr_moderada,100,P3w,3,3,Bg,scale,500.0,300,300,1.0,13984.299830554699,27.968599661109398,68449.17480064915,136.89834960129832,67117.39494960832,0,0,0,0
burr,burr_moderada,100,P3w,3,3,C,shape1,2.0,300,300,1.0,0.14110679963460138,0.07055339981730069,0.4930664798384409,0.24653323991922044,0.4732334776673164,0,0,0,0
burr,burr_moderada,100,P3w,3,3,C,shape2,1.5,300,300,1.0,804.4811154328729,536.3207436219153,5305.500018546083,3537.0000123640552,5252.915156416107,0,0,0,0
burr,burr_moderada,100,P3w,3,3,C,scale,500.0,300,300,1.0,16339.96735758174,32.679934715163476,79331.66410721041,158.66332821442083,77760.36250362221,0,0,0,0
burr,burr_moderada,100,P3w,3,3,D,shape1,2.0,300,300,1.0,0.14476555070641473,0.07238277535320736,0.4898227679144342,0.2449113839572171,0.468723391802424,0,0,0,0
burr,burr_moderada,100,P3w,3,3,D,shape2,1.5,300,300,1.0,3395.854326518156,2263.9028843454375,42070.794368342846,28047.196245561896,42003.58217137217,0,0,0,0
burr,burr_moderada,100,P3w,3,3,D,scale,500.0,300,300,1.0,35904.10678396796,71.80821356793592,382578.77320621547,765.157546412431,381526.69836141233,0,0,0,0
burr,burr_moderada,100,P5,5,3,A,shape1,2.0,300,299,0.9966666666666667,0.10852564482575033,0.05426282241287517,0.48270826093157015,0.24135413046578508,0.4711388651873746,0,1,0,0
burr,burr_moderada,100,P5,5,3,A,shape2,1.5,300,299,0.9966666666666667,898.2151437277145,598.8100958184763,4988.4315101451575,3325.6210067634383,4915.125227162436,0,1,0,0
burr,burr_moderada,100,P5,5,3,A,scale,500.0,300,299,0.9966666666666667,13304.964980241122,26.609929960482244,51836.842206590554,103.6736844131811,50184.2510835309,0,1,0,0
burr,burr_moderada,100,P5,5,3,B,shape1,2.0,300,300,1.0,0.12768539443519034,0.06384269721759517,0.4649687001183724,0.2324843500591862,0.44784022638166854,0,0,0,0
burr,burr_moderada,100,P5,5,3,B,shape2,1.5,300,300,1.0,886.0948658505656,590.7299105670437,7125.459143420548,4750.306095613699,7081.961910960579,0,0,0,0
burr,burr_moderada,100,P5,5,3,B,scale,500.0,300,300,1.0,13120.66858294852,26.24133716589704,66657.6892717801,133.3153785435602,65462.815365990435,0,0,0,0
burr,burr_moderada,100,P5,5,3,Bg,shape1,2.0,300,300,1.0,0.10715209554978822,0.05357604777489411,0.48223284219271645,0.24111642109635822,0.47096315867732746,0,0,0,0
burr,burr_moderada,100,P5,5,3,Bg,shape2,1.5,300,300,1.0,1347.3510605490476,898.2340403660318,13106.075732500698,8737.383821667132,13058.417737422522,0,0,0,0
burr,burr_moderada,100,P5,5,3,Bg,scale,500.0,300,300,1.0,14671.610633744696,29.343221267489394,69332.37584165827,138.66475168331655,67875.46767155906,0,0,0,0
burr,burr_moderada,100,P5,5,3,C,shape1,2.0,300,300,1.0,0.12059705457164682,0.06029852728582341,0.46144501576831226,0.23072250788415613,0.44615172030506056,0,0,0,0
burr,burr_moderada,100,P5,5,3,C,shape2,1.5,300,300,1.0,1531.3548442522226,1020.9032295014817,18685.227389208496,12456.818259472331,18653.485375381675,0,0,0,0
burr,burr_moderada,100,P5,5,3,C,scale,500.0,300,300,1.0,25351.452696461,50.702905392922005,253626.56925449346,507.2531385089869,252778.02431495505,0,0,0,0
burr,burr_moderada,100,P5,5,3,D,shape1,2.0,300,299,0.9966666666666667,0.14733444585506295,0.07366722292753147,0.47183599028378,0.23591799514189,0.448994428579002,0,1,0,0
burr,burr_moderada,100,P5,5,3,D,shape2,1.5,300,299,0.9966666666666667,922.2092113796182,614.8061409197454,6367.844933399971,4245.229955599981,6311.275411317697,0,1,0,0
burr,burr_moderada,100,P5,5,3,D,scale,500.0,300,299,0.9966666666666667,14275.796314330884,28.55159262866177,75253.20457151074,150.50640914302147,74010.58070838534,0,1,0,0
burr,burr_moderada,1000,P3c,3,3,A,shape1,2.0,300,298,0.9933333333333333,0.02494199564591204,0.01247099782295602,0.2769921382132889,0.13849606910664444,0.27633092298652917,0,2,0,0
burr,burr_moderada,1000,P3c,3,3,A,shape2,1.5,300,298,0.9933333333333333,79.37759788276774,52.91839858851183,544.3759398273197,362.91729321821316,539.4635679605168,0,2,0,0
burr,burr_moderada,1000,P3c,3,3,A,scale,500.0,300,298,0.9933333333333333,2025.2681742922032,4.050536348584407,12358.011764080327,24.716023528160655,12211.434944075647,0,2,0,0
burr,burr_moderada,1000,P3c,3,3,B,shape1,2.0,300,300,1.0,0.02251637447702093,0.011258187238510464,0.27741233827417716,0.13870616913708858,0.2769590330604927,0,0,0,0
burr,burr_moderada,1000,P3c,3,3,B,shape2,1.5,300,300,1.0,696.3612264440851,464.24081762939005,8964.675242099625,5976.45016139975,8952.521546773145,0,0,0,0
burr,burr_moderada,1000,P3c,3,3,B,scale,500.0,300,300,1.0,6279.01427718899,12.558028554377978,63604.18542353302,127.20837084706604,63399.2476171927,0,0,0,0
burr,burr_moderada,1000,P3c,3,3,Bg,shape1,2.0,300,300,1.0,0.02201231251333935,0.011006156256669675,0.27676032685432334,0.13838016342716167,0.2763445149110043,0,0,0,0
burr,burr_moderada,1000,P3c,3,3,Bg,shape2,1.5,300,300,1.0,78.58441362524445,52.3896090834963,534.8825072544429,356.58833816962857,529.9622500299731,0,0,0,0
burr,burr_moderada,1000,P3c,3,3,Bg,scale,500.0,300,300,1.0,2060.6763338329565,4.121352667665913,12692.724038590213,25.385448077180428,12545.256797985896,0,0,0,0
burr,burr_moderada,1000,P3c,3,3,C,shape1,2.0,300,300,1.0,0.022660046554751734,0.011330023277375867,0.27749749294609033,0.13874874647304516,0.2770328588774769,0,0,0,0
burr,burr_moderada,1000,P3c,3,3,C,shape2,1.5,300,300,1.0,129.41851013567657,86.27900675711771,1301.3374512139233,867.5583008092822,1297.0496535775708,0,0,0,0
burr,burr_moderada,1000,P3c,3,3,C,scale,500.0,300,300,1.0,2740.0038462588145,5.480007692517629,20772.196300716696,41.544392601433394,20625.093932969325,0,0,0,0
burr,burr_moderada,1000,P3c,3,3,D,shape1,2.0,300,300,1.0,0.024087309351303876,0.012043654675651938,0.27778339197235236,0.13889169598617618,0.2771994700654422,0,0,0,0
burr,burr_moderada,1000,P3c,3,3,D,shape2,1.5,300,300,1.0,425.24641420391634,283.49760946927756,4986.638673358078,3324.425782238719,4976.77523284217,0,0,0,0
burr,burr_moderada,1000,P3c,3,3,D,scale,500.0,300,300,1.0,4738.482495134244,9.476964990268488,43359.166278922974,86.71833255784595,43171.4798559935,0,0,0,0
burr,burr_moderada,1000,P3w,3,3,A,shape1,2.0,300,300,1.0,0.00559258175800359,0.002796290879001795,0.1390650645780108,0.0695325322890054,0.13918473281288313,0,0,0,0
burr,burr_moderada,1000,P3w,3,3,A,shape2,1.5,300,300,1.0,0.11190268019657923,0.07460178679771949,0.4902110956926869,0.3268073971284579,0.4780654037604292,0,0,0,0
burr,burr_moderada,1000,P3w,3,3,A,scale,500.0,300,300,1.0,25.375517143668958,0.05075103428733792,115.70476026474924,0.23140952052949848,113.07650358566241,0,0,0,0
burr,burr_moderada,1000,P3w,3,3,B,shape1,2.0,300,300,1.0,0.005579665491397101,0.0027898327456985506,0.13905933613445,0.069529668067225,0.13917951029555956,0,0,0,0
burr,burr_moderada,1000,P3w,3,3,B,shape2,1.5,300,300,1.0,0.11195340946117649,0.07463560630745099,0.49024904300898026,0.3268326953393202,0.478092529227257,0,0,0,0
burr,burr_moderada,1000,P3w,3,3,B,scale,500.0,300,300,1.0,25.386808699219728,0.050773617398439455,115.71088442155889,0.23142176884311777,113.08024816964694,0,0,0,0
burr,burr_moderada,1000,P3w,3,3,Bg,shape1,2.0,300,300,1.0,0.0055068024708480046,0.0027534012354240023,0.13906064015540445,0.06953032007770223,0.1391837291803167,0,0,0,0
burr,burr_moderada,1000,P3w,3,3,Bg,shape2,1.5,300,300,1.0,0.11207898957416518,0.07471932638277679,0.4901905288666078,0.3267936859110719,0.4780028001414171,0,0,0,0
burr,burr_moderada,1000,P3w,3,3,Bg,scale,500.0,300,300,1.0,25.421259618286967,0.05084251923657394,115.6997414964862,0.2313994829929724,113.06104135383428,0,0,0,0
burr,burr_moderada,1000,P3w,3,3,C,shape1,2.0,300,300,1.0,0.005578881385096324,0.002789440692548162,0.13905266458460777,0.06952633229230389,0.13917285375139848,0,0,0,0
burr,burr_moderada,1000,P3w,3,3,C,shape2,1.5,300,300,1.0,0.11193361267522817,0.07462240845015211,0.4902010521874174,0.3268007014582783,0.47804780472017894,0,0,0,0
burr,burr_moderada,1000,P3w,3,3,C,scale,500.0,300,300,1.0,25.38386927170461,0.05076773854340922,115.703123142043,0.231406246284086,113.0729418837264,0,0,0,0
burr,burr_moderada,1000,P3w,3,3,D,shape1,2.0,300,300,1.0,0.005658742162822694,0.002829371081411347,0.13917826331481004,0.06958913165740502,0.13929553151529445,0,0,0,0
burr,burr_moderada,1000,P3w,3,3,D,shape2,1.5,300,300,1.0,0.11186195277929079,0.07457463518619385,0.49049088133993235,0.3269939208932882,0.47836281014007664,0,0,0,0
burr,burr_moderada,1000,P3w,3,3,D,scale,500.0,300,300,1.0,25.362780839946026,0.050725561679892055,115.7618117564653,0.2315236235129306,113.13794112325688,0,0,0,0
burr,burr_moderada,1000,P5,5,3,A,shape1,2.0,300,299,0.9966666666666667,0.013127130526869646,0.006563565263434823,0.15633879652788676,0.07816939826394338,0.15604787410123708,0,1,0,0
burr,burr_moderada,1000,P5,5,3,A,shape2,1.5,300,299,0.9966666666666667,0.11711251563170322,0.07807501042113547,0.5191378539887822,0.34609190265918816,0.5066035152899137,0,1,0,0
burr,burr_moderada,1000,P5,5,3,A,scale,500.0,300,299,0.9966666666666667,26.248081889846503,0.052496163779693,123.84641573531657,0.24769283147063315,121.2358466573659,0,1,0,0
burr,burr_moderada,1000,P5,5,3,B,shape1,2.0,300,300,1.0,0.007305371220663659,0.0036526856103318295,0.1323579607831141,0.06617898039155705,0.13237701303193414,0,0,0,0
burr,burr_moderada,1000,P5,5,3,B,shape2,1.5,300,300,1.0,0.10098505257269763,0.06732336838179842,0.4830260154077395,0.32201734360515966,0.47314095001331147,0,0,0,0
burr,burr_moderada,1000,P5,5,3,B,scale,500.0,300,300,1.0,22.31464571253707,0.044629291425074144,113.86334323204086,0.22772668646408173,111.84191027972574,0,0,0,0
burr,burr_moderada,1000,P5,5,3,Bg,shape1,2.0,300,300,1.0,0.01263337744170201,0.006316688720851005,0.15629325400192684,0.07814662700096342,0.1560421187704168,0,0,0,0
burr,burr_moderada,1000,P5,5,3,Bg,shape2,1.5,300,300,1.0,0.11749079686307606,0.07832719790871738,0.5184706319459248,0.3456470879639499,0.5058266278423208,0,0,0,0
burr,burr_moderada,1000,P5,5,3,Bg,scale,500.0,300,300,1.0,26.350623791010776,0.05270124758202155,123.69105256311818,0.24738210512623635,121.05357354862761,0,0,0,0
burr,burr_moderada,1000,P5,5,3,C,shape1,2.0,300,300,1.0,0.006539310657495356,0.003269655328747678,0.13222574482353314,0.06611287241176657,0.13228460125562888,0,0,0,0
burr,burr_moderada,1000,P5,5,3,C,shape2,1.5,300,300,1.0,0.10462988442200993,0.06975325628133995,0.4882368776016801,0.3254912517344534,0.4776907620520914,0,0,0,0
burr,burr_moderada,1000,P5,5,3,C,scale,500.0,300,300,1.0,23.305095530182143,0.046610191060364285,114.99607531980337,0.22999215063960673,112.79796599108542,0,0,0,0
burr,burr_moderada,1000,P5,5,3,D,shape1,2.0,300,300,1.0,0.009033044052755734,0.004516522026377867,0.13765368937663316,0.06882684468831658,0.1375864908181702,0,0,0,0
burr,burr_moderada,1000,P5,5,3,D,shape2,1.5,300,300,1.0,0.10458482728688123,0.06972321819125415,0.4776729895408349,0.31844865969388997,0.4668618985087372,0,0,0,0
burr,burr_moderada,1000,P5,5,3,D,scale,500.0,300,300,1.0,23.11727889326403,0.04623455778652806,111.81052798820659,0.22362105597641319,109.5774138115668,0,0,0,0
burr,burr_moderada,10000,P3c,3,3,A,shape1,2.0,300,297,0.99,0.006221229506130133,0.0031106147530650663,0.08262736284439473,0.041313681422197365,0.08253188339750485,0,3,0,0
burr,burr_moderada,10000,P3c,3,3,A,shape2,1.5,300,297,0.99,0.044822790525904654,0.029881860350603102,0.3378011648144913,0.2252007765429942,0.33537928149320984,0,3,0,0
burr,burr_moderada,10000,P3c,3,3,A,scale,500.0,300,297,0.99,8.820945631812037,0.017641891263624074,75.66513378059477,0.15133026756118956,75.27604169785087,0,3,0,0
burr,burr_moderada,10000,P3c,3,3,B,shape1,2.0,300,300,1.0,0.006083098347555271,0.0030415491737776357,0.08255380622160037,0.041276903110800185,0.08246693978007075,0,0,0,0
burr,burr_moderada,10000,P3c,3,3,B,shape2,1.5,300,300,1.0,0.04597880749351635,0.0306525383290109,0.3385749932920048,0.22571666219466988,0.33599894789633905,0,0,0,0
burr,burr_moderada,10000,P3c,3,3,B,scale,500.0,300,300,1.0,9.075157635647997,0.018150315271295993,75.85886694280636,0.15171773388561272,75.43990858353098,0,0,0,0
burr,burr_moderada,10000,P3c,3,3,Bg,shape1,2.0,300,300,1.0,0.007246410025588901,0.0036232050127944504,0.08274259442941455,0.041371297214707274,0.08256239036223485,0,0,0,0
burr,burr_moderada,10000,P3c,3,3,Bg,shape2,1.5,300,300,1.0,0.042386874337862146,0.02825791622524143,0.3385753439548321,0.22571689596988806,0.33647287618174987,0,0,0,0
burr,burr_moderada,10000,P3c,3,3,Bg,scale,500.0,300,300,1.0,8.230946071160929,0.016461892142321858,75.85727371351098,0.15171454742702195,75.53539670825245,0,0,0,0
burr,burr_moderada,10000,P3c,3,3,C,shape1,2.0,300,300,1.0,0.006085806237596358,0.003042903118798179,0.0824997838249872,0.0412498919124936,0.082412478924917,0,0,0,0
burr,burr_moderada,10000,P3c,3,3,C,shape2,1.5,300,300,1.0,0.045977130656967846,0.030651420437978565,0.3385763056476454,0.22571753709843026,0.3360005049604422,0,0,0,0
burr,burr_moderada,10000,P3c,3,3,C,scale,500.0,300,300,1.0,9.072917774351538,0.018145835548703075,75.86209762365439,0.1517241952473088,75.44343837316764,0,0,0,0
burr,burr_moderada,10000,P3c,3,3,D,shape1,2.0,300,300,1.0,0.009848961004594425,0.004924480502297213,0.08681667723508056,0.04340833861754028,0.08640032871819517,0,0,0,0
burr,burr_moderada,10000,P3c,3,3,D,shape2,1.5,300,300,1.0,0.03752360315293357,0.02501573543528905,0.34472483422338424,0.22981655614892282,0.3432490693585041,0,0,0,0
burr,burr_moderada,10000,P3c,3,3,D,scale,500.0,300,300,1.0,7.042343282363561,0.014084686564727122,77.46694182163019,0.15493388364326038,77.27507532949924,0,0,0,0
burr,burr_moderada,10000,P3w,3,3,A,shape1,2.0,300,297,0.99,0.0024029901381439345,0.0012014950690719672,0.04496290294326422,0.02248145147163211,0.04497442287409598,0,3,0,0
burr,burr_moderada,10000,P3w,3,3,A,shape2,1.5,300,297,0.99,0.005287038880743999,0.0035246925871626664,0.12046431470660793,0.08030954313773862,0.1205513573167424,0,3,0,0
burr,burr_moderada,10000,P3w,3,3,A,scale,500.0,300,297,0.99,1.095641061553863,0.002191282123107726,29.98331826499881,0.05996663652999762,30.01386428615686,0,3,0,0
burr,burr_moderada,10000,P3w,3,3,B,shape1,2.0,300,300,1.0,0.00260336466708333,0.001301682333541665,0.04514254768161923,0.022571273840809616,0.04514271798293799,0,0,0,0
burr,burr_moderada,10000,P3w,3,3,B,shape2,1.5,300,300,1.0,0.004847208993719931,0.003231472662479954,0.1214317852879123,0.08095452352527487,0.12153773534815994,0,0,0,0
burr,burr_moderada,10000,P3w,3,3,B,scale,500.0,300,300,1.0,0.9867342086582767,0.001973468417316553,30.236886917822748,0.0604737738356455,30.27127659523156,0,0,0,0
burr,burr_moderada,10000,P3w,3,3,Bg,shape1,2.0,300,300,1.0,0.002611665910459582,0.001305832955229791,0.0451242131121125,0.02256210655605625,0.045123840855338854,0,0,0,0
burr,burr_moderada,10000,P3w,3,3,Bg,shape2,1.5,300,300,1.0,0.004814585784664871,0.0032097238564432473,0.12137161928496544,0.08091441285664362,0.12147872240947172,0,0,0,0
burr,burr_moderada,10000,P3w,3,3,Bg,scale,500.0,300,300,1.0,0.978969141414666,0.0019579382828293318,30.22691344993252,0.060453826899865046,30.261534180646294,0,0,0,0
burr,burr_moderada,10000,P3w,3,3,C,shape1,2.0,300,300,1.0,0.0026093597630629795,0.0013046798815314897,0.04513496238123988,0.02256748119061994,0.04513475998954566,0,0,0,0
burr,burr_moderada,10000,P3w,3,3,C,shape2,1.5,300,300,1.0,0.00482654358164103,0.0032176957210940196,0.121374763585031,0.08091650905668733,0.1214813983546343,0,0,0,0
burr,burr_moderada,10000,P3w,3,3,C,scale,500.0,300,300,1.0,0.9819250972391274,0.0019638501944782547,30.223498181307903,0.06044699636261581,30.258015308127703,0,0,0,0
burr,burr_moderada,10000,P3w,3,3,D,shape1,2.0,300,300,1.0,0.0025806539162864794,0.0012903269581432397,0.045150708138208824,0.022575354069104412,0.045152213811947305,0,0,0,0
burr,burr_moderada,10000,P3w,3,3,D,shape2,1.5,300,300,1.0,0.004927696490661049,0.0032851309937740325,0.12140101054195765,0.08093400702797177,0.12150363621423864,0,0,0,0
burr,burr_moderada,10000,P3w,3,3,D,scale,500.0,300,300,1.0,1.0060172164133405,0.002012034432826681,30.232785565336894,0.06046557113067379,30.266529286492194,0,0,0,0
burr,burr_moderada,10000,P5,5,3,A,shape1,2.0,300,296,0.9866666666666667,0.0035338616918405563,0.0017669308459202782,0.045093927862885824,0.022546963931442912,0.04503137696631292,0,4,0,0
burr,burr_moderada,10000,P5,5,3,A,shape2,1.5,300,296,0.9866666666666667,0.003419461704009308,0.002279641136006205,0.12315729612372635,0.08210486408248423,0.1233183004765869,0,4,0,0
burr,burr_moderada,10000,P5,5,3,A,scale,500.0,300,296,0.9866666666666667,0.592619848051811,0.001185239696103622,30.53431480113921,0.06106862960227842,30.58026293237365,0,4,0,0
burr,burr_moderada,10000,P5,5,3,B,shape1,2.0,300,300,1.0,0.0025761602625720137,0.0012880801312860068,0.04162589896023662,0.02081294948011831,0.041615522363110564,0,0,0,0
burr,burr_moderada,10000,P5,5,3,B,shape2,1.5,300,300,1.0,0.004054428237311836,0.0027029521582078906,0.11332894194124493,0.07555262796082995,0.11344562748076971,0,0,0,0
burr,burr_moderada,10000,P5,5,3,B,scale,500.0,300,300,1.0,0.7644009000156871,0.001528801800031374,27.765609519967835,0.05553121903993567,27.801459802858375,0,0,0,0
burr,burr_moderada,10000,P5,5,3,Bg,shape1,2.0,300,300,1.0,0.003570871007568588,0.001785435503784294,0.044941363270595634,0.022470681635297817,0.044874127332794785,0,0,0,0
burr,burr_moderada,10000,P5,5,3,Bg,shape2,1.5,300,300,1.0,0.0031011597430554705,0.002067439828703647,0.12270367071087711,0.08180244714058474,0.1228694290816376,0,0,0,0
burr,burr_moderada,10000,P5,5,3,Bg,scale,500.0,300,300,1.0,0.5313020517874065,0.001062604103574813,30.39595422992709,0.060791908459854174,30.442089630660917,0,0,0,0
burr,burr_moderada,10000,P5,5,3,C,shape1,2.0,300,300,1.0,0.002518538267868742,0.001259269133934371,0.04161411386184221,0.020807056930921105,0.04160723467648861,0,0,0,0
burr,burr_moderada,10000,P5,5,3,C,shape2,1.5,300,300,1.0,0.004240505155308938,0.002827003436872625,0.11331353763606315,0.0755423584240421,0.11342336086654065,0,0,0,0
burr,burr_moderada,10000,P5,5,3,C,scale,500.0,300,300,1.0,0.8224160275563577,0.0016448320551127153,27.765894936854682,0.05553178987370937,27.80008457775814,0,0,0,0
burr,burr_moderada,10000,P5,5,3,D,shape1,2.0,300,300,1.0,0.0033520596337228703,0.0016760298168614352,0.04227350750785778,0.02113675375392889,0.04221080794758019,0,0,0,0
burr,burr_moderada,10000,P5,5,3,D,shape2,1.5,300,300,1.0,0.003370345619213122,0.002246897079475415,0.11894418179510848,0.07929612119673898,0.11909507943852997,0,0,0,0
burr,burr_moderada,10000,P5,5,3,D,scale,500.0,300,300,1.0,0.5572801330306447,0.0011145602660612894,29.049834206947693,0.05809966841389538,29.093017234561845,0,0,0,0
burr,burr_pesada,100,P3c,3,3,A,shape1,1.2,300,291,0.97,1.612908061792204,1.3440900514935035,6.924311809919733,5.770259841599778,6.74544160077192,0,9,0,0
burr,burr_pesada,100,P3c,3,3,A,shape2,0.8,300,291,0.97,569.2325085779415,711.5406357224268,2047.6783974960822,2559.5979968701026,1970.3559110390604,0,9,0,0
burr,burr_pesada,100,P3c,3,3,A,scale,400.0,300,291,0.97,4608406.28678886,11521.015716972151,23328335.145614557,58320.837864036395,22908015.412404727,0,9,0,0
burr,burr_pesada,100,P3c,3,3,B,shape1,1.2,300,300,1.0,1.2032653916973637,1.0027211597478032,5.093975962260254,4.244979968550212,4.958092958707607,0,0,0,0
burr,burr_pesada,100,P3c,3,3,B,shape2,0.8,300,300,1.0,834.6786770254496,1043.348346281812,2718.333573335081,3397.916966668851,2591.337948483476,0,0,0,0
burr,burr_pesada,100,P3c,3,3,B,scale,400.0,300,300,1.0,10622959.689362638,26557.399223406595,51430095.14428884,128575.23786072209,50405122.11180326,0,0,0,0
burr,burr_pesada,100,P3c,3,3,Bg,shape1,1.2,300,300,1.0,0.8971419742361906,0.7476183118634921,3.7413226122694754,3.1177688435578963,3.6382349675917265,0,0,0,0
burr,burr_pesada,100,P3c,3,3,Bg,shape2,0.8,300,300,1.0,574.5271968320837,718.1589960401046,1851.1720530984255,2313.9650663730317,1762.7006312258438,0,0,0,0
burr,burr_pesada,100,P3c,3,3,Bg,scale,400.0,300,300,1.0,2788639.161250614,6971.597903126535,11020707.36509622,27551.768412740552,10679872.723651888,0,0,0,0
burr,burr_pesada,100,P3c,3,3,C,shape1,1.2,300,299,0.9966666666666667,1.0742563095562432,0.8952135912968694,4.516314857051453,3.7635957142095444,4.3940468068485705,0,1,0,0
burr,burr_pesada,100,P3c,3,3,C,shape2,0.8,300,299,0.9966666666666667,925.844352503691,1157.3054406296137,3919.876370191828,4899.845462739784,3815.354291765685,0,1,0,0
burr,burr_pesada,100,P3c,3,3,C,scale,400.0,300,299,0.9966666666666667,9024254.306936912,22560.63576734228,42291253.624004416,105728.13406001104,41386489.75569126,0,1,0,0
burr,burr_pesada,100,P3c,3,3,D,shape1,1.2,300,300,1.0,0.8500404469878828,0.7083670391565691,3.4600159045161734,2.883346587096811,3.3595779264866943,0,0,0,0
burr,burr_pesada,100,P3c,3,3,D,shape2,0.8,300,300,1.0,1135.3456255263768,1419.182031907971,8301.25993510475,10376.574918880937,8236.993811109383,0,0,0,0
burr,burr_pesada,100,P3c,3,3,D,scale,400.0,300,300,1.0,11823654.982652998,29559.137456632496,105007430.8876091,262518.5772190227,104513981.3555895,0,0,0,0
burr,burr_pesada,100,P3w,3,3,A,shape1,1.2,300,292,0.9733333333333334,0.0695504859074787,0.05795873825623225,0.3186206668060861,0.2655172223384051,0.31147086427474596,0,8,0,0
burr,burr_pesada,100,P3w,3,3,A,shape2,0.8,300,292,0.9733333333333334,15.737800640798998,19.672250800998746,225.61952855568487,282.02441069460605,225.45636072914888,0,8,0,0
burr,burr_pesada,100,P3w,3,3,A,scale,400.0,300,292,0.9733333333333334,147213.1785217696,368.03294630442394,2106979.911217938,5267.4497780448455,2105439.075504871,0,8,0,0
burr,burr_pesada,100,P3w,3,3,B,shape1,1.2,300,300,1.0,0.07219299602065754,0.06016083001721462,0.3243356693844515,0.27027972448704296,0.3167273039131643,0,0,0,0
burr,burr_pesada,100,P3w,3,3,B,shape2,0.8,300,300,1.0,106.3058572182435,132.88232152280438,1637.8155761223657,2047.269470152957,1637.092697776715,0,0,0,0
burr,burr_pesada,100,P3w,3,3,B,scale,400.0,300,300,1.0,76022950.20520262,190057.37551300655,1315593624.5820928,3288984.061455232,1315589734.9041212,0,0,0,0
burr,burr_pesada,100,P3w,3,3,Bg,shape1,1.2,300,300,1.0,0.06753101809037876,0.056275848408648965,0.3260760729688709,0.2717300608073924,0.31953954166493304,0,0,0,0
burr,burr_pesada,100,P3w,3,3,Bg,shape2,0.8,300,300,1.0,12.549514571098614,15.686893213873267,174.58381052817603,218.22976316022002,174.42312922678974,0,0,0,0
burr,burr_pesada,100,P3w,3,3,Bg,scale,400.0,300,300,1.0,143307.27944166257,358.2681986041564,2164311.3974762275,5410.778493690569,2163170.018901298,0,0,0,0
burr,burr_pesada,100,P3w,3,3,C,shape1,1.2,300,300,1.0,0.07218898772721594,0.06015748977267995,0.3243385341806369,0.2702821118171974,0.31673116398532003,0,0,0,0
burr,burr_pesada,100,P3w,3,3,C,shape2,0.8,300,300,1.0,108.03246602870763,135.04058253588454,1413.7468256637917,1767.1835320797395,1411.9683384034204,0,0,0,0
burr,burr_pesada,100,P3w,3,3,C,scale,400.0,300,300,1.0,14205945.507930651,35514.863769826625,235919898.87275,589799.747181875,235885274.38551012,0,0,0,0
burr,burr_pesada,100,P3w,3,3,D,shape1,1.2,300,300,1.0,0.0723702054538311,0.060308504544859254,0.3240991674725264,0.27008263956043865,0.31644369550845075,0,0,0,0
burr,burr_pesada,100,P3w,3,3,D,shape2,0.8,300,300,1.0,53.77085456757692,67.21356820947115,695.4465436685351,869.3081795856689,694.5231926894373,0,0,0,0
burr,burr_pesada,100,P3w,3,3,D,scale,400.0,300,300,1.0,12624128.488212604,31560.32122053151,217601487.01827514,544003.7175456878,217597950.57120126,0,0,0,0
burr,burr_pesada,100,P5,5,3,A,shape1,1.2,300,287,0.9566666666666667,0.19586777694847046,0.16322314745705874,0.8198783770450662,0.6832319808708885,0.7975290453476224,0,13,0,0
burr,burr_pesada,100,P5,5,3,A,shape2,0.8,300,287,0.9566666666666667,396.1280547006444,495.16006837580545,1780.181392469881,2225.2267405873513,1738.5799583850257,0,13,0,0
burr,burr_pesada,100,P5,5,3,A,scale,400.0,300,287,0.9566666666666667,25972610.51653885,64931.52629134713,176348962.05597502,440872.40513993753,174730532.16867748,0,13,0,0
burr,burr_pesada,100,P5,5,3,B,shape1,1.2,300,300,1.0,0.07693530686149463,0.0641127557179122,0.3183931415251854,0.2653276179376545,0.3094743917119627,0,0,0,0
burr,burr_pesada,100,P5,5,3,B,shape2,0.8,300,300,1.0,39.51924371664828,49.39905464581035,532.9873116511635,666.2341395639544,532.4082696978647,0,0,0,0
burr,burr_pesada,100,P5,5,3,B,scale,400.0,300,300,1.0,2055514.1073259092,5138.785268314773,32295353.52777188,80738.3838194297,32283724.23901587,0,0,0,0
burr,burr_pesada,100,P5,5,3,Bg,shape1,1.2,300,300,1.0,0.1800387049327672,0.15003225411063933,0.8097501401683267,0.6747917834736056,0.7908008012470228,0,0,0,0
burr,burr_pesada,100,P5,5,3,Bg,shape2,0.8,300,300,1.0,567.9331112830821,709.9163891038526,2734.756524401515,3418.4456555018937,2679.6043539754996,0,0,0,0
burr,burr_pesada,100,P5,5,3,Bg,scale,400.0,300,300,1.0,48025609.85619078,120064.02464047694,342701545.55424327,856753.8638856082,339886696.8252862,0,0,0,0
burr,burr_pesada,100,P5,5,3,C,shape1,1.2,300,300,1.0,0.06420683733326804,0.05350569777772337,0.30661772470465526,0.2555147705872127,0.30032075017555093,0,0,0,0
burr,burr_pesada,100,P5,5,3,C,shape2,0.8,300,300,1.0,24.415681385485062,30.519601731856326,299.24348048033596,374.0543506004199,298.74408536561435,0,0,0,0
burr,burr_pesada,100,P5,5,3,C,scale,400.0,300,300,1.0,1815976.8795360147,4539.942198840037,30003407.194382563,75008.51798595641,29998439.27787933,0,0,0,0
burr,burr_pesada,100,P5,5,3,D,shape1,1.2,300,300,1.0,0.07716780554303693,0.06430650461919744,0.34390462523087095,0.2865871876923925,0.33569503755191427,0,0,0,0
burr,burr_pesada,100,P5,5,3,D,shape2,0.8,300,300,1.0,157.20747079344653,196.50933849180817,2125.063892729899,2656.329865912374,2122.781909687869,0,0,0,0
burr,burr_pesada,100,P5,5,3,D,scale,400.0,300,300,1.0,2056717.397032776,5141.79349258194,24716834.599805232,61792.08649951308,24672269.77470167,0,0,0,0
burr,burr_pesada,1000,P3c,3,3,A,shape1,1.2,300,294,0.98,0.014641347912486502,0.012201123260405419,0.18954822581456945,0.15795685484547456,0.18930412614278655,0,6,0,0
burr,burr_pesada,1000,P3c,3,3,A,shape2,0.8,300,294,0.98,17.942638973714317,22.428298717142894,251.39771010629278,314.24713763286593,251.18414362063072,0,6,0,0
burr,burr_pesada,1000,P3c,3,3,A,scale,400.0,300,294,0.98,100029.7777879569,250.07444446989226,1421634.661296168,3554.08665324042,1420529.045325576,0,6,0,0
burr,burr_pesada,1000,P3c,3,3,B,shape1,1.2,300,300,1.0,0.014521444214824042,0.01210120351235337,0.18885589740337416,0.1573799145028118,0.18861139547659442,0,0,0,0
burr,burr_pesada,1000,P3c,3,3,B,shape2,0.8,300,300,1.0,27.349617736850117,34.187022171062644,385.12921396973957,481.41151746217446,384.7987484195017,0,0,0,0
burr,burr_pesada,1000,P3c,3,3,B,scale,400.0,300,300,1.0,196899.79129151016,492.2494782287754,2863162.1594233788,7157.905398558447,2861156.306117644,0,0,0,0
burr,burr_pesada,1000,P3c,3,3,Bg,shape1,1.2,300,300,1.0,0.01275584673655028,0.010629872280458568,0.1893366831872998,0.15778056932274984,0.18922213938785448,0,0,0,0
burr,burr_pesada,1000,P3c,3,3,Bg,shape2,0.8,300,300,1.0,8.875245418972089,11.09405677371511,111.33553675784106,139.16942094730132,111.16665498781636,0,0,0,0
burr,burr_pesada,1000,P3c,3,3,Bg,scale,400.0,300,300,1.0,42212.754354362434,105.53188588590609,529424.0088774367,1323.560022193592,528620.2124168098,0,0,0,0
burr,burr_pesada,1000,P3c,3,3,C,shape1,1.2,300,300,1.0,0.014501150637631133,0.012084292198025945,0.18886903688592704,0.15739086407160588,0.18862616243490404,0,0,0,0
burr,burr_pesada,1000,P3c,3,3,C,shape2,0.8,300,300,1.0,51.690093830721985,64.61261728840248,775.1078111317016,968.884763914627,774.6745479627903,0,0,0,0
burr,burr_pesada,1000,P3c,3,3,C,scale,400.0,300,300,1.0,453200.08034305024,1133.0002008576257,7052389.590636741,17630.973976591853,7049571.866691198,0,0,0,0
burr,burr_pesada,1000,P3c,3,3,D,shape1,1.2,300,300,1.0,0.014429850820688594,0.012024875683907163,0.18875501860891603,0.15729584884076336,0.18851710475345995,0,0,0,0
burr,burr_pesada,1000,P3c,3,3,D,shape2,0.8,300,300,1.0,11.899618517414273,14.87452314676784,163.655891799148,204.569864748935,163.4954204498545,0,0,0,0
burr,burr_pesada,1000,P3c,3,3,D,scale,400.0,300,300,1.0,67106.40481475568,167.76601203688918,951775.6284796575,2379.4390711991437,950993.2727153496,0,0,0,0
burr,burr_pesada,1000,P3w,3,3,A,shape1,1.2,300,280,0.9333333333333333,0.010379690280121867,0.008649741900101557,0.08963561602889178,0.07469634669074315,0.0891920241977836,0,20,0,0
burr,burr_pesada,1000,P3w,3,3,A,shape2,0.8,300,280,0.9333333333333333,0.0185967793233629,0.023245974154203625,0.14508969122452378,0.18136211403065472,0.14415058240264692,0,20,0,0
burr,burr_pesada,1000,P3w,3,3,A,scale,400.0,300,280,0.9333333333333333,19.7896610447375,0.04947415261184375,104.02802794202061,0.26007006985505154,102.31121220237758,0,20,0,0
burr,burr_pesada,1000,P3w,3,3,B,shape1,1.2,300,300,1.0,0.009034302203394073,0.007528585169495061,0.08930636123911011,0.07442196769925842,0.0889966791767149,0,0,0,0
burr,burr_pesada,1000,P3w,3,3,B,shape2,0.8,300,300,1.0,0.02103341738683373,0.026291771733542163,0.1458955479796659,0.18236943497458236,0.14461264003830274,0,0,0,0
burr,burr_pesada,1000,P3w,3,3,B,scale,400.0,300,300,1.0,21.201254032139673,0.05300313508034918,104.12855806672873,0.26032139516682185,102.1176944064564,0,0,0,0
burr,burr_pesada,1000,P3w,3,3,Bg,shape1,1.2,300,300,1.0,0.0018685362086126034,0.0015571135071771696,0.0981043697179657,0.08175364143163809,0.0982504611043657,0,0,0,0
burr,burr_pesada,1000,P3w,3,3,Bg,shape2,0.8,300,300,1.0,0.032027352900702466,0.04003419112587808,0.15485702458542897,0.1935712807317862,0.15176204771521454,0,0,0,0
burr,burr_pesada,1000,P3w,3,3,Bg,scale,400.0,300,300,1.0,28.62707364326735,0.07156768410816838,110.25419584054741,0.2756354896013685,106.65079933313541,0,0,0,0
burr,burr_pesada,1000,P3w,3,3,C,shape1,1.2,300,300,1.0,0.009032613463032968,0.007527177885860807,0.08930757379167227,0.0744229781597269,0.08899807200148979,0,0,0,0
burr,burr_pesada,1000,P3w,3,3,C,shape2,0.8,300,300,1.0,0.021036925410357066,0.026296156762946332,0.145899419328189,0.18237427416023624,0.14461604682600201,0,0,0,0
burr,burr_pesada,1000,P3w,3,3,C,scale,400.0,300,300,1.0,21.204012858985607,0.05301003214746402,104.13062662906542,0.26032656657266356,102.11923603677018,0,0,0,0
burr,burr_pesada,1000,P3w,3,3,D,shape1,1.2,300,300,1.0,0.009021311640924123,0.007517759700770103,0.08931642939372819,0.07443035782810684,0.08900813815666449,0,0,0,0
burr,burr_pesada,1000,P3w,3,3,D,shape2,0.8,300,300,1.0,0.021062129687101305,0.02632766210887663,0.14593078388500325,0.18241347985625406,0.14464411537301494,0,0,0,0
burr,burr_pesada,1000,P3w,3,3,D,scale,400.0,300,300,1.0,21.22323258435273,0.053058081460881826,104.1641384100421,0.26041034602510527,102.14951725597616,0,0,0,0
burr,burr_pesada,1000,P5,5,3,A,shape1,1.2,300,296,0.9866666666666667,0.022555626300788223,0.018796355250656854,0.17668052544955354,0.1472337712079613,0.17553160448841307,0,4,0,0
burr,burr_pesada,1000,P5,5,3,A,shape2,0.8,300,296,0.9866666666666667,0.05990510556840356,0.07488138196050445,0.3248920630134227,0.4061150787667784,0.31986228157820845,0,4,0,0
burr,burr_pesada,1000,P5,5,3,A,scale,400.0,300,296,0.9866666666666667,64.2866626560849,0.16071665664021226,307.6145354429611,0.7690363386074027,301.3315225732825,0,4,0,0
burr,burr_pesada,1000,P5,5,3,B,shape1,1.2,300,300,1.0,0.011601042721429033,0.009667535601190862,0.08983999572899352,0.07486666310749461,0.0892366773753434,0,0,0,0
burr,burr_pesada,1000,P5,5,3,B,shape2,0.8,300,300,1.0,0.016220152549532796,0.020275190686915995,0.14418880136824505,0.1802360017103063,0.1435129622218847,0,0,0,0
burr,burr_pesada,1000,P5,5,3,B,scale,400.0,300,300,1.0,16.436149365571907,0.041090373413929765,99.46714774163804,0.2486678693540951,98.26368767219789,0,0,0,0
burr,burr_pesada,1000,P5,5,3,Bg,shape1,1.2,300,300,1.0,0.022210695484669474,0.018508912903891228,0.17798748592983366,0.14832290494152806,0.17689129974874215,0,0,0,0
burr,burr_pesada,1000,P5,5,3,Bg,shape2,0.8,300,300,1.0,0.0618230151841036,0.0772787689801295,0.32898846290031963,0.4112355786253995,0.3236673064520845,0,0,0,0
burr,burr_pesada,1000,P5,5,3,Bg,scale,400.0,300,300,1.0,66.17766142169683,0.16544415355424205,310.4618212476406,0.7761545531191015,303.8334667206508,0,0,0,0
burr,burr_pesada,1000,P5,5,3,C,shape1,1.2,300,300,1.0,0.010365413590597505,0.008637844658831256,0.08956319221202799,0.07463599351002333,0.08911000079176425,0,0,0,0
burr,burr_pesada,1000,P5,5,3,C,shape2,0.8,300,300,1.0,0.018487839850265808,0.02310979981283226,0.14518066855244063,0.18147583569055079,0.1442393019247424,0,0,0,0
burr,burr_pesada,1000,P5,5,3,C,scale,400.0,300,300,1.0,18.457907143047464,0.04614476785761866,100.51868027935446,0.25129670069838617,98.97456219761257,0,0,0,0
burr,burr_pesada,1000,P5,5,3,D,shape1,1.2,300,300,1.0,0.00813779711156748,0.0067814975929729,0.08822930869049832,0.0735244239087486,0.08800000287040624,0,0,0,0
burr,burr_pesada,1000,P5,5,3,D,shape2,0.8,300,300,1.0,0.02248131254506136,0.0281016406813267,0.14961826544597737,0.1870228318074717,0.14816677738633263,0,0,0,0
burr,burr_pesada,1000,P5,5,3,D,scale,400.0,300,300,1.0,21.442392744855,0.0536059818621375,105.14197911997269,0.26285494779993174,103.10428967054858,0,0,0,0
burr,burr_pesada,10000,P3c,3,3,A,shape1,1.2,300,296,0.9866666666666667,0.007161571550541979,0.0059679762921183155,0.055850323439800835,0.04654193619983403,0.055483064274865844,0,4,0,0
burr,burr_pesada,10000,P3c,3,3,A,shape2,0.8,300,296,0.9866666666666667,-0.0009889754080184554,-0.0012362192600230693,0.0911876347450644,0.11398454343133049,0.09133668709464343,0,4,0,0
burr,burr_pesada,10000,P3c,3,3,A,scale,400.0,300,296,0.9866666666666667,1.463107020295297,0.0036577675507382425,56.38235178250707,0.14095587945626767,56.45881527214443,0,4,0,0
burr,burr_pesada,10000,P3c,3,3,B,shape1,1.2,300,300,1.0,0.006934170263621864,0.0057784752196848865,0.05611866159708098,0.04676555133090082,0.05578165863738056,0,0,0,0
burr,burr_pesada,10000,P3c,3,3,B,shape2,0.8,300,300,1.0,-0.0003594768136409021,-0.00044934601705112764,0.09168034996412254,0.11460043745515316,0.09183282768214263,0,0,0,0
burr,burr_pesada,10000,P3c,3,3,B,scale,400.0,300,300,1.0,1.7693300800778502,0.004423325200194625,56.58918658254464,0.1414729664563616,56.65602521461284,0,0,0,0
burr,burr_pesada,10000,P3c,3,3,Bg,shape1,1.2,300,300,1.0,-0.002117668676449691,-0.0017647238970414092,0.06737338263653107,0.056144485530442566,0.06745260816622757,0,0,0,0
burr,burr_pesada,10000,P3c,3,3,Bg,shape2,0.8,300,300,1.0,0.018904918377378732,0.023631147971723415,0.11944808460683376,0.1493101057585422,0.11813963017596173,0,0,0,0
burr,burr_pesada,10000,P3c,3,3,Bg,scale,400.0,300,300,1.0,14.547768350338174,0.03636942087584544,75.65302008978709,0.18913255022446773,74.3651518123748,0,0,0,0
burr,burr_pesada,10000,P3c,3,3,C,shape1,1.2,300,300,1.0,0.006930135518425695,0.005775112932021413,0.05613354580207787,0.046777954835064896,0.05579718576362699,0,0,0,0
burr,burr_pesada,10000,P3c,3,3,C,shape2,0.8,300,300,1.0,-0.00034851544654002087,-0.0004356443081750261,0.09169801147366709,0.11462251434208386,0.09185056122419158,0,0,0,0
burr,burr_pesada,10000,P3c,3,3,C,scale,400.0,300,300,1.0,1.7787873351044823,0.004446968337761206,56.61493629742397,0.14153734074355992,56.681533574929546,0,0,0,0
burr,burr_pesada,10000,P3c,3,3,D,shape1,1.2,300,300,1.0,0.006810359111072639,0.0056752992592272,0.05618161034918952,0.0468180086243246,0.05586048390780763,0,0,0,0
burr,burr_pesada,10000,P3c,3,3,D,shape2,0.8,300,300,1.0,-0.00011480288261722649,-0.0001435036032715331,0.09178293598537962,0.11472866998172453,0.09193621912145904,0,0,0,0
burr,burr_pesada,10000,P3c,3,3,D,scale,400.0,300,300,1.0,1.923313360812017,0.004808283402030042,56.637047698276284,0.14159261924569072,56.698958933771635,0,0,0,0
burr,burr_pesada,10000,P3w,3,3,A,shape1,1.2,300,284,0.9466666666666667,0.0027353445200368753,0.0022794537666973964,0.02639555151395011,0.02199629292829176,0.02629978170671966,0,16,0,0
burr,burr_pesada,10000,P3w,3,3,A,shape2,0.8,300,284,0.9466666666666667,-0.0015419974641488476,-0.0019274968301860596,0.03927546083502054,0.04909432604377567,0.03931445553676786,0,16,0,0
burr,burr_pesada,10000,P3w,3,3,A,scale,400.0,300,284,0.9466666666666667,-0.7110632523487084,-0.001777658130871771,25.74712516906546,0.06436781292266365,25.782736682018122,0,16,0,0
burr,burr_pesada,10000,P3w,3,3,B,shape1,1.2,300,300,1.0,0.0025456783310020548,0.002121398609168379,0.026208973263306047,0.02184081105275504,0.02612863345653788,0,0,0,0
burr,burr_pesada,10000,P3w,3,3,B,shape2,0.8,300,300,1.0,-0.0018066149548745525,-0.0022582686935931906,0.03857252345870425,0.04821565432338031,0.03859457014303349,0,0,0,0
burr,burr_pesada,10000,P3w,3,3,B,scale,400.0,300,300,1.0,-0.8156632617987043,-0.0020391581544967606,25.3674822384682,0.0634187055961705,25.396728686761634,0,0,0,0
burr,burr_pesada,10000,P3w,3,3,Bg,shape1,1.2,300,300,1.0,-0.00964126957321243,-0.008034391311010358,0.05114279659012732,0.042618997158439434,0.05030972529182522,0,0,0,0
burr,burr_pesada,10000,P3w,3,3,Bg,shape2,0.8,300,300,1.0,0.01598520693011507,0.019981508662643838,0.07438987348909132,0.09298734186136415,0.07277348214013409,0,0,0,0
burr,burr_pesada,10000,P3w,3,3,Bg,scale,400.0,300,300,1.0,10.613048095841634,0.026532620239604086,48.27535952437251,0.12068839881093128,47.17299210994349,0,0,0,0
burr,burr_pesada,10000,P3w,3,3,C,shape1,1.2,300,300,1.0,0.0025443876049073832,0.002120323004089486,0.02620974822542488,0.021841456854520734,0.026129539539468314,0,0,0,0
burr,burr_pesada,10000,P3w,3,3,C,shape2,0.8,300,300,1.0,-0.0018045921719129776,-0.002255740214891222,0.0385741201277389,0.04821765015967362,0.03859626618296805,0,0,0,0
burr,burr_pesada,10000,P3w,3,3,C,scale,400.0,300,300,1.0,-0.8138000326476345,-0.0020345000816190863,25.368552871302825,0.06342138217825706,25.397861633270598,0,0,0,0
burr,burr_pesada,10000,P3w,3,3,D,shape1,1.2,300,300,1.0,0.0025441259809606542,0.002120104984133879,0.026213474729061347,0.02184456227421779,0.026133315537209628,0,0,0,0
burr,burr_pesada,10000,P3w,3,3,D,shape2,0.8,300,300,1.0,-0.0017973550157956986,-0.002246693769744623,0.038585821171304144,0.048232276464130176,0.038608338344327774,0,0,0,0
burr,burr_pesada,10000,P3w,3,3,D,scale,400.0,300,300,1.0,-0.8102186889910286,-0.0020255467224775713,25.37576764118482,0.06343941910296205,25.405207029322842,0,0,0,0
burr,burr_pesada,10000,P5,5,3,A,shape1,1.2,300,293,0.9766666666666667,0.00021783969462219055,0.00018153307885182546,0.05320988747974589,0.04434157289978825,0.0533004757471275,0,7,0,0
burr,burr_pesada,10000,P5,5,3,A,shape2,0.8,300,293,0.9766666666666667,0.005862206676958248,0.00732775834619781,0.07182741920475583,0.08978427400594478,0.07171027409553704,0,7,0,0
burr,burr_pesada,10000,P5,5,3,A,scale,400.0,300,293,0.9766666666666667,4.848765191860309,0.012121912979650772,44.40125044035171,0.11100312610087927,44.21121593488745,0,7,0,0
burr,burr_pesada,10000,P5,5,3,B,shape1,1.2,300,300,1.0,0.002006826540358997,0.0016723554502991642,0.025626979629886634,0.021355816358238862,0.025590969590909958,0,0,0,0
burr,burr_pesada,10000,P5,5,3,B,shape2,0.8,300,300,1.0,-0.0010128825976341016,-0.001266103247042627,0.03956552281208182,0.04945690351510227,0.039618641910843466,0,0,0,0
burr,burr_pesada,10000,P5,5,3,B,scale,400.0,300,300,1.0,-0.2073154856332735,-0.0005182887140831837,25.84882291833089,0.06462205729582722,25.8911795239831,0,0,0,0
burr,burr_pesada,10000,P5,5,3,Bg,shape1,1.2,300,300,1.0,0.00013768914197509474,0.00011474095164591229,0.05276324505651769,0.04396937088043141,0.05285122430270943,0,0,0,0
burr,burr_pesada,10000,P5,5,3,Bg,shape2,0.8,300,300,1.0,0.005685516526837575,0.007106895658546969,0.07128572145938415,0.08910715182423018,0.07117735857504379,0,0,0,0
burr,burr_pesada,10000,P5,5,3,Bg,scale,400.0,300,300,1.0,4.803992069544506,0.012009980173861266,44.112637673310445,0.11028159418327611,43.92354024116124,0,0,0,0
burr,burr_pesada,10000,P5,5,3,C,shape1,1.2,300,300,1.0,0.0018849204676765208,0.0015707670563971008,0.025612774446379993,0.021343978705316662,0.025586000751449626,0,0,0,0
burr,burr_pesada,10000,P5,5,3,C,shape2,0.8,300,300,1.0,-0.0008084161655300681,-0.0010105202069125852,0.039578012150982916,0.049472515188728645,0.039635869904295386,0,0,0,0
burr,burr_pesada,10000,P5,5,3,C,scale,400.0,300,300,1.0,-0.029593492748176686,-7.398373187044172e-05,25.871203633422347,0.06467800908355587,25.9144134491839,0,0,0,0
burr,burr_pesada,10000,P5,5,3,D,shape1,1.2,300,300,1.0,0.0025727004201254733,0.002143917016771228,0.02572138399104679,0.021434486659205658,0.02563515837242077,0,0,0,0
burr,burr_pesada,10000,P5,5,3,D,shape2,0.8,300,300,1.0,-0.0021261732576332015,-0.002657716572041502,0.039036231692157,0.048795289615196254,0.039043412575671906,0,0,0,0
burr,burr_pesada,10000,P5,5,3,D,scale,400.0,300,300,1.0,-0.8945989993865737,-0.0022364974984664344,25.44233221297654,0.06360583053244136,25.46908338411856,0,0,0,0
normal,norm_positiva,100,P3c,3,2,A,mean,100.0,300,300,1.0,-0.17505199384835635,-0.0017505199384835635,1.4396997544121002,0.014396997544121002,1.4314055756647464,0,0,0,0
normal,norm_positiva,100,P3c,3,2,A,sd,15.0,300,300,1.0,-0.30201960575429077,-0.020134640383619385,1.7564909893367928,0.11709939928911953,1.7332219364422388,0,0,0,0
normal,norm_positiva,100,P3c,3,2,B,mean,100.0,300,300,1.0,-0.183631440391963,-0.0018363144039196299,1.4426280628580923,0.014426280628580923,1.4332839558763324,0,0,0,0
normal,norm_positiva,100,P3c,3,2,B,sd,15.0,300,300,1.0,-0.30040774908443346,-0.020027183272295565,1.7543481402110577,0.11695654268073717,1.7313244049964973,0,0,0,0
normal,norm_positiva,100,P3c,3,2,Bg,mean,100.0,300,300,1.0,-0.1750519277522784,-0.0017505192775227841,1.4397338716324821,0.014397338716324821,1.431440013444398,0,0,0,0
normal,norm_positiva,100,P3c,3,2,Bg,sd,15.0,300,300,1.0,-0.30202439637596434,-0.020134959758397623,1.756498750237744,0.11709991668251626,1.7332289902633913,0,0,0,0
normal,norm_positiva,100,P3c,3,2,C,mean,100.0,300,300,1.0,-0.17715928278667548,-0.0017715928278667548,1.4410236221076254,0.014410236221076254,1.4324816509338731,0,0,0,0
normal,norm_positiva,100,P3c,3,2,C,sd,15.0,300,300,1.0,-0.29788718276294546,-0.019859145517529698,1.7551756685886675,0.1170117112392445,1.7326024427722104,0,0,0,0
normal,norm_positiva,100,P3c,3,2,D,mean,100.0,300,300,1.0,-0.17052240541292463,-0.0017052240541292462,1.4655250995569165,0.014655250995569165,1.4580026861404642,0,0,0,0
normal,norm_positiva,100,P3c,3,2,D,sd,15.0,300,300,1.0,-0.21451542084842679,-0.014301028056561785,1.770062806312424,0.11800418708749492,1.7599517720595133,0,0,0,0
normal,norm_positiva,100,P3w,3,2,A,mean,100.0,300,300,1.0,-0.18143753578638666,-0.0018143753578638666,1.5272692466609201,0.015272692466609202,1.5189874418723348,0,0,0,0
normal,norm_positiva,100,P3w,3,2,A,sd,15.0,300,300,1.0,-0.38466975155207095,-0.025644650103471396,1.3240899241274138,0.08827266160849426,1.2690988992734435,0,0,0,0
normal,norm_positiva,100,P3w,3,2,B,mean,100.0,300,300,1.0,-0.20036730370773626,-0.0020036730370773625,1.5269916562145236,0.015269916562145236,1.5163180834467482,0,0,0,0
normal,norm_positiva,100,P3w,3,2,B,sd,15.0,300,300,1.0,-0.3832476100969515,-0.0255498406731301,1.335787541349908,0.08905250275666053,1.2817667670567234,0,0,0,0
normal,norm_positiva,100,P3w,3,2,Bg,mean,100.0,300,300,1.0,-0.18143449223013874,-0.0018143449223013875,1.5272758408426257,0.015272758408426257,1.5189944589338196,0,0,0,0
normal,norm_positiva,100,P3w,3,2,Bg,sd,15.0,300,300,1.0,-0.3846779561668008,-0.02564519707778672,1.3240911431507119,0.08827274287671412,1.269097680171051,0,0,0,0
normal,norm_positiva,100,P3w,3,2,C,mean,100.0,300,300,1.0,-0.18553974190174927,-0.0018553974190174927,1.5249920285891727,0.015249920285891727,1.516192100754449,0,0,0,0
normal,norm_positiva,100,P3w,3,2,C,sd,15.0,300,300,1.0,-0.3780671130601334,-0.025204474204008894,1.3358478874360915,0.08905652582907277,1.283372504904295,0,0,0,0
normal,norm_positiva,100,P3w,3,2,D,mean,100.0,300,300,1.0,-0.1567138321175321,-0.001567138321175321,1.5763707599665984,0.015763707599665985,1.571182440681879,0,0,0,0
normal,norm_positiva,100,P3w,3,2,D,sd,15.0,300,300,1.0,-0.5143107541475178,-0.03428738360983452,1.3899947868034734,0.09266631912023156,1.2935018796085611,0,0,0,0
normal,norm_positiva,100,P5,5,2,A,mean,100.0,300,300,1.0,-0.18473999511773798,-0.0018473999511773797,1.3966315163270493,0.013966315163270493,1.3866723696694079,0,0,0,0
normal,norm_positiva,100,P5,5,2,A,sd,15.0,300,300,1.0,-0.3667418628222965,-0.02444945752148643,1.2932872468525498,0.08621914979017,1.2422706751588442,0,0,0,0
normal,norm_positiva,100,P5,5,2,B,mean,100.0,300,300,1.0,-0.20844843971995886,-0.0020844843971995885,1.3979652415572796,0.013979652415572797,1.3846468457838192,0,0,0,0
normal,norm_positiva,100,P5,5,2,B,sd,15.0,300,300,1.0,-0.36561742305058686,-0.024374494870039124,1.3024538420160552,0.08683025613440368,1.2521726578609464,0,0,0,0
normal,norm_positiva,100,P5,5,2,Bg,mean,100.0,300,300,1.0,-0.1847432285964743,-0.001847432285964743,1.3966371256874621,0.01396637125687462,1.386677605987096,0,0,0,0
normal,norm_positiva,100,P5,5,2,Bg,sd,15.0,300,300,1.0,-0.36674767440992007,-0.024449844960661337,1.2932879551151057,0.08621919700767372,1.242269693531003,0,0,0,0
normal,norm_positiva,100,P5,5,2,C,mean,100.0,300,300,1.0,-0.1902568801545783,-0.0019025688015457832,1.3956879684484442,0.013956879684484442,1.3849696849581596,0,0,0,0
normal,norm_positiva,100,P5,5,2,C,sd,15.0,300,300,1.0,-0.3626326206204009,-0.02417550804136006,1.3018358834402988,0.08678905889601991,1.2523987351668757,0,0,0,0
normal,norm_positiva,100,P5,5,2,D,mean,100.0,300,300,1.0,-0.1792342470889423,-0.001792342470889423,1.4120821116476237,0.014120821116476237,1.4030011935857418,0,0,0,0
normal,norm_positiva,100,P5,5,2,D,sd,15.0,300,300,1.0,-0.3798669876477767,-0.025324465843185113,1.3802288388370663,0.09201525592247109,1.3291431290287736,0,0,0,0
normal,norm_positiva,100,Pmk,2,2,A,mean,100.0,300,300,1.0,-0.18969363199501288,-0.0018969363199501288,1.4498871361754193,0.014498871361754193,1.4398261578550537,0,0,0,0
normal,norm_positiva,100,Pmk,2,2,A,sd,15.0,300,300,1.0,-0.30201957464731777,-0.020134638309821186,1.756490960291607,0.1170993973527738,1.7332219123472874,0,0,0,0
normal,norm_positiva,100,Pmk,2,2,B,mean,100.0,300,300,1.0,-0.1896201566849811,-0.0018962015668498112,1.4501875053268771,0.01450187505326877,1.4401393455380795,0,0,0,0
normal,norm_positiva,100,Pmk,2,2,B,sd,15.0,300,300,1.0,-0.30128262765633984,-0.020085508510422657,1.756167758115885,0.117077850541059,1.7330219820357138,0,0,0,0
normal,norm_positiva,100,Pmk,2,2,Bg,mean,100.0,300,300,1.0,-0.18967282859510703,-0.0018967282859510704,1.4499153180382214,0.014499153180382213,1.4398573813065487,0,0,0,0
normal,norm_positiva,100,Pmk,2,2,Bg,sd,15.0,300,300,1.0,-0.3020419147690152,-0.02013612765126768,1.7564944261079636,0.11709962840719758,1.7332215304406289,0,0,0,0
normal,norm_positiva,100,Pmk,2,2,C,mean,100.0,300,300,1.0,-0.18961984842880497,-0.0018961984842880497,1.4501777024180202,0.014501777024180202,1.4401294819406913,0,0,0,0
normal,norm_positiva,100,Pmk,2,2,C,sd,15.0,300,300,1.0,-0.3012660225591173,-0.02008440150394115,1.7561368578930159,0.11707579052620105,1.7329934607739819,0,0,0,0
normal,norm_positiva,100,Pmk,2,2,D,mean,100.0,300,300,1.0,-0.18966695253921273,-0.0018966695253921273,1.4500087843710285,0.014500087843710286,1.4399525918435043,0,0,0,0
normal,norm_positiva,100,Pmk,2,2,D,sd,15.0,300,300,1.0,-0.3020458113695561,-0.020136387424637074,1.7564979787770743,0.11709986525180495,1.7332244615347028,0,0,0,0
normal,norm_positiva,1000,P3c,3,2,A,mean,100.0,300,300,1.0,0.018170586859710625,0.00018170586859710624,0.5016449492789323,0.005016449492789323,0.5021533745934823,0,0,0,0
normal,norm_positiva,1000,P3c,3,2,A,sd,15.0,300,300,1.0,-0.009715573525411969,-0.0006477049016941313,0.5307765741789393,0.03538510494526262,0.5315743443836365,0,0,0,0
normal,norm_positiva,1000,P3c,3,2,B,mean,100.0,300,300,1.0,0.01744176285319554,0.0001744176285319554,0.5021481047184937,0.005021481047184937,0.5026836049344038,0,0,0,0
normal,norm_positiva,1000,P3c,3,2,B,sd,15.0,300,300,1.0,-0.00813987625962298,-0.0005426584173081986,0.5290732155683091,0.03527154770455394,0.5298944898886156,0,0,0,0
normal,norm_positiva,1000,P3c,3,2,Bg,mean,100.0,300,300,1.0,0.01816898883960505,0.00018168988839605048,0.5016833234672944,0.0050168332346729435,0.5021918961495334,0,0,0,0
normal,norm_positiva,1000,P3c,3,2,Bg,sd,15.0,300,300,1.0,-0.009714556836673438,-0.0006476371224448959,0.5307784152073999,0.03538522768049333,0.5315762074402892,0,0,0,0
normal,norm_positiva,1000,P3c,3,2,C,mean,100.0,300,300,1.0,0.017952189215506564,0.00017952189215506565,0.5021888111570183,0.005021888111570183,0.5027063754852482,0,0,0,0
normal,norm_positiva,1000,P3c,3,2,C,sd,15.0,300,300,1.0,-0.0079951307747681,-0.0005330087183178734,0.5290865331925084,0.03527243554616723,0.5299100423652681,0,0,0,0
normal,norm_positiva,1000,P3c,3,2,D,mean,100.0,300,300,1.0,0.019060734362810194,0.00019060734362810194,0.5046673329708059,0.005046673329708059,0.5051498721679084,0,0,0,0
normal,norm_positiva,1000,P3c,3,2,D,sd,15.0,300,300,1.0,-0.0024565459123611078,-0.00016376972749074052,0.5302234026361244,0.0353482268424083,0.531103623550406,0,0,0,0
normal,norm_positiva,1000,P3w,3,2,A,mean,100.0,300,300,1.0,-0.0021696077676409686,-2.1696077676409687e-05,0.507252600634146,0.00507252600634146,0.508095493406807,0,0,0,0
normal,norm_positiva,1000,P3w,3,2,A,sd,15.0,300,300,1.0,-0.03581774012211092,-0.0023878493414740613,0.45892780004891476,0.03059518666992765,0.4582923974445426,0,0,0,0
normal,norm_positiva,1000,P3w,3,2,B,mean,100.0,300,300,1.0,-0.0035569385193241487,-3.5569385193241484e-05,0.5058189593864497,0.005058189593864497,0.5066515771203015,0,0,0,0
normal,norm_positiva,1000,P3w,3,2,B,sd,15.0,300,300,1.0,-0.032153267543698405,-0.0021435511695798936,0.4609794008128973,0.030731960054193153,0.4606250392485085,0,0,0,0
normal,norm_positiva,1000,P3w,3,2,Bg,mean,100.0,300,300,1.0,-0.002179095500650874,-2.179095500650874e-05,0.5073022159252673,0.005073022159252673,0.5081451513181833,0,0,0,0
normal,norm_positiva,1000,P3w,3,2,Bg,sd,15.0,300,300,1.0,-0.03582308557647984,-0.002388205705098656,0.45893064316648435,0.03059537621109896,0.45829483482697053,0,0,0,0
normal,norm_positiva,1000,P3w,3,2,C,mean,100.0,300,300,1.0,-0.002063164119348926,-2.0631641193489257e-05,0.506020521887702,0.00506020521887702,0.5068617906702547,0,0,0,0
normal,norm_positiva,1000,P3w,3,2,C,sd,15.0,300,300,1.0,-0.0316946822612163,-0.00211297881741442,0.4610194475339392,0.030734629835595946,0.4606971358250274,0,0,0,0
normal,norm_positiva,1000,P3w,3,2,D,mean,100.0,300,300,1.0,0.01296617816180401,0.00012966178161804008,0.5065184096318104,0.005065184096318104,0.5071984606127808,0,0,0,0
normal,norm_positiva,1000,P3w,3,2,D,sd,15.0,300,300,1.0,-0.045070779788401794,-0.0030047186525601196,0.46021025366243895,0.03068068357749593,0.4587631718852761,0,0,0,0
normal,norm_positiva,1000,P5,5,2,A,mean,100.0,300,300,1.0,0.004832903138151323,4.832903138151323e-05,0.481106571852534,0.004811065718525341,0.4818861109640828,0,0,0,0
normal,norm_positiva,1000,P5,5,2,A,sd,15.0,300,300,1.0,-0.030155797111977023,-0.0020103864741318014,0.43109370695981475,0.02873958046398765,0.4307562131082193,0,0,0,0
normal,norm_positiva,1000,P5,5,2,B,mean,100.0,300,300,1.0,0.002899487621618846,2.899487621618846e-05,0.48069976640026285,0.004806997664002628,0.4814941819096489,0,0,0,0
normal,norm_positiva,1000,P5,5,2,B,sd,15.0,300,300,1.0,-0.02624302019848912,-0.0017495346798992748,0.4334487664103381,0.028896584427355872,0.43337649638495845,0,0,0,0
normal,norm_positiva,1000,P5,5,2,Bg,mean,100.0,300,300,1.0,0.004799363804224299,4.7993638042242995e-05,0.4811163095594765,0.004811163095594765,0.48189620175103937,0,0,0,0
normal,norm_positiva,1000,P5,5,2,Bg,sd,15.0,300,300,1.0,-0.030164800345847453,-0.0020109866897231638,0.4310945108026516,0.028739634053510106,0.4307563877835441,0,0,0,0
normal,norm_positiva,1000,P5,5,2,C,mean,100.0,300,300,1.0,0.00458172618266417,4.58172618266417e-05,0.4807649805948969,0.004807649805948969,0.4815463952596439,0,0,0,0
normal,norm_positiva,1000,P5,5,2,C,sd,15.0,300,300,1.0,-0.026118626424038283,-0.0017412417616025522,0.43330716574847394,0.028887144383231596,0.4332419406905046,0,0,0,0
normal,norm_positiva,1000,P5,5,2,D,mean,100.0,300,300,1.0,0.014142803205984933,0.00014142803205984932,0.4856230755180244,0.004856230755180244,0.4862281480604372,0,0,0,0
normal,norm_positiva,1000,P5,5,2,D,sd,15.0,300,300,1.0,-0.027256378864871422,-0.0018170919243247615,0.4309344386635885,0.028728962577572566,0.4307901819218698,0,0,0,0
normal,norm_positiva,1000,Pmk,2,2,A,mean,100.0,300,300,1.0,0.015336637461302871,0.00015336637461302872,0.5160238388714957,0.005160238388714957,0.5166576949466137,0,0,0,0
normal,norm_positiva,1000,Pmk,2,2,A,sd,15.0,300,300,1.0,-0.009715584007128797,-0.0006477056004752531,0.5307764934804815,0.03538509956536543,0.5315742633445841,0,0,0,0
normal,norm_positiva,1000,Pmk,2,2,B,mean,100.0,300,300,1.0,0.01505018717062967,0.0001505018717062967,0.516372793961978,0.00516372793961978,0.517015833526678,0,0,0,0
normal,norm_positiva,1000,Pmk,2,2,B,sd,15.0,300,300,1.0,-0.009131740908760122,-0.0006087827272506748,0.5306894260725757,0.03537929507150505,0.531497422339054,0,0,0,0
normal,norm_positiva,1000,Pmk,2,2,Bg,mean,100.0,300,300,1.0,0.015341624898766781,0.0001534162489876678,0.5160536345566247,0.005160536345566247,0.5166874050458466,0,0,0,0
normal,norm_positiva,1000,Pmk,2,2,Bg,sd,15.0,300,300,1.0,-0.009707998993560452,-0.0006471999329040301,0.5307768700599751,0.03538512467066501,0.5315747796570389,0,0,0,0
normal,norm_positiva,1000,Pmk,2,2,C,mean,100.0,300,300,1.0,0.015108433025048384,0.00015108433025048384,0.5163874744129376,0.005163874744129377,0.5170288403185749,0,0,0,0
normal,norm_positiva,1000,Pmk,2,2,C,sd,15.0,300,300,1.0,-0.008952983112097357,-0.0005968655408064904,0.530783428225199,0.03538556188167993,0.5315946463223189,0,0,0,0
normal,norm_positiva,1000,Pmk,2,2,D,mean,100.0,300,300,1.0,0.015287156332092877,0.00015287156332092878,0.5161116030553156,0.005161116030553156,0.5167471157135436,0,0,0,0
normal,norm_positiva,1000,Pmk,2,2,D,sd,15.0,300,300,1.0,-0.009809347054970274,-0.0006539564703313516,0.5306939574159175,0.03537959716106117,0.5314898475118316,0,0,0,0
normal,norm_positiva,10000,P3c,3,2,A,mean,100.0,300,300,1.0,0.001400671419162336,1.400671419162336e-05,0.1594254344773056,0.0015942543447730558,0.15968564628654963,0,0,0,0
normal,norm_positiva,10000,P3c,3,2,A,sd,15.0,300,300,1.0,0.021648702032701195,0.0014432468021800795,0.18160229005020317,0.012106819336680211,0.18060857392446078,0,0,0,0
normal,norm_positiva,10000,P3c,3,2,B,mean,100.0,300,300,1.0,0.001965386190306617,1.965386190306617e-05,0.16030238686192796,0.0016030238686192797,0.16055815840849058,0,0,0,0
normal,norm_positiva,10000,P3c,3,2,B,sd,15.0,300,300,1.0,0.02246050334460037,0.0014973668896400246,0.1833716599978564,0.012224777333190428,0.1822949890240745,0,0,0,0
normal,norm_positiva,10000,P3c,3,2,Bg,mean,100.0,300,300,1.0,0.0014165701049932977,1.4165701049932977e-05,0.15941744788233247,0.0015941744788233248,0.15967750531660455,0,0,0,0
normal,norm_positiva,10000,P3c,3,2,Bg,sd,15.0,300,300,1.0,0.021677647846439996,0.0014451765230959997,0.18160108763258218,0.012106739175505478,0.18060387726030191,0,0,0,0
normal,norm_positiva,10000,P3c,3,2,C,mean,100.0,300,300,1.0,0.001998973636133883,1.998973636133883e-05,0.16028745071754422,0.001602874507175442,0.16054278010156767,0,0,0,0
normal,norm_positiva,10000,P3c,3,2,C,sd,15.0,300,300,1.0,0.02244446700183822,0.001496297800122548,0.1832710016935755,0.0122180667795717,0.1821953799754112,0,0,0,0
normal,norm_positiva,10000,P3c,3,2,D,mean,100.0,300,300,1.0,0.0015243766181924912,1.5243766181924911e-05,0.160616165293842,0.0016061616529384202,0.16087728397120332,0,0,0,0
normal,norm_positiva,10000,P3c,3,2,D,sd,15.0,300,300,1.0,0.022361586835891956,0.0014907724557261305,0.18165869202022517,0.01211057946801501,0.18057833462831835,0,0,0,0
normal,norm_positiva,10000,P3w,3,2,A,mean,100.0,300,300,1.0,0.011563129525598015,0.00011563129525598015,0.16685546283548508,0.0016685546283548508,0.16673243594936768,0,0,0,0
normal,norm_positiva,10000,P3w,3,2,A,sd,15.0,300,300,1.0,0.008569108422230798,0.0005712738948153866,0.13673298956782232,0.009115532637854822,0.1366922212912671,0,0,0,0
normal,norm_positiva,10000,P3w,3,2,B,mean,100.0,300,300,1.0,0.011250707777676894,0.00011250707777676894,0.16638132156763977,0.0016638132156763976,0.16627786031378516,0,0,0,0
normal,norm_positiva,10000,P3w,3,2,B,sd,15.0,300,300,1.0,0.007344674227487857,0.0004896449484991904,0.13818559067096203,0.009212372711397469,0.13822082531736235,0,0,0,0
normal,norm_positiva,10000,P3w,3,2,Bg,mean,100.0,300,300,1.0,0.011582132301185766,0.00011582132301185766,0.16691011724357313,0.0016691011724357314,0.166785990634287,0,0,0,0
normal,norm_positiva,10000,P3w,3,2,Bg,sd,15.0,300,300,1.0,0.008567738297823979,0.0005711825531882653,0.1367305441228102,0.009115369608187346,0.13668985310935344,0,0,0,0
normal,norm_positiva,10000,P3w,3,2,C,mean,100.0,300,300,1.0,0.011752582617461371,0.00011752582617461372,0.16657036881614548,0.0016657036881614548,0.1664328620232113,0,0,0,0
normal,norm_positiva,10000,P3w,3,2,C,sd,15.0,300,300,1.0,0.007510461260514134,0.0005006974173676089,0.13814349562061196,0.009209566374707464,0.13816965852068286,0,0,0,0
normal,norm_positiva,10000,P3w,3,2,D,mean,100.0,300,300,1.0,0.006185477116360971,6.185477116360972e-05,0.1659945180566919,0.0016599451805669192,0.16615639134763505,0,0,0,0
normal,norm_positiva,10000,P3w,3,2,D,sd,15.0,300,300,1.0,0.00779053362537141,0.000519368908358094,0.1367770465177107,0.00911846976784738,0.1367831622857492,0,0,0,0
normal,norm_positiva,10000,P5,5,2,A,mean,100.0,300,300,1.0,0.0073173097138692356,7.317309713869235e-05,0.15504700071824754,0.0015504700071824753,0.15513300823623485,0,0,0,0
normal,norm_positiva,10000,P5,5,2,A,sd,15.0,300,300,1.0,0.011406306339164729,0.000760420422610982,0.13150793566973082,0.008767195711315389,0.13123124164016456,0,0,0,0
normal,norm_positiva,10000,P5,5,2,B,mean,100.0,300,300,1.0,0.0073380968027834115,7.338096802783411e-05,0.154696984650982,0.00154696984650982,0.1547810279636285,0,0,0,0
normal,norm_positiva,10000,P5,5,2,B,sd,15.0,300,300,1.0,0.009827232368770922,0.0006551488245847281,0.13217950747554053,0.008811967165036036,0.13203392578794498,0,0,0,0
normal,norm_positiva,10000,P5,5,2,Bg,mean,100.0,300,300,1.0,0.007329641376614404,7.329641376614404e-05,0.15502868376438733,0.0015502868376438732,0.1551140560413985,0,0,0,0
normal,norm_positiva,10000,P5,5,2,Bg,sd,15.0,300,300,1.0,0.01140496293657911,0.0007603308624386073,0.13150757202499558,0.008767171468333038,0.13123099315917386,0,0,0,0
normal,norm_positiva,10000,P5,5,2,C,mean,100.0,300,300,1.0,0.007492968613419748,7.492968613419749e-05,0.1547643744821861,0.0015476437448218611,0.1548411648042834,0,0,0,0
normal,norm_positiva,10000,P5,5,2,C,sd,15.0,300,300,1.0,0.009839004790107353,0.0006559336526738236,0.13219951962328716,0.008813301308219144,0.13205314745413393,0,0,0,0
normal,norm_positiva,10000,P5,5,2,D,mean,100.0,300,300,1.0,0.0037060329756712918,3.706032975671292e-05,0.15538306772192562,0.0015538306772192561,0.15559841239784197,0,0,0,0
normal,norm_positiva,10000,P5,5,2,D,sd,15.0,300,300,1.0,0.014436021436829094,0.0009624014291219396,0.13744676148050428,0.009163117432033619,0.13691493413986094,0,0,0,0
normal,norm_positiva,10000,Pmk,2,2,A,mean,100.0,300,300,1.0,0.0009487677456974097,9.487677456974097e-06,0.16444664341724943,0.0016444664341724944,0.16471866672660992,0,0,0,0
normal,norm_positiva,10000,Pmk,2,2,A,sd,15.0,300,300,1.0,0.02164884412035839,0.0014432562746905593,0.18160237532273843,0.012106825021515895,0.18060864286454054,0,0,0,0
normal,norm_positiva,10000,Pmk,2,2,B,mean,100.0,300,300,1.0,0.0008618050967186264,8.618050967186264e-06,0.16464312035696976,0.0016464312035696976,0.16491595418881783,0,0,0,0
normal,norm_positiva,10000,Pmk,2,2,B,sd,15.0,300,300,1.0,0.022129219838856073,0.0014752813225904049,0.18160059545017143,0.012106706363344762,0.1805484228876134,0,0,0,0
normal,norm_positiva,10000,Pmk,2,2,Bg,mean,100.0,300,300,1.0,0.0009506979759805745,9.506979759805745e-06,0.16447954964236294,0.0016447954964236295,0.16475161731712493,0,0,0,0
normal,norm_positiva,10000,Pmk,2,2,Bg,sd,15.0,300,300,1.0,0.021675326297026842,0.0014450217531351227,0.1816032534947788,0.012106883566318586,0.1806063419308,0,0,0,0
normal,norm_positiva,10000,Pmk,2,2,C,mean,100.0,300,300,1.0,0.0009155450830462541,9.155450830462542e-06,0.16447533843196988,0.0016447533843196988,0.1647475987700994,0,0,0,0
normal,norm_positiva,10000,Pmk,2,2,C,sd,15.0,300,300,1.0,0.02221705345642455,0.00148113689709497,0.18170641493932843,0.01211376099595523,0.180644397718949,0,0,0,0
normal,norm_positiva,10000,Pmk,2,2,D,mean,100.0,300,300,1.0,0.000918599232733186,9.18599232733186e-06,0.16443376305429738,0.0016443376305429738,0.16470593621886317,0,0,0,0
normal,norm_positiva,10000,Pmk,2,2,D,sd,15.0,300,300,1.0,0.021463267737996006,0.0014308845158664005,0.1815208925354804,0.012101392835698693,0.18054866925972077,0,0,0,0
normal,norm_estandar,100,P3c,3,2,A,mean,0.0,300,300,1.0,0.010940094425776748,nan,0.10666731993141024,nan,0.10628209832037971,0,0,0,0
normal,norm_estandar,100,P3c,3,2,A,sd,1.0,300,300,1.0,-0.02830616665087826,-0.02830616665087826,0.12210796599911239,0.12210796599911239,0.11898026714490378,0,0,0,0
normal,norm_estandar,100,P3c,3,2,B,mean,0.0,300,300,1.0,0.01378914152288263,nan,0.11452192376183455,nan,0.11387870064110195,0,0,0,0
normal,norm_estandar,100,P3c,3,2,B,sd,1.0,300,300,1.0,-0.03905726444237412,-0.03905726444237412,0.12531721358070383,0.12531721358070383,0.11927428598921752,0,0,0,0
normal,norm_estandar,100,P3c,3,2,Bg,mean,0.0,300,300,1.0,0.010940107346847536,nan,0.10666737697769318,nan,0.10628215443043741,0,0,0,0
normal,norm_estandar,100,P3c,3,2,Bg,sd,1.0,300,300,1.0,-0.02830619915355248,-0.02830619915355248,0.12210788645497725,0.12210788645497725,0.11898017747825432,0,0,0,0
normal,norm_estandar,100,P3c,3,2,C,mean,0.0,300,0,0.0,nan,nan,nan,nan,nan,300,0,0,0
normal,norm_estandar,100,P3c,3,2,C,sd,1.0,300,0,0.0,nan,nan,nan,nan,nan,300,0,0,0
normal,norm_estandar,100,P3c,3,2,D,mean,0.0,300,300,1.0,0.01144239058695707,nan,0.10687259655708335,nan,0.10643582829255867,0,0,0,0
normal,norm_estandar,100,P3c,3,2,D,sd,1.0,300,300,1.0,-0.023266876851765095,-0.023266876851765095,0.12221018774206548,0.12221018774206548,0.12017538366478782,0,0,0,0
normal,norm_estandar,100,P3w,3,2,A,mean,0.0,300,300,1.0,0.008869481012813566,nan,0.10190931221801837,nan,0.10169223795771756,0,0,0,0
normal,norm_estandar,100,P3w,3,2,A,sd,1.0,300,300,1.0,-0.021039181230976256,-0.021039181230976256,0.0886019431368677,0.0886019431368677,0.0862115534829217,0,0,0,0
normal,norm_estandar,100,P3w,3,2,B,mean,0.0,300,300,1.0,0.013999051725474393,nan,0.11675817388495074,nan,0.11610958547510143,0,0,0,0
normal,norm_estandar,100,P3w,3,2,B,sd,1.0,300,300,1.0,-0.02989934609956113,-0.02989934609956113,0.0905578069126726,0.0905578069126726,0.08562232636150889,0,0,0,0
normal,norm_estandar,100,P3w,3,2,Bg,mean,0.0,300,300,1.0,0.008869496187988558,nan,0.1019092787812008,nan,0.10169220300946785,0,0,0,0
normal,norm_estandar,100,P3w,3,2,Bg,sd,1.0,300,300,1.0,-0.021039165223208256,-0.021039165223208256,0.08860189624218073,0.08860189624218073,0.08621150904641972,0,0,0,0
normal,norm_estandar,100,P3w,3,2,C,mean,0.0,300,0,0.0,nan,nan,nan,nan,nan,300,0,0,0
normal,norm_estandar,100,P3w,3,2,C,sd,1.0,300,0,0.0,nan,nan,nan,nan,nan,300,0,0,0
normal,norm_estandar,100,P3w,3,2,D,mean,0.0,300,300,1.0,0.012056397850279725,nan,0.1054809817397579,nan,0.10496478520645404,0,0,0,0
normal,norm_estandar,100,P3w,3,2,D,sd,1.0,300,300,1.0,-0.02721415679188155,-0.02721415679188155,0.09023275705987992,0.09023275705987992,0.08617478611873408,0,0,0,0
normal,norm_estandar,100,P5,5,2,A,mean,0.0,300,300,1.0,0.009025848462645843,nan,0.09931259951980526,nan,0.09906684923981851,0,0,0,0
normal,norm_estandar,100,P5,5,2,A,sd,1.0,300,300,1.0,-0.02261550198702844,-0.02261550198702844,0.08535022694719635,0.08535022694719635,0.08243696472856192,0,0,0,0
normal,norm_estandar,100,P5,5,2,B,mean,0.0,300,300,1.0,0.013562260808161855,nan,0.11222698645105593,nan,0.11159063492216237,0,0,0,0
normal,norm_estandar,100,P5,5,2,B,sd,1.0,300,300,1.0,-0.041711830095145896,-0.041711830095145896,0.09822578841817117,0.09822578841817117,0.08907793405178858,0,0,0,0
normal,norm_estandar,100,P5,5,2,Bg,mean,0.0,300,300,1.0,0.009025860364473014,nan,0.09931259338796364,nan,0.09906684198422021,0,0,0,0
normal,norm_estandar,100,P5,5,2,Bg,sd,1.0,300,300,1.0,-0.022615461839247786,-0.022615461839247786,0.08535022087785345,0.08535022087785345,0.0824369694745612,0,0,0,0
normal,norm_estandar,100,P5,5,2,C,mean,0.0,300,0,0.0,nan,nan,nan,nan,nan,300,0,0,0
normal,norm_estandar,100,P5,5,2,C,sd,1.0,300,0,0.0,nan,nan,nan,nan,nan,300,0,0,0
normal,norm_estandar,100,P5,5,2,D,mean,0.0,300,300,1.0,0.01041271671948654,nan,0.10204427185992955,nan,0.10168122896758015,0,0,0,0
normal,norm_estandar,100,P5,5,2,D,sd,1.0,300,300,1.0,-0.027453654205544686,-0.027453654205544686,0.09206692168956923,0.09206692168956923,0.08802524117415528,0,0,0,0
normal,norm_estandar,100,Pmk,2,2,A,mean,0.0,300,300,1.0,0.009260387127089717,nan,0.11082165858223479,nan,0.11061859466711554,0,0,0,0
normal,norm_estandar,100,Pmk,2,2,A,sd,1.0,300,300,1.0,-0.02830629127828288,-0.02830629127828288,0.12210808560985124,0.12210808560985124,0.11898036056160556,0,0,0,0
normal,norm_estandar,100,Pmk,2,2,B,mean,0.0,300,300,1.0,0.009260351869950665,nan,0.11082161693907053,nan,0.11061855576937862,0,0,0,0
normal,norm_estandar,100,Pmk,2,2,B,sd,1.0,300,300,1.0,-0.028306315574861296,-0.028306315574861296,0.12210823024971625,0.12210823024971625,0.11898050370052309,0,0,0,0
normal,norm_estandar,100,Pmk,2,2,Bg,mean,0.0,300,300,1.0,0.009260418405772415,nan,0.1108216100937813,nan,0.11061854329994042,0,0,0,0
normal,norm_estandar,100,Pmk,2,2,Bg,sd,1.0,300,300,1.0,-0.02830613290322448,-0.02830613290322448,0.12210796933871379,0.12210796933871379,0.11898027863938747,0,0,0,0
normal,norm_estandar,100,Pmk,2,2,C,mean,0.0,300,0,0.0,nan,nan,nan,nan,nan,300,0,0,0
normal,norm_estandar,100,Pmk,2,2,C,sd,1.0,300,0,0.0,nan,nan,nan,nan,nan,300,0,0,0
normal,norm_estandar,100,Pmk,2,2,D,mean,0.0,300,300,1.0,0.00926052355997457,nan,0.11082155247693118,nan,0.11061847655180021,0,0,0,0
normal,norm_estandar,100,Pmk,2,2,D,sd,1.0,300,300,1.0,-0.028306256142280217,-0.028306256142280217,0.12210659269200369,0.12210659269200369,0.1189788316606626,0,0,0,0
normal,norm_estandar,1000,P3c,3,2,A,mean,0.0,300,300,1.0,-0.0037278765336175444,nan,0.03555598498086898,nan,0.035419100970451915,0,0,0,0
normal,norm_estandar,1000,P3c,3,2,A,sd,1.0,300,300,1.0,-0.0013252135644734597,-0.0013252135644734597,0.035705952987886695,0.035705952987886695,0.03574097010802289,0,0,0,0
normal,norm_estandar,1000,P3c,3,2,B,mean,0.0,300,300,1.0,-0.003004810120383954,nan,0.042019295489861275,nan,0.04198174841847691,0,0,0,0
normal,norm_estandar,1000,P3c,3,2,B,sd,1.0,300,300,1.0,-0.0022628658670782453,-0.0022628658670782453,0.03645441993001169,0.03645441993001169,0.03644491197956958,0,0,0,0
normal,norm_estandar,1000,P3c,3,2,Bg,mean,0.0,300,300,1.0,-0.003727826138509663,nan,0.03555601047474868,nan,0.03541913197025825,0,0,0,0
normal,norm_estandar,1000,P3c,3,2,Bg,sd,1.0,300,300,1.0,-0.0013249993263045878,-0.0013249993263045878,0.03570569293123377,0.03570569293123377,0.03574071740681809,0,0,0,0
normal,norm_estandar,1000,P3c,3,2,C,mean,0.0,300,0,0.0,nan,nan,nan,nan,nan,300,0,0,0
normal,norm_estandar,1000,P3c,3,2,C,sd,1.0,300,0,0.0,nan,nan,nan,nan,nan,300,0,0,0
normal,norm_estandar,1000,P3c,3,2,D,mean,0.0,300,300,1.0,-0.003618929542006688,nan,0.03596786460780471,nan,0.035845132796975446,0,0,0,0
normal,norm_estandar,1000,P3c,3,2,D,sd,1.0,300,300,1.0,-0.0006956492124939873,-0.0006956492124939873,0.035666347491451936,0.035666347491451936,0.03571914435049166,0,0,0,0
normal,norm_estandar,1000,P3w,3,2,A,mean,0.0,300,300,1.0,-0.0025505189671678244,nan,0.03688578670334544,nan,0.03685898437949385,0,0,0,0
normal,norm_estandar,1000,P3w,3,2,A,sd,1.0,300,300,1.0,-0.002290265471066699,-0.002290265471066699,0.028870225881844843,0.028870225881844843,0.02882732515269116,0,0,0,0
normal,norm_estandar,1000,P3w,3,2,B,mean,0.0,300,299,0.9966666666666667,-0.003039365319520438,nan,0.04227963836497228,nan,0.04224094730622277,0,1,0,0
normal,norm_estandar,1000,P3w,3,2,B,sd,1.0,300,299,0.9966666666666667,-0.0035595155555482316,-0.0035595155555482316,0.029164980452509856,0.029164980452509856,0.02899547836814779,0,1,0,0
normal,norm_estandar,1000,P3w,3,2,Bg,mean,0.0,300,300,1.0,-0.0025505143144836785,nan,0.0368858158564137,nan,0.036859013974360214,0,0,0,0
normal,norm_estandar,1000,P3w,3,2,Bg,sd,1.0,300,300,1.0,-0.0022902189262041794,-0.0022902189262041794,0.028870183977626415,0.028870183977626415,0.028827286755972875,0,0,0,0
normal,norm_estandar,1000,P3w,3,2,C,mean,0.0,300,0,0.0,nan,nan,nan,nan,nan,300,0,0,0
normal,norm_estandar,1000,P3w,3,2,C,sd,1.0,300,0,0.0,nan,nan,nan,nan,nan,300,0,0,0
normal,norm_estandar,1000,P3w,3,2,D,mean,0.0,300,300,1.0,-0.002840753880791639,nan,0.03736006262355056,nan,0.03731414676034495,0,0,0,0
normal,norm_estandar,1000,P3w,3,2,D,sd,1.0,300,300,1.0,-0.002981716417174707,-0.002981716417174707,0.028941167489741435,0.028941167489741435,0.02883525821973531,0,0,0,0
normal,norm_estandar,1000,P5,5,2,A,mean,0.0,300,300,1.0,-0.0031577974967915198,nan,0.034479064793077066,nan,0.03439152240527169,0,0,0,0
normal,norm_estandar,1000,P5,5,2,A,sd,1.0,300,300,1.0,-0.002080907812980204,-0.002080907812980204,0.027432946318147154,0.027432946318147154,0.027399613667568296,0,0,0,0
normal,norm_estandar,1000,P5,5,2,B,mean,0.0,300,299,0.9966666666666667,-0.0030012731528679176,nan,0.041958143458427986,nan,0.041920825438394455,0,1,0,0
normal,norm_estandar,1000,P5,5,2,B,sd,1.0,300,299,0.9966666666666667,-0.0034017236477894564,-0.0034017236477894564,0.028700852473430804,0.028700852473430804,0.02854632379561774,0,1,0,0
normal,norm_estandar,1000,P5,5,2,Bg,mean,0.0,300,300,1.0,-0.003157793312364291,nan,0.034479074304647556,nan,0.0343915323584406,0,0,0,0
normal,norm_estandar,1000,P5,5,2,Bg,sd,1.0,300,300,1.0,-0.0020808820740046974,-0.0020808820740046974,0.027432948001256757,0.027432948001256757,0.027399617319674836,0,0,0,0
normal,norm_estandar,1000,P5,5,2,C,mean,0.0,300,0,0.0,nan,nan,nan,nan,nan,300,0,0,0
normal,norm_estandar,1000,P5,5,2,C,sd,1.0,300,0,0.0,nan,nan,nan,nan,nan,300,0,0,0
normal,norm_estandar,1000,P5,5,2,D,mean,0.0,300,300,1.0,-0.003443317040999858,nan,0.034765961028886426,nan,0.03465282588510333,0,0,0,0
normal,norm_estandar,1000,P5,5,2,D,sd,1.0,300,300,1.0,-0.002047181825137301,-0.002047181825137301,0.028012172390396696,0.028012172390396696,0.027983945145215523,0,0,0,0
normal,norm_estandar,1000,Pmk,2,2,A,mean,0.0,300,300,1.0,-0.004068750995549388,nan,0.03616842755146164,nan,0.035998890965101546,0,0,0,0
normal,norm_estandar,1000,Pmk,2,2,A,sd,1.0,300,300,1.0,-0.0013252017186770049,-0.0013252017186770049,0.03570628356264187,0.03570628356264187,0.03574130190409882,0,0,0,0
normal,norm_estandar,1000,Pmk,2,2,B,mean,0.0,300,300,1.0,-0.004068749764334519,nan,0.03616845681513586,nan,0.035998920604548006,0,0,0,0
normal,norm_estandar,1000,Pmk,2,2,B,sd,1.0,300,300,1.0,-0.0013253283450698206,-0.0013253283450698206,0.03570630808774884,0.03570630808774884,0.03574132177619285,0,0,0,0
normal,norm_estandar,1000,Pmk,2,2,Bg,mean,0.0,300,300,1.0,-0.004068745175532804,nan,0.03616840660214348,nan,0.03599887050673149,0,0,0,0
normal,norm_estandar,1000,Pmk,2,2,Bg,sd,1.0,300,300,1.0,-0.0013246314663277747,-0.0013246314663277747,0.03570637554977426,0.03570637554977426,0.03574141531813024,0,0,0,0
normal,norm_estandar,1000,Pmk,2,2,C,mean,0.0,300,0,0.0,nan,nan,nan,nan,nan,300,0,0,0
normal,norm_estandar,1000,Pmk,2,2,C,sd,1.0,300,0,0.0,nan,nan,nan,nan,nan,300,0,0,0
normal,norm_estandar,1000,Pmk,2,2,D,mean,0.0,300,300,1.0,-0.004068548204868844,nan,0.03616834074279369,nan,0.03599882645232532,0,0,0,0
normal,norm_estandar,1000,Pmk,2,2,D,sd,1.0,300,300,1.0,-0.0013285836469724144,-0.0013285836469724144,0.03570421938302286,0.03570421938302286,0.03573910686875948,0,0,0,0
normal,norm_estandar,10000,P3c,3,2,A,mean,0.0,300,300,1.0,3.501681909275795e-05,nan,0.010236411180903656,nan,0.010253454643549874,0,0,0,0
normal,norm_estandar,10000,P3c,3,2,A,sd,1.0,300,300,1.0,-0.0014884019075177557,-0.0014884019075177557,0.011560355386656887,0.011560355386656887,0.011483293511026038,0,0,0,0
normal,norm_estandar,10000,P3c,3,2,B,mean,0.0,300,295,0.9833333333333333,0.0004530945199521891,nan,0.01181282419591603,nan,0.011824189527630273,0,5,0,0
normal,norm_estandar,10000,P3c,3,2,B,sd,1.0,300,295,0.9833333333333333,-0.0015338484379615602,-0.0015338484379615602,0.011527895219937963,0.011527895219937963,0.011444810600382022,0,5,0,0
normal,norm_estandar,10000,P3c,3,2,Bg,mean,0.0,300,300,1.0,3.501192954610201e-05,nan,0.010236423889272499,nan,0.010253467389979976,0,0,0,0
normal,norm_estandar,10000,P3c,3,2,Bg,sd,1.0,300,300,1.0,-0.0014877785268955224,-0.0014877785268955224,0.011560315759633339,0.011560315759633339,0.011483334537100811,0,0,0,0
normal,norm_estandar,10000,P3c,3,2,C,mean,0.0,300,0,0.0,nan,nan,nan,nan,nan,300,0,0,0
normal,norm_estandar,10000,P3c,3,2,C,sd,1.0,300,0,0.0,nan,nan,nan,nan,nan,300,0,0,0
normal,norm_estandar,10000,P3c,3,2,D,mean,0.0,300,300,1.0,0.00010151653062810619,nan,0.01023804342394792,nan,0.010254645454099496,0,0,0,0
normal,norm_estandar,10000,P3c,3,2,D,sd,1.0,300,300,1.0,-0.0014307293291710987,-0.0014307293291710987,0.01155418660612256,0.01155418660612256,0.011484419067595559,0,0,0,0
normal,norm_estandar,10000,P3w,3,2,A,mean,0.0,300,300,1.0,0.0004175079729849599,nan,0.010854413015592763,nan,0.010864503076343767,0,0,0,0
normal,norm_estandar,10000,P3w,3,2,A,sd,1.0,300,300,1.0,-0.0006762250890320898,-0.0006762250890320898,0.008588707757050786,0.008588707757050786,0.008576351199547588,0,0,0,0
normal,norm_estandar,10000,P3w,3,2,B,mean,0.0,300,297,0.99,0.0004550154525617699,nan,0.01177855222086205,nan,0.011789624711374975,0,3,0,0
normal,norm_estandar,10000,P3w,3,2,B,sd,1.0,300,297,0.99,-0.0007767650028858153,-0.0007767650028858153,0.008578237885627714,0.008578237885627714,0.008557415782278784,0,3,0,0
normal,norm_estandar,10000,P3w,3,2,Bg,mean,0.0,300,300,1.0,0.00041754178284651277,nan,0.010854446082446675,nan,0.010864534919315662,0,0,0,0
normal,norm_estandar,10000,P3w,3,2,Bg,sd,1.0,300,300,1.0,-0.0006762582685467811,-0.0006762582685467811,0.00858877243567076,0.00858877243567076,0.008576413563060142,0,0,0,0
normal,norm_estandar,10000,P3w,3,2,C,mean,0.0,300,0,0.0,nan,nan,nan,nan,nan,300,0,0,0
normal,norm_estandar,10000,P3w,3,2,C,sd,1.0,300,0,0.0,nan,nan,nan,nan,nan,300,0,0,0
normal,norm_estandar,10000,P3w,3,2,D,mean,0.0,300,300,1.0,0.0004354838752610604,nan,0.010463410539204925,nan,0.0104718118482085,0,0,0,0
normal,norm_estandar,10000,P3w,3,2,D,sd,1.0,300,300,1.0,-0.0007369743843154142,-0.0007369743843154142,0.00859246210201471,0.00859246210201471,0.008575102429144672,0,0,0,0
normal,norm_estandar,10000,P5,5,2,A,mean,0.0,300,300,1.0,0.00018186330156113535,nan,0.010083452959484235,nan,0.010098657945490086,0,0,0,0
normal,norm_estandar,10000,P5,5,2,A,sd,1.0,300,300,1.0,-0.0008524991734022436,-0.0008524991734022436,0.008224476783569216,0.008224476783569216,0.008193842834152159,0,0,0,0
normal,norm_estandar,10000,P5,5,2,B,mean,0.0,300,299,0.9966666666666667,0.0004498694293278638,nan,0.011730240793333927,nan,0.011741261751949105,0,1,0,0
normal,norm_estandar,10000,P5,5,2,B,sd,1.0,300,299,0.9966666666666667,-0.0012014348032787225,-0.0012014348032787225,0.008706426666248495,0.008706426666248495,0.008637589050573274,0,1,0,0
normal,norm_estandar,10000,P5,5,2,Bg,mean,0.0,300,300,1.0,0.00018190877997372934,nan,0.010083486728127042,nan,0.010098690954213408,0,0,0,0
normal,norm_estandar,10000,P5,5,2,Bg,sd,1.0,300,300,1.0,-0.0008524936688233398,-0.0008524936688233398,0.008224447857216611,0.008224447857216611,0.008193814277167878,0,0,0,0
normal,norm_estandar,10000,P5,5,2,C,mean,0.0,300,0,0.0,nan,nan,nan,nan,nan,300,0,0,0
normal,norm_estandar,10000,P5,5,2,C,sd,1.0,300,0,0.0,nan,nan,nan,nan,nan,300,0,0,0
normal,norm_estandar,10000,P5,5,2,D,mean,0.0,300,300,1.0,0.0001437176619034066,nan,0.009932190672791571,nan,0.009947744242426051,0,0,0,0
normal,norm_estandar,10000,P5,5,2,D,sd,1.0,300,300,1.0,-0.0010868136224356784,-0.0010868136224356784,0.008619494472015548,0.008619494472015548,0.008564989858377448,0,0,0,0
normal,norm_estandar,10000,Pmk,2,2,A,mean,0.0,300,300,1.0,-0.00017160401389355534,nan,0.010838277303596747,nan,0.010855025513638764,0,0,0,0
normal,norm_estandar,10000,Pmk,2,2,A,sd,1.0,300,300,1.0,-0.001488273696483411,-0.001488273696483411,0.011560461444450488,0.011560461444450488,0.011483417310338993,0,0,0,0
normal,norm_estandar,10000,Pmk,2,2,B,mean,0.0,300,300,1.0,-0.00017158240282855292,nan,0.010838288385774532,nan,0.010855036958488681,0,0,0,0
normal,norm_estandar,10000,Pmk,2,2,B,sd,1.0,300,300,1.0,-0.0014888527547198827,-0.0014888527547198827,0.011560418319886046,0.011560418319886046,0.011483298437973815,0,0,0,0
normal,norm_estandar,10000,Pmk,2,2,Bg,mean,0.0,300,300,1.0,-0.00017161630426571983,nan,0.010838265335385221,nan,0.010855013328975257,0,0,0,0
normal,norm_estandar,10000,Pmk,2,2,Bg,sd,1.0,300,300,1.0,-0.0014877042617907899,-0.0014877042617907899,0.011560581210544983,0.011560581210544983,0.011483612314701769,0,0,0,0
normal,norm_estandar,10000,Pmk,2,2,C,mean,0.0,300,0,0.0,nan,nan,nan,nan,nan,300,0,0,0
normal,norm_estandar,10000,Pmk,2,2,C,sd,1.0,300,0,0.0,nan,nan,nan,nan,nan,300,0,0,0
normal,norm_estandar,10000,Pmk,2,2,D,mean,0.0,300,300,1.0,-0.00017170365903965092,nan,0.010837518281362184,nan,0.01085426354677313,0,0,0,0
normal,norm_estandar,10000,Pmk,2,2,D,sd,1.0,300,300,1.0,-0.0014893453040136784,-0.0014893453040136784,0.011559650751423572,0.011559650751423572,0.011482459040307572,0,0,0,0
